1789972016.573697;m3-213;[INFO: RPL       ] probing fe80::b369  last tx 2 min ago
1789972016.574191;m3-213;[INFO: RPL       ] sending a unicast-DIO with rank 274 to fe80::b369
1789972016.614290;m3-216;[INFO: RPL       ] received a unicast-DIO from fe80::8472, instance_id 0, DAG ID fd00::a379, version 240, dtsn 240, rank 274
1789972016.621289;m3-213;[INFO: RPL       ] packet sent to 0200.0000.0000.b369, status 0, tx 1, new link metric 224
1789972017.063224;m3-209;[INFO: App       ] Sending request 14 to fd00::a379
1789972017.063720;m3-209;[INFO: RPL       ] creating hop-by-hop option
1789972017.078975;m3-209;[INFO: RPL       ] packet sent to 0200.0000.0000.a379, status 0, tx 1, new link metric 134
1789972017.083738;m3-207;[INFO: RPL       ] ext hdr: packet from fd00::b379 to fd00::a379 going up, sender closer 0 (263 < 128), rank error 0, loop detected 0
1789972017.084122;m3-207;[INFO: RPL       ] ext hdr: packet from fd00::b379 to fd00::a379 going up, sender closer 0 (263 < 128), rank error 0, loop detected 0
1789972017.099514;m3-207;[INFO: App       ] Received request 'hello 14' from fd00::b379
1789972017.099894;m3-207;[INFO: App       ] Sending response.
1789972017.100164;m3-207;[INFO: RPL       ] SRH creating source routing header with destination fd00::b379 
1789972017.100270;m3-207;[INFO: RPL       ] SRH path len: 0, ComprI 15, ComprE 15, ext len 8 (padding 0)
1789972017.110909;m3-209;[INFO: App       ] Received response 'hello 14' from fd00::a379
1789972017.115399;m3-207;[INFO: RPL       ] packet sent to 0200.0000.0000.b379, status 0, tx 1, new link metric 138
1789972018.091045;m3-214;[INFO: App       ] Sending request 14 to fd00::a379
1789972018.106811;m3-214;[INFO: RPL       ] creating hop-by-hop option
1789972018.106984;m3-214;[INFO: RPL       ] packet sent to 0200.0000.0000.a379, status 0, tx 1, new link metric 134
1789972018.107135;m3-207;[INFO: RPL       ] ext hdr: packet from fd00::9567 to fd00::a379 going up, sender closer 0 (263 < 128), rank error 0, loop detected 0
1789972018.123320;m3-207;[INFO: RPL       ] ext hdr: packet from fd00::9567 to fd00::a379 going up, sender closer 0 (263 < 128), rank error 0, loop detected 0
1789972018.123707;m3-207;[INFO: App       ] Received request 'hello 14' from fd00::9567
1789972018.123982;m3-207;[INFO: App       ] Sending response.
1789972018.124086;m3-207;[INFO: RPL       ] SRH creating source routing header with destination fd00::9567 
1789972018.124171;m3-207;[INFO: RPL       ] SRH path len: 0, ComprI 15, ComprE 15, ext len 8 (padding 0)
1789972018.129959;m3-218;[INFO: App       ] Sending request 14 to fd00::a379
1789972018.130343;m3-218;[INFO: RPL       ] creating hop-by-hop option
1789972018.139247;m3-207;[INFO: RPL       ] ext hdr: packet from fd00::b582 to fd00::a379 going up, sender closer 0 (263 < 128), rank error 0, loop detected 0
1789972018.145783;m3-218;[INFO: RPL       ] packet sent to 0200.0000.0000.a379, status 0, tx 1, new link metric 134
1789972018.155290;m3-207;[INFO: RPL       ] ext hdr: packet from fd00::b582 to fd00::a379 going up, sender closer 0 (263 < 128), rank error 0, loop detected 0
1789972018.155530;m3-207;[INFO: App       ] Received request 'hello 14' from fd00::b582
1789972018.155633;m3-207;[INFO: App       ] Sending response.
1789972018.155710;m3-207;[INFO: RPL       ] SRH creating source routing header with destination fd00::b582 
1789972018.155786;m3-207;[INFO: RPL       ] SRH path len: 0, ComprI 15, ComprE 15, ext len 8 (padding 0)
1789972018.170659;m3-214;[INFO: App       ] Received response 'hello 14' from fd00::a379
1789972018.171109;m3-207;[INFO: RPL       ] packet sent to 0200.0000.0000.9567, status 0, tx 1, new link metric 138
1789972018.209635;m3-218;[INFO: App       ] Received response 'hello 14' from fd00::a379
1789972018.219211;m3-207;[INFO: RPL       ] packet sent to 0200.0000.0000.b582, status 0, tx 1, new link metric 138
1789972018.998084;m3-216;[INFO: App       ] Sending request 15 to fd00::a379
1789972018.998266;m3-216;[INFO: RPL       ] creating hop-by-hop option
1789972019.061871;m3-216;[INFO: RPL       ] packet sent to 0200.0000.0000.a379, status 0, tx 1, new link metric 133
1789972019.067483;m3-207;[INFO: RPL       ] ext hdr: packet from fd00::b369 to fd00::a379 going up, sender closer 0 (262 < 128), rank error 0, loop detected 0
1789972019.067669;m3-207;[INFO: RPL       ] ext hdr: packet from fd00::b369 to fd00::a379 going up, sender closer 0 (262 < 128), rank error 0, loop detected 0
1789972019.067776;m3-207;[INFO: App       ] Received request 'hello 15' from fd00::b369
1789972019.067856;m3-207;[INFO: App       ] Sending response.
1789972019.083259;m3-207;[INFO: RPL       ] SRH creating source routing header with destination fd00::b369 
1789972019.083649;m3-207;[INFO: RPL       ] SRH path len: 0, ComprI 15, ComprE 15, ext len 8 (padding 0)
1789972019.093827;m3-216;[INFO: App       ] Received response 'hello 15' from fd00::a379
1789972019.099008;m3-207;[INFO: RPL       ] packet sent to 0200.0000.0000.b369, status 0, tx 1, new link metric 137
1789972020.148077;m3-210;[INFO: App       ] Sending request 14 to fd00::a379
1789972020.148154;m3-210;[INFO: RPL       ] creating hop-by-hop option
1789972020.163838;m3-210;[INFO: RPL       ] packet sent to 0200.0000.0000.a379, status 0, tx 1, new link metric 137
1789972020.169990;m3-207;[INFO: RPL       ] ext hdr: packet from fd00::c081 to fd00::a379 going up, sender closer 0 (266 < 128), rank error 0, loop detected 0
1789972020.170030;m3-207;[INFO: RPL       ] ext hdr: packet from fd00::c081 to fd00::a379 going up, sender closer 0 (266 < 128), rank error 0, loop detected 0
1789972020.170057;m3-207;[INFO: App       ] Received request 'hello 14' from fd00::c081
1789972020.170078;m3-207;[INFO: App       ] Sending response.
1789972020.170097;m3-207;[INFO: RPL       ] SRH creating source routing header with destination fd00::c081 
1789972020.184845;m3-207;[INFO: RPL       ] SRH path len: 0, ComprI 15, ComprE 15, ext len 8 (padding 0)
1789972020.232815;m3-207;[INFO: RPL       ] packet sent to 0200.0000.0000.c081, status 0, tx 1, new link metric 138
1789972020.243782;m3-210;[INFO: App       ] Received response 'hello 14' from fd00::a379
1789972020.331637;m3-220;[INFO: App       ] Sending request 15 to fd00::a379
1789972020.331678;m3-220;[INFO: RPL       ] creating hop-by-hop option
1789972020.392901;m3-207;[INFO: RPL       ] ext hdr: packet from fd00::2160 to fd00::a379 going up, sender closer 0 (266 < 128), rank error 0, loop detected 0
1789972020.392962;m3-207;[INFO: RPL       ] ext hdr: packet from fd00::2160 to fd00::a379 going up, sender closer 0 (266 < 128), rank error 0, loop detected 0
1789972020.395430;m3-220;[INFO: RPL       ] packet sent to 0200.0000.0000.a379, status 0, tx 1, new link metric 137
1789972020.408855;m3-207;[INFO: App       ] Received request 'hello 15' from fd00::2160
1789972020.408891;m3-207;[INFO: App       ] Sending response.
1789972020.408930;m3-207;[INFO: RPL       ] SRH creating source routing header with destination fd00::2160 
1789972020.408952;m3-207;[INFO: RPL       ] SRH path len: 0, ComprI 15, ComprE 15, ext len 8 (padding 0)
1789972020.424822;m3-207;[INFO: RPL       ] packet sent to 0200.0000.0000.2160, status 0, tx 1, new link metric 137
1789972020.427368;m3-220;[INFO: App       ] Received response 'hello 15' from fd00::a379
1789972020.639755;m3-212;[INFO: App       ] Sending request 14 to fd00::a379
1789972020.639801;m3-212;[INFO: RPL       ] creating hop-by-hop option
1789972020.671532;m3-212;[INFO: RPL       ] packet sent to 0200.0000.0000.a379, status 0, tx 1, new link metric 134
1789972020.677871;m3-207;[INFO: RPL       ] ext hdr: packet from fd00::b280 to fd00::a379 going up, sender closer 0 (263 < 128), rank error 0, loop detected 0
1789972020.677910;m3-207;[INFO: RPL       ] ext hdr: packet from fd00::b280 to fd00::a379 going up, sender closer 0 (263 < 128), rank error 0, loop detected 0
1789972020.677936;m3-207;[INFO: App       ] Received request 'hello 14' from fd00::b280
1789972020.677957;m3-207;[INFO: App       ] Sending response.
1789972020.677976;m3-207;[INFO: RPL       ] SRH creating source routing header with destination fd00::b280 
1789972020.693730;m3-207;[INFO: RPL       ] SRH path len: 0, ComprI 15, ComprE 15, ext len 8 (padding 0)
1789972020.693767;m3-207;[INFO: RPL       ] packet sent to 0200.0000.0000.b280, status 0, tx 1, new link metric 138
1789972020.703433;m3-212;[INFO: App       ] Received response 'hello 14' from fd00::a379
1789972021.593647;m3-221;[INFO: App       ] Sending request 14 to fd00::a379
1789972021.593718;m3-221;[INFO: RPL       ] creating hop-by-hop option
1789972021.637009;m3-207;[INFO: RPL       ] ext hdr: packet from fd00::9981 to fd00::a379 going up, sender closer 0 (263 < 128), rank error 0, loop detected 0
1789972021.637055;m3-207;[INFO: RPL       ] ext hdr: packet from fd00::9981 to fd00::a379 going up, sender closer 0 (263 < 128), rank error 0, loop detected 0
1789972021.637083;m3-207;[INFO: App       ] Received request 'hello 14' from fd00::9981
1789972021.637104;m3-207;[INFO: App       ] Sending response.
1789972021.637130;m3-207;[INFO: RPL       ] SRH creating source routing header with destination fd00::9981 
1789972021.641388;m3-221;[INFO: RPL       ] packet sent to 0200.0000.0000.a379, status 0, tx 1, new link metric 134
1789972021.652674;m3-207;[INFO: RPL       ] SRH path len: 0, ComprI 15, ComprE 15, ext len 8 (padding 0)
1789972021.652712;m3-207;[INFO: RPL       ] packet sent to 0200.0000.0000.9981, status 0, tx 1, new link metric 138
1789972021.657384;m3-221;[INFO: App       ] Received response 'hello 14' from fd00::a379
1789972021.740785;m3-213;[INFO: App       ] Sending request 15 to fd00::a379
1789972021.748631;m3-207;[INFO: RPL       ] ext hdr: packet from fd00::8472 to fd00::a379 going up, sender closer 0 (274 < 128), rank error 0, loop detected 0
1789972021.756614;m3-213;[INFO: RPL       ] creating hop-by-hop option
1789972021.756651;m3-213;[INFO: RPL       ] packet sent to 0200.0000.0000.a379, status 0, tx 1, new link metric 144
1789972021.764698;m3-207;[INFO: RPL       ] ext hdr: packet from fd00::8472 to fd00::a379 going up, sender closer 0 (274 < 128), rank error 0, loop detected 0
1789972021.764733;m3-207;[INFO: App       ] Received request 'hello 15' from fd00::8472
1789972021.764755;m3-207;[INFO: App       ] Sending response.
1789972021.764774;m3-207;[INFO: RPL       ] SRH creating source routing header with destination fd00::8472 
1789972021.764793;m3-207;[INFO: RPL       ] SRH path len: 0, ComprI 15, ComprE 15, ext len 8 (padding 0)
1789972021.764828;m3-207;[INFO: RPL       ] packet sent to 0200.0000.0000.8472, status 0, tx 1, new link metric 147
1789972021.772550;m3-213;[INFO: App       ] Received response 'hello 15' from fd00::a379
1789972022.226039;m3-211;[INFO: App       ] Sending request 15 to fd00::a379
1789972022.226090;m3-211;[INFO: RPL       ] creating hop-by-hop option
1789972022.257817;m3-211;[INFO: RPL       ] packet sent to 0200.0000.0000.a379, status 0, tx 1, new link metric 133
1789972022.260760;m3-207;[INFO: RPL       ] ext hdr: packet from fd00::8875 to fd00::a379 going up, sender closer 0 (262 < 128), rank error 0, loop detected 0
1789972022.276676;m3-207;[INFO: RPL       ] ext hdr: packet from fd00::8875 to fd00::a379 going up, sender closer 0 (262 < 128), rank error 0, loop detected 0
1789972022.276718;m3-207;[INFO: App       ] Received request 'hello 15' from fd00::8875
1789972022.276741;m3-207;[INFO: App       ] Sending response.
1789972022.276760;m3-207;[INFO: RPL       ] SRH creating source routing header with destination fd00::8875 
1789972022.276779;m3-207;[INFO: RPL       ] SRH path len: 0, ComprI 15, ComprE 15, ext len 8 (padding 0)
1789972022.321615;m3-211;[INFO: App       ] Received response 'hello 15' from fd00::a379
1789972022.324585;m3-207;[INFO: RPL       ] packet sent to 0200.0000.0000.8875, status 0, tx 1, new link metric 137
1789972022.724717;m3-207;[INFO: RPL       ] ext hdr: packet from fd00::9076 to fd00::a379 going up, sender closer 0 (262 < 128), rank error 0, loop detected 0
1789972022.728236;m3-208;[INFO: App       ] Sending request 15 to fd00::a379
1789972022.728272;m3-208;[INFO: RPL       ] creating hop-by-hop option
1789972022.728295;m3-208;[INFO: RPL       ] packet sent to 0200.0000.0000.a379, status 0, tx 1, new link metric 133
1789972022.740656;m3-207;[INFO: RPL       ] ext hdr: packet from fd00::9076 to fd00::a379 going up, sender closer 0 (262 < 128), rank error 0, loop detected 0
1789972022.740704;m3-207;[INFO: App       ] Received request 'hello 15' from fd00::9076
1789972022.740730;m3-207;[INFO: App       ] Sending response.
1789972022.740751;m3-207;[INFO: RPL       ] SRH creating source routing header with destination fd00::9076 
1789972022.740772;m3-207;[INFO: RPL       ] SRH path len: 0, ComprI 15, ComprE 15, ext len 8 (padding 0)
1789972022.792106;m3-208;[INFO: App       ] Received response 'hello 15' from fd00::a379
1789972022.804581;m3-207;[INFO: RPL       ] packet sent to 0200.0000.0000.9076, status 0, tx 1, new link metric 137
1789972023.017424;m3-221;[INFO: RPL       ] probing fe80::b481  last tx 0 min ago
1789972023.017492;m3-221;[INFO: RPL       ] sending a unicast-DIO with rank 262 to fe80::b481
1789972023.049248;m3-221;[INFO: RPL       ] packet sent to 0200.0000.0000.b481, status 0, tx 1, new link metric 200
1789972023.054031;m3-219;[INFO: RPL       ] received a unicast-DIO from fe80::9981, instance_id 0, DAG ID fd00::a379, version 240, dtsn 240, rank 262
1789972023.774067;m3-219;[INFO: App       ] Sending request 15 to fd00::a379
1789972023.774120;m3-219;[INFO: RPL       ] creating hop-by-hop option
1789972023.789970;m3-219;[INFO: RPL       ] packet sent to 0200.0000.0000.a379, status 0, tx 1, new link metric 133
1789972023.797385;m3-207;[INFO: RPL       ] ext hdr: packet from fd00::b481 to fd00::a379 going up, sender closer 0 (262 < 128), rank error 0, loop detected 0
1789972023.797426;m3-207;[INFO: RPL       ] ext hdr: packet from fd00::b481 to fd00::a379 going up, sender closer 0 (262 < 128), rank error 0, loop detected 0
1789972023.797452;m3-207;[INFO: App       ] Received request 'hello 15' from fd00::b481
1789972023.797474;m3-207;[INFO: App       ] Sending response.
1789972023.812461;m3-207;[INFO: RPL       ] SRH creating source routing header with destination fd00::b481 
1789972023.812495;m3-207;[INFO: RPL       ] SRH path len: 0, ComprI 15, ComprE 15, ext len 8 (padding 0)
1789972023.821948;m3-219;[INFO: App       ] Received response 'hello 15' from fd00::a379
1789972023.828412;m3-207;[INFO: RPL       ] packet sent to 0200.0000.0000.b481, status 0, tx 1, new link metric 137
1789972024.343935;m3-215;[INFO: App       ] Sending request 15 to fd00::a379
1789972024.343992;m3-215;[INFO: RPL       ] creating hop-by-hop option
1789972024.375712;m3-215;[INFO: RPL       ] packet sent to 0200.0000.0000.a379, status 0, tx 1, new link metric 133
1789972024.388513;m3-207;[INFO: RPL       ] ext hdr: packet from fd00::9175 to fd00::a379 going up, sender closer 0 (262 < 128), rank error 0, loop detected 0
1789972024.388555;m3-207;[INFO: RPL       ] ext hdr: packet from fd00::9175 to fd00::a379 going up, sender closer 0 (262 < 128), rank error 0, loop detected 0
1789972024.388581;m3-207;[INFO: App       ] Received request 'hello 15' from fd00::9175
1789972024.388602;m3-207;[INFO: App       ] Sending response.
1789972024.388621;m3-207;[INFO: RPL       ] SRH creating source routing header with destination fd00::9175 
1789972024.388641;m3-207;[INFO: RPL       ] SRH path len: 0, ComprI 15, ComprE 15, ext len 8 (padding 0)
1789972024.420430;m3-207;[INFO: RPL       ] packet sent to 0200.0000.0000.9175, status 0, tx 1, new link metric 137
1789972024.423687;m3-215;[INFO: App       ] Received response 'hello 15' from fd00::a379
1789972024.898706;m3-217;[INFO: App       ] Sending request 14 to fd00::a379
1789972024.898759;m3-217;[INFO: RPL       ] creating hop-by-hop option
1789972024.928704;m3-207;[INFO: RPL       ] ext hdr: packet from fd00::9871 to fd00::a379 going up, sender closer 0 (263 < 128), rank error 0, loop detected 0
1789972024.928752;m3-207;[INFO: RPL       ] ext hdr: packet from fd00::9871 to fd00::a379 going up, sender closer 0 (263 < 128), rank error 0, loop detected 0
1789972024.928778;m3-207;[INFO: App       ] Received request 'hello 14' from fd00::9871
1789972024.928799;m3-207;[INFO: App       ] Sending response.
1789972024.928833;m3-207;[INFO: RPL       ] SRH creating source routing header with destination fd00::9871 
1789972024.930490;m3-217;[INFO: RPL       ] packet sent to 0200.0000.0000.a379, status 0, tx 1, new link metric 134
1789972024.944465;m3-207;[INFO: RPL       ] SRH path len: 0, ComprI 15, ComprE 15, ext len 8 (padding 0)
1789972024.960292;m3-207;[INFO: RPL       ] packet sent to 0200.0000.0000.9871, status 0, tx 1, new link metric 138
1789972024.962575;m3-217;[INFO: App       ] Received response 'hello 14' from fd00::a379
1789972027.301906;m3-209;[INFO: App       ] Sending request 15 to fd00::a379
1789972027.301968;m3-209;[INFO: RPL       ] creating hop-by-hop option
1789972027.344336;m3-207;[INFO: RPL       ] ext hdr: packet from fd00::b379 to fd00::a379 going up, sender closer 0 (262 < 128), rank error 0, loop detected 0
1789972027.344397;m3-207;[INFO: RPL       ] ext hdr: packet from fd00::b379 to fd00::a379 going up, sender closer 0 (262 < 128), rank error 0, loop detected 0
1789972027.344424;m3-207;[INFO: App       ] Received request 'hello 15' from fd00::b379
1789972027.344445;m3-207;[INFO: App       ] Sending response.
1789972027.349750;m3-209;[INFO: RPL       ] packet sent to 0200.0000.0000.a379, status 0, tx 1, new link metric 133
1789972027.360087;m3-207;[INFO: RPL       ] SRH creating source routing header with destination fd00::b379 
1789972027.360124;m3-207;[INFO: RPL       ] SRH path len: 0, ComprI 15, ComprE 15, ext len 8 (padding 0)
1789972027.397650;m3-209;[INFO: App       ] Received response 'hello 15' from fd00::a379
1789972027.408020;m3-207;[INFO: RPL       ] packet sent to 0200.0000.0000.b379, status 0, tx 1, new link metric 137
1789972028.416655;m3-218;[INFO: App       ] Sending request 15 to fd00::a379
1789972028.416709;m3-218;[INFO: RPL       ] creating hop-by-hop option
1789972028.432199;m3-207;[INFO: RPL       ] ext hdr: packet from fd00::b582 to fd00::a379 going up, sender closer 0 (262 < 128), rank error 0, loop detected 0
1789972028.432246;m3-207;[INFO: RPL       ] ext hdr: packet from fd00::b582 to fd00::a379 going up, sender closer 0 (262 < 128), rank error 0, loop detected 0
1789972028.432335;m3-218;[INFO: RPL       ] packet sent to 0200.0000.0000.a379, status 0, tx 1, new link metric 133
1789972028.448056;m3-207;[INFO: App       ] Received request 'hello 15' from fd00::b582
1789972028.448094;m3-207;[INFO: App       ] Sending response.
1789972028.448116;m3-207;[INFO: RPL       ] SRH creating source routing header with destination fd00::b582 
1789972028.448136;m3-207;[INFO: RPL       ] SRH path len: 0, ComprI 15, ComprE 15, ext len 8 (padding 0)
1789972028.511969;m3-207;[INFO: RPL       ] packet sent to 0200.0000.0000.b582, status 0, tx 1, new link metric 137
1789972028.512266;m3-218;[INFO: App       ] Received response 'hello 15' from fd00::a379
1789972028.537687;m3-214;[INFO: App       ] Sending request 15 to fd00::a379
1789972028.537722;m3-214;[INFO: RPL       ] creating hop-by-hop option
1789972028.585504;m3-214;[INFO: RPL       ] packet sent to 0200.0000.0000.a379, status 0, tx 1, new link metric 133
1789972028.591923;m3-207;[INFO: RPL       ] ext hdr: packet from fd00::9567 to fd00::a379 going up, sender closer 0 (262 < 128), rank error 0, loop detected 0
1789972028.591961;m3-207;[INFO: RPL       ] ext hdr: packet from fd00::9567 to fd00::a379 going up, sender closer 0 (262 < 128), rank error 0, loop detected 0
1789972028.591986;m3-207;[INFO: App       ] Received request 'hello 15' from fd00::9567
1789972028.592006;m3-207;[INFO: App       ] Sending response.
1789972028.592024;m3-207;[INFO: RPL       ] SRH creating source routing header with destination fd00::9567 
1789972028.607888;m3-207;[INFO: RPL       ] SRH path len: 0, ComprI 15, ComprE 15, ext len 8 (padding 0)
1789972028.633435;m3-214;[INFO: App       ] Received response 'hello 15' from fd00::a379
1789972028.639850;m3-207;[INFO: RPL       ] packet sent to 0200.0000.0000.9567, status 0, tx 1, new link metric 137
1789972028.900804;m3-216;[INFO: App       ] Sending request 16 to fd00::a379
1789972028.900865;m3-216;[INFO: RPL       ] creating hop-by-hop option
1789972028.910977;m3-207;[INFO: RPL       ] ext hdr: packet from fd00::b369 to fd00::a379 going up, sender closer 0 (261 < 128), rank error 0, loop detected 0
1789972028.911015;m3-207;[INFO: RPL       ] ext hdr: packet from fd00::b369 to fd00::a379 going up, sender closer 0 (261 < 128), rank error 0, loop detected 0
1789972028.911040;m3-207;[INFO: App       ] Received request 'hello 16' from fd00::b369
1789972028.911060;m3-207;[INFO: App       ] Sending response.
1789972028.911078;m3-207;[INFO: RPL       ] SRH creating source routing header with destination fd00::b369 
1789972028.921621;m3-216;[INFO: RPL       ] packet sent to 0200.0000.0000.a379, status 0, tx 1, new link metric 132
1789972028.925839;m3-207;[INFO: RPL       ] SRH path len: 0, ComprI 15, ComprE 15, ext len 8 (padding 0)
1789972028.964660;m3-216;[INFO: App       ] Received response 'hello 16' from fd00::a379
1789972028.973852;m3-207;[INFO: RPL       ] packet sent to 0200.0000.0000.b369, status 0, tx 1, new link metric 136
1789972029.650743;m3-210;[INFO: App       ] Sending request 15 to fd00::a379
1789972029.650806;m3-210;[INFO: RPL       ] creating hop-by-hop option
1789972029.661851;m3-207;[INFO: RPL       ] ext hdr: packet from fd00::c081 to fd00::a379 going up, sender closer 0 (265 < 128), rank error 0, loop detected 0
1789972029.666669;m3-210;[INFO: RPL       ] packet sent to 0200.0000.0000.a379, status 0, tx 1, new link metric 136
1789972029.677877;m3-207;[INFO: RPL       ] ext hdr: packet from fd00::c081 to fd00::a379 going up, sender closer 0 (265 < 128), rank error 0, loop detected 0
1789972029.677916;m3-207;[INFO: App       ] Received request 'hello 15' from fd00::c081
1789972029.677938;m3-207;[INFO: App       ] Sending response.
1789972029.677958;m3-207;[INFO: RPL       ] SRH creating source routing header with destination fd00::c081 
1789972029.677977;m3-207;[INFO: RPL       ] SRH path len: 0, ComprI 15, ComprE 15, ext len 8 (padding 0)
1789972029.730651;m3-210;[INFO: App       ] Received response 'hello 15' from fd00::a379
1789972029.745381;m3-207;[INFO: RPL       ] packet sent to 0200.0000.0000.c081, status 0, tx 1, new link metric 137
1789972030.506472;m3-220;[INFO: App       ] Sending request 16 to fd00::a379
1789972030.506544;m3-220;[INFO: RPL       ] creating hop-by-hop option
1789972030.522243;m3-220;[INFO: RPL       ] packet sent to 0200.0000.0000.a379, status 0, tx 1, new link metric 136
1789972030.525773;m3-207;[INFO: RPL       ] ext hdr: packet from fd00::2160 to fd00::a379 going up, sender closer 0 (265 < 128), rank error 0, loop detected 0
1789972030.525811;m3-207;[INFO: RPL       ] ext hdr: packet from fd00::2160 to fd00::a379 going up, sender closer 0 (265 < 128), rank error 0, loop detected 0
1789972030.525836;m3-207;[INFO: App       ] Received request 'hello 16' from fd00::2160
1789972030.525856;m3-207;[INFO: App       ] Sending response.
1789972030.525874;m3-207;[INFO: RPL       ] SRH creating source routing header with destination fd00::2160 
1789972030.525909;m3-207;[INFO: RPL       ] SRH path len: 0, ComprI 15, ComprE 15, ext len 8 (padding 0)
1789972030.586195;m3-220;[INFO: App       ] Received response 'hello 16' from fd00::a379
1789972030.589646;m3-207;[INFO: RPL       ] packet sent to 0200.0000.0000.2160, status 0, tx 1, new link metric 136
1789972031.296932;m3-211;[INFO: App       ] Sending request 16 to fd00::a379
1789972031.297002;m3-211;[INFO: RPL       ] creating hop-by-hop option
1789972031.336584;m3-221;[INFO: App       ] Sending request 15 to fd00::a379
1789972031.336619;m3-221;[INFO: RPL       ] creating hop-by-hop option
1789972031.356763;m3-207;[INFO: RPL       ] ext hdr: packet from fd00::8875 to fd00::a379 going up, sender closer 0 (261 < 128), rank error 0, loop detected 0
1789972031.356802;m3-207;[INFO: RPL       ] ext hdr: packet from fd00::8875 to fd00::a379 going up, sender closer 0 (261 < 128), rank error 0, loop detected 0
1789972031.356826;m3-207;[INFO: App       ] Received request 'hello 16' from fd00::8875
1789972031.356846;m3-207;[INFO: App       ] Sending response.
1789972031.356864;m3-207;[INFO: RPL       ] SRH creating source routing header with destination fd00::8875 
1789972031.360711;m3-211;[INFO: RPL       ] packet sent to 0200.0000.0000.a379, status 0, tx 1, new link metric 132
1789972031.368320;m3-221;[INFO: RPL       ] packet sent to 0200.0000.0000.a379, status 0, tx 1, new link metric 133
1789972031.371736;m3-207;[INFO: RPL       ] SRH path len: 0, ComprI 15, ComprE 15, ext len 8 (padding 0)
1789972031.371767;m3-207;[INFO: RPL       ] packet sent to 0200.0000.0000.8875, status 0, tx 1, new link metric 136
1789972031.371789;m3-207;[INFO: RPL       ] ext hdr: packet from fd00::9981 to fd00::a379 going up, sender closer 0 (262 < 128), rank error 0, loop detected 0
1789972031.371810;m3-207;[INFO: RPL       ] ext hdr: packet from fd00::9981 to fd00::a379 going up, sender closer 0 (262 < 128), rank error 0, loop detected 0
1789972031.376661;m3-211;[INFO: App       ] Received response 'hello 16' from fd00::a379
1789972031.387650;m3-207;[INFO: App       ] Received request 'hello 15' from fd00::9981
1789972031.387684;m3-207;[INFO: App       ] Sending response.
1789972031.387705;m3-207;[INFO: RPL       ] SRH creating source routing header with destination fd00::9981 
1789972031.387727;m3-207;[INFO: RPL       ] SRH path len: 0, ComprI 15, ComprE 15, ext len 8 (padding 0)
1789972031.448264;m3-221;[INFO: App       ] Received response 'hello 15' from fd00::a379
1789972031.451604;m3-207;[INFO: RPL       ] packet sent to 0200.0000.0000.9981, status 0, tx 1, new link metric 137
1789972031.486595;m3-212;[INFO: App       ] Sending request 15 to fd00::a379
1789972031.486631;m3-212;[INFO: RPL       ] creating hop-by-hop option
1789972031.518311;m3-212;[INFO: RPL       ] packet sent to 0200.0000.0000.a379, status 0, tx 1, new link metric 133
1789972031.527937;m3-207;[INFO: RPL       ] ext hdr: packet from fd00::b280 to fd00::a379 going up, sender closer 0 (262 < 128), rank error 0, loop detected 0
1789972031.527974;m3-207;[INFO: RPL       ] ext hdr: packet from fd00::b280 to fd00::a379 going up, sender closer 0 (262 < 128), rank error 0, loop detected 0
1789972031.527998;m3-207;[INFO: App       ] Received request 'hello 15' from fd00::b280
1789972031.528018;m3-207;[INFO: App       ] Sending response.
1789972031.528037;m3-207;[INFO: RPL       ] SRH creating source routing header with destination fd00::b280 
1789972031.543566;m3-207;[INFO: RPL       ] SRH path len: 0, ComprI 15, ComprE 15, ext len 8 (padding 0)
1789972031.591583;m3-207;[INFO: RPL       ] packet sent to 0200.0000.0000.b280, status 0, tx 1, new link metric 137
1789972031.598269;m3-212;[INFO: App       ] Received response 'hello 15' from fd00::a379
1789972031.927358;m3-208;[INFO: App       ] Sending request 16 to fd00::a379
1789972031.927407;m3-208;[INFO: RPL       ] creating hop-by-hop option
1789972031.927465;m3-207;[INFO: RPL       ] ext hdr: packet from fd00::8472 to fd00::a379 going up, sender closer 0 (272 < 128), rank error 0, loop detected 0
1789972031.931663;m3-213;[INFO: App       ] Sending request 16 to fd00::a379
1789972031.931695;m3-213;[INFO: RPL       ] creating hop-by-hop option
1789972031.931717;m3-213;[INFO: RPL       ] packet sent to 0200.0000.0000.a379, status 0, tx 1, new link metric 142
1789972031.940924;m3-207;[INFO: RPL       ] ext hdr: packet from fd00::8472 to fd00::a379 going up, sender closer 0 (272 < 128), rank error 0, loop detected 0
1789972031.940960;m3-207;[INFO: App       ] Received request 'hello 16' from fd00::8472
1789972031.940982;m3-207;[INFO: App       ] Sending response.
1789972031.941001;m3-207;[INFO: RPL       ] SRH creating source routing header with destination fd00::8472 
1789972031.941020;m3-207;[INFO: RPL       ] SRH path len: 0, ComprI 15, ComprE 15, ext len 8 (padding 0)
1789972031.956803;m3-207;[INFO: RPL       ] ext hdr: packet from fd00::9076 to fd00::a379 going up, sender closer 0 (261 < 128), rank error 0, loop detected 0
1789972031.956841;m3-207;[INFO: RPL       ] ext hdr: packet from fd00::9076 to fd00::a379 going up, sender closer 0 (261 < 128), rank error 0, loop detected 0
1789972031.956865;m3-207;[INFO: App       ] Received request 'hello 16' from fd00::9076
1789972031.956885;m3-207;[INFO: App       ] Sending response.
1789972031.956903;m3-207;[INFO: RPL       ] SRH creating source routing header with destination fd00::9076 
1789972031.956939;m3-207;[INFO: RPL       ] SRH path len: 0, ComprI 15, ComprE 15, ext len 8 (padding 0)
1789972031.959261;m3-208;[INFO: App       ] Received response 'hello 16' from fd00::a379
1789972031.972617;m3-207;[INFO: RPL       ] packet sent to 0200.0000.0000.9076, status 0, tx 1, new link metric 136
1789972031.979550;m3-213;[INFO: App       ] Received response 'hello 16' from fd00::a379
1789972031.988583;m3-207;[INFO: RPL       ] packet sent to 0200.0000.0000.8472, status 0, tx 1, new link metric 145
1789972031.991055;m3-208;[INFO: RPL       ] packet sent to 0200.0000.0000.a379, status 0, tx 4, new link metric 170
1789972034.326806;m3-215;[INFO: App       ] Sending request 16 to fd00::a379
1789972034.326863;m3-215;[INFO: RPL       ] creating hop-by-hop option
1789972034.340549;m3-207;[INFO: RPL       ] ext hdr: packet from fd00::9175 to fd00::a379 going up, sender closer 0 (261 < 128), rank error 0, loop detected 0
1789972034.340589;m3-207;[INFO: RPL       ] ext hdr: packet from fd00::9175 to fd00::a379 going up, sender closer 0 (261 < 128), rank error 0, loop detected 0
1789972034.340614;m3-207;[INFO: App       ] Received request 'hello 16' from fd00::9175
1789972034.340633;m3-207;[INFO: App       ] Sending response.
1789972034.342644;m3-215;[INFO: RPL       ] packet sent to 0200.0000.0000.a379, status 0, tx 1, new link metric 132
1789972034.356293;m3-207;[INFO: RPL       ] SRH creating source routing header with destination fd00::9175 
1789972034.356327;m3-207;[INFO: RPL       ] SRH path len: 0, ComprI 15, ComprE 15, ext len 8 (padding 0)
1789972034.404257;m3-207;[INFO: RPL       ] packet sent to 0200.0000.0000.9175, status 0, tx 1, new link metric 136
1789972034.406537;m3-215;[INFO: App       ] Received response 'hello 16' from fd00::a379
1789972034.605128;m3-219;[INFO: App       ] Sending request 16 to fd00::a379
1789972034.605190;m3-219;[INFO: RPL       ] creating hop-by-hop option
1789972034.613384;m3-207;[INFO: RPL       ] ext hdr: packet from fd00::b481 to fd00::a379 going up, sender closer 0 (261 < 128), rank error 0, loop detected 0
1789972034.620955;m3-219;[INFO: RPL       ] packet sent to 0200.0000.0000.a379, status 0, tx 1, new link metric 132
1789972034.628296;m3-207;[INFO: RPL       ] ext hdr: packet from fd00::b481 to fd00::a379 going up, sender closer 0 (261 < 128), rank error 0, loop detected 0
1789972034.628332;m3-207;[INFO: App       ] Received request 'hello 16' from fd00::b481
1789972034.628354;m3-207;[INFO: App       ] Sending response.
1789972034.628373;m3-207;[INFO: RPL       ] SRH creating source routing header with destination fd00::b481 
1789972034.628392;m3-207;[INFO: RPL       ] SRH path len: 0, ComprI 15, ComprE 15, ext len 8 (padding 0)
1789972034.668894;m3-219;[INFO: App       ] Received response 'hello 16' from fd00::a379
1789972034.676220;m3-207;[INFO: RPL       ] packet sent to 0200.0000.0000.b481, status 0, tx 1, new link metric 136
1789972034.817688;m3-217;[INFO: App       ] Sending request 15 to fd00::a379
1789972034.817736;m3-217;[INFO: RPL       ] creating hop-by-hop option
1789972034.848596;m3-207;[INFO: RPL       ] ext hdr: packet from fd00::9871 to fd00::a379 going up, sender closer 0 (262 < 128), rank error 0, loop detected 0
1789972034.848637;m3-207;[INFO: RPL       ] ext hdr: packet from fd00::9871 to fd00::a379 going up, sender closer 0 (262 < 128), rank error 0, loop detected 0
1789972034.848663;m3-207;[INFO: App       ] Received request 'hello 15' from fd00::9871
1789972034.848684;m3-207;[INFO: App       ] Sending response.
1789972034.848702;m3-207;[INFO: RPL       ] SRH creating source routing header with destination fd00::9871 
1789972034.849365;m3-217;[INFO: RPL       ] packet sent to 0200.0000.0000.a379, status 0, tx 1, new link metric 133
1789972034.864189;m3-207;[INFO: RPL       ] SRH path len: 0, ComprI 15, ComprE 15, ext len 8 (padding 0)
1789972034.880230;m3-207;[INFO: RPL       ] packet sent to 0200.0000.0000.9871, status 0, tx 1, new link metric 137
1789972034.881513;m3-217;[INFO: App       ] Received response 'hello 15' from fd00::a379
1789972035.227268;m3-213;[INFO: RPL       ] nbr: own state, addr fd00::8472, DAG state: reachable, MOP 1 OCP 1 rank 270 max-rank 1288, dioint 17, nbr count 14 (Periodic)
1789972035.230055;m3-212;[INFO: RPL       ] nbr: own state, addr fd00::b280, DAG state: reachable, MOP 1 OCP 1 rank 261 max-rank 1285, dioint 17, nbr count 14 (Periodic)
1789972035.231803;m3-218;[INFO: RPL       ] nbr: own state, addr fd00::b582, DAG state: reachable, MOP 1 OCP 1 rank 261 max-rank 1285, dioint 17, nbr count 14 (Periodic)
1789972035.232321;m3-207;[INFO: RPL       ] nbr: own state, addr fd00::a379, DAG state: reachable, MOP 1 OCP 1 rank 128 max-rank 65535, dioint 17, nbr count 14 (Periodic)
1789972035.232468;m3-211;[INFO: RPL       ] nbr: own state, addr fd00::8875, DAG state: reachable, MOP 1 OCP 1 rank 260 max-rank 1284, dioint 17, nbr count 14 (Periodic)
1789972035.233429;m3-217;[INFO: RPL       ] nbr: own state, addr fd00::9871, DAG state: reachable, MOP 1 OCP 1 rank 261 max-rank 1285, dioint 17, nbr count 14 (Periodic)
1789972035.234237;m3-210;[INFO: RPL       ] nbr: own state, addr fd00::c081, DAG state: reachable, MOP 1 OCP 1 rank 264 max-rank 1288, dioint 17, nbr count 14 (Periodic)
1789972035.236065;m3-216;[INFO: RPL       ] nbr: own state, addr fd00::b369, DAG state: reachable, MOP 1 OCP 1 rank 260 max-rank 1284, dioint 17, nbr count 14 (Periodic)
1789972035.236099;m3-216;[INFO: RPL       ] nbr: fe80::a379  128,   132 =>   260 -- 16 rbafp (last tx 0 min ago)
1789972035.237003;m3-209;[INFO: RPL       ] nbr: own state, addr fd00::b379, DAG state: reachable, MOP 1 OCP 1 rank 261 max-rank 1285, dioint 17, nbr count 14 (Periodic)
1789972035.237041;m3-209;[INFO: RPL       ] nbr: fe80::a379  128,   133 =>   261 -- 16 rbafp (last tx 0 min ago)
1789972035.238584;m3-215;[INFO: RPL       ] nbr: own state, addr fd00::9175, DAG state: reachable, MOP 1 OCP 1 rank 260 max-rank 1284, dioint 17, nbr count 14 (Periodic)
1789972035.238616;m3-215;[INFO: RPL       ] nbr: fe80::a379  128,   132 =>   260 -- 16 rbafp (last tx 0 min ago)
1789972035.238638;m3-215;[INFO: RPL       ] nbr: fe80::b369  265,   256 =>   521 --  0   a   (no tx)
1789972035.238914;m3-208;[INFO: RPL       ] nbr: own state, addr fd00::9076, DAG state: reachable, MOP 1 OCP 1 rank 298 max-rank 1285, dioint 17, nbr count 14 (Periodic)
1789972035.238942;m3-208;[INFO: RPL       ] nbr: fe80::a379  128,   170 =>   298 -- 16 rbafp (last tx 0 min ago)
1789972035.240000;m3-221;[INFO: RPL       ] nbr: own state, addr fd00::9981, DAG state: reachable, MOP 1 OCP 1 rank 261 max-rank 1285, dioint 17, nbr count 14 (Periodic)
1789972035.240034;m3-221;[INFO: RPL       ] nbr: fe80::a379  128,   133 =>   261 -- 16 rbafp (last tx 0 min ago)
1789972035.240057;m3-221;[INFO: RPL       ] nbr: fe80::b369  265,   256 =>   521 --  0   a   (no tx)
1789972035.240667;m3-214;[INFO: RPL       ] nbr: own state, addr fd00::9567, DAG state: reachable, MOP 1 OCP 1 rank 261 max-rank 1285, dioint 17, nbr count 14 (Periodic)
1789972035.240700;m3-214;[INFO: RPL       ] nbr: fe80::a379  128,   133 =>   261 -- 16 rbafp (last tx 0 min ago)
1789972035.240723;m3-214;[INFO: RPL       ] nbr: fe80::b369  265,   256 =>   521 --  0   a   (no tx)
1789972035.240743;m3-214;[INFO: RPL       ] nbr: fe80::b379  266,   256 =>   522 --  0   a   (no tx)
1789972035.241975;m3-220;[INFO: RPL       ] nbr: own state, addr fd00::2160, DAG state: reachable, MOP 1 OCP 1 rank 264 max-rank 1288, dioint 17, nbr count 14 (Periodic)
1789972035.242008;m3-220;[INFO: RPL       ] nbr: fe80::a379  128,   136 =>   264 -- 16 rbafp (last tx 0 min ago)
1789972035.242029;m3-220;[INFO: RPL       ] nbr: fe80::b369  265,   256 =>   521 --  0   a   (no tx)
1789972035.243080;m3-213;[INFO: RPL       ] nbr: fe80::a379  128,   142 =>   270 -- 16 rbafp (last tx 0 min ago)
1789972035.243110;m3-213;[INFO: RPL       ] nbr: fe80::b369  265,   224 =>   489 --  1   a   (last tx 0 min ago)
1789972035.243133;m3-213;[INFO: RPL       ] nbr: fe80::b379  266,   256 =>   522 --  0   a   (no tx)
1789972035.244733;m3-219;[INFO: RPL       ] nbr: own state, addr fd00::b481, DAG state: reachable, MOP 1 OCP 1 rank 260 max-rank 1284, dioint 17, nbr count 14 (Periodic)
1789972035.244766;m3-219;[INFO: RPL       ] nbr: fe80::a379  128,   132 =>   260 -- 16 rbafp (last tx 0 min ago)
1789972035.244787;m3-219;[INFO: RPL       ] nbr: fe80::b369  265,   224 =>   489 --  1   a   (last tx 0 min ago)
1789972035.245897;m3-212;[INFO: RPL       ] nbr: fe80::a379  128,   133 =>   261 -- 16 rbafp (last tx 0 min ago)
1789972035.245929;m3-212;[INFO: RPL       ] nbr: fe80::b369  265,   224 =>   489 --  1   a   (last tx 0 min ago)
1789972035.245951;m3-212;[INFO: RPL       ] nbr: fe80::b379  266,   256 =>   522 --  0   a   (no tx)
1789972035.247655;m3-218;[INFO: RPL       ] nbr: fe80::a379  128,   133 =>   261 -- 16 rbafp (last tx 0 min ago)
1789972035.247684;m3-218;[INFO: RPL       ] nbr: fe80::b369  265,   256 =>   521 --  0   a   (no tx)
1789972035.247705;m3-218;[INFO: RPL       ] nbr: fe80::b379  266,   256 =>   522 --  0   a   (no tx)
1789972035.248207;m3-207;[INFO: RPL       ] nbr: fe80::b481  265,   136 =>   401 -- 16   af  (last tx 0 min ago)
1789972035.248238;m3-207;[INFO: RPL       ] nbr: fe80::b379  266,   137 =>   403 -- 16   af  (last tx 0 min ago)
1789972035.248259;m3-207;[INFO: RPL       ] nbr: fe80::2160  270,   136 =>   406 -- 16   af  (last tx 0 min ago)
1789972035.248322;m3-211;[INFO: RPL       ] nbr: fe80::a379  128,   132 =>   260 -- 16 rbafp (last tx 0 min ago)
1789972035.248348;m3-211;[INFO: RPL       ] nbr: fe80::b369  265,   256 =>   521 --  0   a   (no tx)
1789972035.248369;m3-211;[INFO: RPL       ] nbr: fe80::b379  266,   256 =>   522 --  0   a   (no tx)
1789972035.249440;m3-217;[INFO: RPL       ] nbr: fe80::a379  128,   133 =>   261 -- 16 rbafp (last tx 0 min ago)
1789972035.249471;m3-217;[INFO: RPL       ] nbr: fe80::b369  265,   224 =>   489 --  1   a   (last tx 1 min ago)
1789972035.249494;m3-217;[INFO: RPL       ] nbr: fe80::b379  266,   256 =>   522 --  0   a   (no tx)
1789972035.250089;m3-210;[INFO: RPL       ] nbr: fe80::a379  128,   136 =>   264 -- 16 rbafp (last tx 0 min ago)
1789972035.250119;m3-210;[INFO: RPL       ] nbr: fe80::b369  265,   224 =>   489 --  1   a   (last tx 0 min ago)
1789972035.250141;m3-210;[INFO: RPL       ] nbr: fe80::b379  266,   256 =>   522 --  0   a   (no tx)
1789972035.251884;m3-216;[INFO: RPL       ] nbr: fe80::b379  265,   200 =>   465 --  2   a   (last tx 0 min ago)
1789972035.251916;m3-216;[INFO: RPL       ] nbr: fe80::9175  265,   256 =>   521 --  0   a   (no tx)
1789972035.251958;m3-216;[INFO: RPL       ] nbr: fe80::b481  264,   256 =>   520 --  0   a   (no tx)
1789972035.252802;m3-209;[INFO: RPL       ] nbr: fe80::b369  263,   224 =>   487 --  1   a   (last tx 0 min ago)
1789972035.252832;m3-209;[INFO: RPL       ] nbr: fe80::9175  265,   256 =>   521 --  0   a   (no tx)
1789972035.252853;m3-209;[INFO: RPL       ] nbr: fe80::b481  265,   256 =>   521 --  0   a   (no tx)
1789972035.254529;m3-215;[INFO: RPL       ] nbr: fe80::b379  266,   256 =>   522 --  0   a   (no tx)
1789972035.254562;m3-215;[INFO: RPL       ] nbr: fe80::b481  265,   256 =>   521 --  0   a   (no tx)
1789972035.254584;m3-215;[INFO: RPL       ] nbr: fe80::2160  270,   200 =>   470 --  2   a   (last tx 0 min ago)
1789972035.254770;m3-208;[INFO: RPL       ] nbr: fe80::b369  265,   256 =>   521 --  0   a   (no tx)
1789972035.254797;m3-208;[INFO: RPL       ] nbr: fe80::b379  266,   256 =>   522 --  0   a   (no tx)
1789972035.254817;m3-208;[INFO: RPL       ] nbr: fe80::9175  265,   256 =>   521 --  0   a   (no tx)
1789972035.255816;m3-221;[INFO: RPL       ] nbr: fe80::b379  266,   256 =>   522 --  0   a   (no tx)
1789972035.255845;m3-221;[INFO: RPL       ] nbr: fe80::9175  265,   256 =>   521 --  0   a   (no tx)
1789972035.255866;m3-221;[INFO: RPL       ] nbr: fe80::b481  265,   200 =>   465 --  2   a   (last tx 0 min ago)
1789972035.256622;m3-214;[INFO: RPL       ] nbr: fe80::9175  265,   256 =>   521 --  0   a   (no tx)
1789972035.256652;m3-214;[INFO: RPL       ] nbr: fe80::b481  265,   224 =>   489 --  1   a   (last tx 1 min ago)
1789972035.256674;m3-214;[INFO: RPL       ] nbr: fe80::2160  270,   256 =>   526 --  0   a   (no tx)
1789972035.257680;m3-220;[INFO: RPL       ] nbr: fe80::b379  266,   256 =>   522 --  0   a   (no tx)
1789972035.257711;m3-220;[INFO: RPL       ] nbr: fe80::9175  264,   256 =>   520 --  0   a   (no tx)
1789972035.257742;m3-220;[INFO: RPL       ] nbr: fe80::b481  265,   256 =>   521 --  0   a   (no tx)
1789972035.259048;m3-213;[INFO: RPL       ] nbr: fe80::9175  265,   256 =>   521 --  0   a   (no tx)
1789972035.259077;m3-213;[INFO: RPL       ] nbr: fe80::b481  265,   224 =>   489 --  1   a   (last tx 1 min ago)
1789972035.259098;m3-213;[INFO: RPL       ] nbr: fe80::2160  270,   256 =>   526 --  0   a   (no tx)
1789972035.260723;m3-219;[INFO: RPL       ] nbr: fe80::b379  266,   256 =>   522 --  0   a   (no tx)
1789972035.260752;m3-219;[INFO: RPL       ] nbr: fe80::9175  265,   256 =>   521 --  0   a   (no tx)
1789972035.260772;m3-219;[INFO: RPL       ] nbr: fe80::2160  270,   256 =>   526 --  0   a   (no tx)
1789972035.261839;m3-212;[INFO: RPL       ] nbr: fe80::9175  265,   256 =>   521 --  0   a   (no tx)
1789972035.261869;m3-212;[INFO: RPL       ] nbr: fe80::b481  265,   256 =>   521 --  0   a   (no tx)
1789972035.261891;m3-212;[INFO: RPL       ] nbr: fe80::2160  270,   256 =>   526 --  0   a   (no tx)
1789972035.263592;m3-218;[INFO: RPL       ] nbr: fe80::9175  265,   224 =>   489 --  1   a   (last tx 0 min ago)
1789972035.263622;m3-218;[INFO: RPL       ] nbr: fe80::b481  265,   256 =>   521 --  0   a   (no tx)
1789972035.263642;m3-218;[INFO: RPL       ] nbr: fe80::2160  270,   256 =>   526 --  0   a   (no tx)
1789972035.264185;m3-207;[INFO: RPL       ] nbr: fe80::b369  265,   136 =>   401 -- 16   af  (last tx 0 min ago)
1789972035.264215;m3-207;[INFO: RPL       ] nbr: fe80::9076  266,   136 =>   402 -- 16   af  (last tx 0 min ago)
1789972035.264237;m3-207;[INFO: RPL       ] nbr: fe80::9175  265,   136 =>   401 -- 16  baf  (last tx 0 min ago)
1789972035.264281;m3-211;[INFO: RPL       ] nbr: fe80::9175  265,   256 =>   521 --  0   a   (no tx)
1789972035.264302;m3-211;[INFO: RPL       ] nbr: fe80::b481  265,   224 =>   489 --  1   a   (last tx 1 min ago)
1789972035.264322;m3-211;[INFO: RPL       ] nbr: fe80::2160  270,   256 =>   526 --  0   a   (no tx)
1789972035.265314;m3-217;[INFO: RPL       ] nbr: fe80::9175  265,   256 =>   521 --  0   a   (no tx)
1789972035.265352;m3-217;[INFO: RPL       ] nbr: fe80::b481  265,   256 =>   521 --  0   a   (no tx)
1789972035.265374;m3-217;[INFO: RPL       ] nbr: fe80::2160  270,   256 =>   526 --  0   a   (no tx)
1789972035.266038;m3-210;[INFO: RPL       ] nbr: fe80::9175  265,   256 =>   521 --  0   a   (no tx)
1789972035.266067;m3-210;[INFO: RPL       ] nbr: fe80::b481  265,   256 =>   521 --  0   a   (no tx)
1789972035.266088;m3-210;[INFO: RPL       ] nbr: fe80::2160  270,   256 =>   526 --  0   a   (no tx)
1789972035.267841;m3-216;[INFO: RPL       ] nbr: fe80::2160  270,   256 =>   526 --  0   a   (no tx)
1789972035.267867;m3-216;[INFO: RPL       ] nbr: fe80::8472  274,   256 =>   530 --  0   a   (no tx)
1789972035.267886;m3-216;[INFO: RPL       ] nbr: fe80::9567  266,   256 =>   522 --  0   a   (no tx)
1789972035.268768;m3-209;[INFO: RPL       ] nbr: fe80::2160  270,   256 =>   526 --  0   a   (no tx)
1789972035.268796;m3-209;[INFO: RPL       ] nbr: fe80::8472  265,   256 =>   521 --  0   a   (no tx)
1789972035.268817;m3-209;[INFO: RPL       ] nbr: fe80::9567  266,   256 =>   522 --  0   a   (no tx)
1789972035.270507;m3-215;[INFO: RPL       ] nbr: fe80::8472  265,   256 =>   521 --  0   a   (no tx)
1789972035.270537;m3-215;[INFO: RPL       ] nbr: fe80::9567  266,   256 =>   522 --  0   a   (no tx)
1789972035.270558;m3-215;[INFO: RPL       ] nbr: fe80::8875  268,   256 =>   524 --  0   a   (no tx)
1789972035.270578;m3-215;[INFO: RPL       ] nbr: fe80::9871  270,   256 =>   526 --  0   a   (no tx)
1789972035.270730;m3-208;[INFO: RPL       ] nbr: fe80::b481  265,   224 =>   489 --  1   a   (last tx 1 min ago)
1789972035.270757;m3-208;[INFO: RPL       ] nbr: fe80::2160  270,   256 =>   526 --  0   a   (no tx)
1789972035.270779;m3-208;[INFO: RPL       ] nbr: fe80::8472  265,   256 =>   521 --  0   a   (no tx)
1789972035.271760;m3-221;[INFO: RPL       ] nbr: fe80::2160  270,   256 =>   526 --  0   a   (no tx)
1789972035.271789;m3-221;[INFO: RPL       ] nbr: fe80::8472  265,   256 =>   521 --  0   a   (no tx)
1789972035.271811;m3-221;[INFO: RPL       ] nbr: fe80::9567  266,   256 =>   522 --  0   a   (no tx)
1789972035.272609;m3-214;[INFO: RPL       ] nbr: fe80::8472  265,   256 =>   521 --  0   a   (no tx)
1789972035.272640;m3-214;[INFO: RPL       ] nbr: fe80::8875  268,   256 =>   524 --  0   a   (no tx)
1789972035.272662;m3-214;[INFO: RPL       ] nbr: fe80::9871  270,   256 =>   526 --  0   a   (no tx)
1789972035.273631;m3-220;[INFO: RPL       ] nbr: fe80::8472  265,   256 =>   521 --  0   a   (no tx)
1789972035.273661;m3-220;[INFO: RPL       ] nbr: fe80::9567  266,   256 =>   522 --  0   a   (no tx)
1789972035.273683;m3-220;[INFO: RPL       ] nbr: fe80::8875  268,   224 =>   492 --  1   a   (last tx 0 min ago)
1789972035.275034;m3-213;[INFO: RPL       ] nbr: fe80::9567  266,   256 =>   522 --  0   a   (no tx)
1789972035.275062;m3-213;[INFO: RPL       ] nbr: fe80::8875  268,   256 =>   524 --  0   a   (no tx)
1789972035.275083;m3-213;[INFO: RPL       ] nbr: fe80::9871  270,   256 =>   526 --  0   a   (no tx)
1789972035.276767;m3-219;[INFO: RPL       ] nbr: fe80::8472  265,   256 =>   521 --  0   a   (no tx)
1789972035.276796;m3-219;[INFO: RPL       ] nbr: fe80::9567  266,   256 =>   522 --  0   a   (no tx)
1789972035.276817;m3-219;[INFO: RPL       ] nbr: fe80::8875  268,   256 =>   524 --  0   a   (no tx)
1789972035.277825;m3-212;[INFO: RPL       ] nbr: fe80::8472  265,   256 =>   521 --  0   a   (no tx)
1789972035.277856;m3-212;[INFO: RPL       ] nbr: fe80::9567  266,   256 =>   522 --  0   a   (no tx)
1789972035.277878;m3-212;[INFO: RPL       ] nbr: fe80::8875  268,   256 =>   524 --  0   a   (no tx)
1789972035.279578;m3-218;[INFO: RPL       ] nbr: fe80::8472  265,   256 =>   521 --  0   a   (no tx)
1789972035.279606;m3-218;[INFO: RPL       ] nbr: fe80::9567  266,   256 =>   522 --  0   a   (no tx)
1789972035.279627;m3-218;[INFO: RPL       ] nbr: fe80::8875  268,   256 =>   524 --  0   a   (no tx)
1789972035.280153;m3-207;[INFO: RPL       ] nbr: fe80::9567  266,   137 =>   403 -- 16   af  (last tx 0 min ago)
1789972035.280184;m3-207;[INFO: RPL       ] nbr: fe80::8472  265,   145 =>   410 -- 16   af  (last tx 0 min ago)
1789972035.280244;m3-211;[INFO: RPL       ] nbr: fe80::8472  265,   256 =>   521 --  0   a   (no tx)
1789972035.280268;m3-211;[INFO: RPL       ] nbr: fe80::9567  266,   256 =>   522 --  0   a   (no tx)
1789972035.280289;m3-211;[INFO: RPL       ] nbr: fe80::9871  270,   256 =>   526 --  0   a   (no tx)
1789972035.280308;m3-211;[INFO: RPL       ] nbr: fe80::b280  266,   256 =>   522 --  0   a   (no tx)
1789972035.281391;m3-217;[INFO: RPL       ] nbr: fe80::8472  265,   256 =>   521 --  0   a   (no tx)
1789972035.281421;m3-217;[INFO: RPL       ] nbr: fe80::9567  266,   256 =>   522 --  0   a   (no tx)
1789972035.281442;m3-217;[INFO: RPL       ] nbr: fe80::8875  268,   256 =>   524 --  0   a   (no tx)
1789972035.282024;m3-210;[INFO: RPL       ] nbr: fe80::8472  265,   256 =>   521 --  0   a   (no tx)
1789972035.282053;m3-210;[INFO: RPL       ] nbr: fe80::9567  266,   256 =>   522 --  0   a   (no tx)
1789972035.282075;m3-210;[INFO: RPL       ] nbr: fe80::8875  268,   256 =>   524 --  0   a   (no tx)
1789972035.283811;m3-216;[INFO: RPL       ] nbr: fe80::8875  268,   256 =>   524 --  0   a   (no tx)
1789972035.283837;m3-216;[INFO: RPL       ] nbr: fe80::9871  270,   256 =>   526 --  0   a   (no tx)
1789972035.283873;m3-216;[INFO: RPL       ] nbr: fe80::b280  265,   256 =>   521 --  0   a   (no tx)
1789972035.284738;m3-209;[INFO: RPL       ] nbr: fe80::8875  268,   256 =>   524 --  0   a   (no tx)
1789972035.284767;m3-209;[INFO: RPL       ] nbr: fe80::9871  270,   256 =>   526 --  0   a   (no tx)
1789972035.284788;m3-209;[INFO: RPL       ] nbr: fe80::b280  266,   256 =>   522 --  0   a   (no tx)
1789972035.286500;m3-215;[INFO: RPL       ] nbr: fe80::b280  266,   256 =>   522 --  0   a   (no tx)
1789972035.286531;m3-215;[INFO: RPL       ] nbr: fe80::9981  266,   256 =>   522 --  0   a   (no tx)
1789972035.286552;m3-215;[INFO: RPL       ] nbr: fe80::9076  266,   256 =>   522 --  0   a   (no tx)
1789972035.286725;m3-208;[INFO: RPL       ] nbr: fe80::9567  266,   256 =>   522 --  0   a   (no tx)
1789972035.286751;m3-208;[INFO: RPL       ] nbr: fe80::8875  268,   256 =>   524 --  0   a   (no tx)
1789972035.286772;m3-208;[INFO: RPL       ] nbr: fe80::9871  270,   256 =>   526 --  0   a   (no tx)
1789972035.287745;m3-221;[INFO: RPL       ] nbr: fe80::8875  268,   256 =>   524 --  0   a   (no tx)
1789972035.287773;m3-221;[INFO: RPL       ] nbr: fe80::9871  270,   256 =>   526 --  0   a   (no tx)
1789972035.287795;m3-221;[INFO: RPL       ] nbr: fe80::b280  266,   256 =>   522 --  0   a   (no tx)
1789972035.288596;m3-214;[INFO: RPL       ] nbr: fe80::b280  266,   256 =>   522 --  0   a   (no tx)
1789972035.288627;m3-214;[INFO: RPL       ] nbr: fe80::9981  266,   256 =>   522 --  0   a   (no tx)
1789972035.288650;m3-214;[INFO: RPL       ] nbr: fe80::9076  266,   256 =>   522 --  0   a   (no tx)
1789972035.289612;m3-220;[INFO: RPL       ] nbr: fe80::9871  270,   256 =>   526 --  0   a   (no tx)
1789972035.289642;m3-220;[INFO: RPL       ] nbr: fe80::b280  266,   256 =>   522 --  0   a   (no tx)
1789972035.289663;m3-220;[INFO: RPL       ] nbr: fe80::9981  266,   256 =>   522 --  0   a   (no tx)
1789972035.291039;m3-213;[INFO: RPL       ] nbr: fe80::b280  266,   256 =>   522 --  0   a   (no tx)
1789972035.291067;m3-213;[INFO: RPL       ] nbr: fe80::9981  266,   256 =>   522 --  0   a   (no tx)
1789972035.291087;m3-213;[INFO: RPL       ] nbr: fe80::9076  266,   256 =>   522 --  0   a   (no tx)
1789972035.292750;m3-219;[INFO: RPL       ] nbr: fe80::9871  270,   256 =>   526 --  0   a   (no tx)
1789972035.292779;m3-219;[INFO: RPL       ] nbr: fe80::b280  266,   256 =>   522 --  0   a   (no tx)
1789972035.292799;m3-219;[INFO: RPL       ] nbr: fe80::9981  262,   256 =>   518 --  0   a   (no tx)
1789972035.292819;m3-219;[INFO: RPL       ] nbr: fe80::9076  266,   256 =>   522 --  0   a   (no tx)
1789972035.293833;m3-212;[INFO: RPL       ] nbr: fe80::9871  270,   256 =>   526 --  0   a   (no tx)
1789972035.293864;m3-212;[INFO: RPL       ] nbr: fe80::9981  266,   256 =>   522 --  0   a   (no tx)
1789972035.293885;m3-212;[INFO: RPL       ] nbr: fe80::9076  266,   256 =>   522 --  0   a   (no tx)
1789972035.295555;m3-218;[INFO: RPL       ] nbr: fe80::9871  270,   256 =>   526 --  0   a   (no tx)
1789972035.295584;m3-218;[INFO: RPL       ] nbr: fe80::b280  266,   256 =>   522 --  0   a   (no tx)
1789972035.295605;m3-218;[INFO: RPL       ] nbr: fe80::9981  266,   256 =>   522 --  0   a   (no tx)
1789972035.296170;m3-207;[INFO: RPL       ] nbr: fe80::9981  266,   137 =>   403 -- 16   af  (last tx 0 min ago)
1789972035.296201;m3-207;[INFO: RPL       ] nbr: fe80::b582  265,   137 =>   402 -- 16   af  (last tx 0 min ago)
1789972035.296223;m3-207;[INFO: RPL       ] nbr: fe80::8875  268,   136 =>   404 -- 16   af  (last tx 0 min ago)
1789972035.296248;m3-211;[INFO: RPL       ] nbr: fe80::9981  266,   256 =>   522 --  0   a   (no tx)
1789972035.296268;m3-211;[INFO: RPL       ] nbr: fe80::9076  266,   256 =>   522 --  0   a   (no tx)
1789972035.296287;m3-211;[INFO: RPL       ] nbr: fe80::c081  277,   256 =>   533 --  0   a   (no tx)
1789972035.297292;m3-217;[INFO: RPL       ] nbr: fe80::b280  266,   256 =>   522 --  0   a   (no tx)
1789972035.297321;m3-217;[INFO: RPL       ] nbr: fe80::9981  266,   256 =>   522 --  0   a   (no tx)
1789972035.297351;m3-217;[INFO: RPL       ] nbr: fe80::9076  266,   256 =>   522 --  0   a   (no tx)
1789972035.298011;m3-210;[INFO: RPL       ] nbr: fe80::9871  270,   256 =>   526 --  0   a   (no tx)
1789972035.298042;m3-210;[INFO: RPL       ] nbr: fe80::b280  266,   256 =>   522 --  0   a   (no tx)
1789972035.298065;m3-210;[INFO: RPL       ] nbr: fe80::9981  266,   256 =>   522 --  0   a   (no tx)
1789972035.299797;m3-216;[INFO: RPL       ] nbr: fe80::9981  266,   256 =>   522 --  0   a   (no tx)
1789972035.299824;m3-216;[INFO: RPL       ] nbr: fe80::9076  266,   256 =>   522 --  0   a   (no tx)
1789972035.299860;m3-216;[INFO: RPL       ] nbr: fe80::c081  270,   256 =>   526 --  0   a   (no tx)
1789972035.300738;m3-209;[INFO: RPL       ] nbr: fe80::9981  266,   256 =>   522 --  0   a   (no tx)
1789972035.300768;m3-209;[INFO: RPL       ] nbr: fe80::9076  266,   256 =>   522 --  0   a   (no tx)
1789972035.300790;m3-209;[INFO: RPL       ] nbr: fe80::c081  277,   256 =>   533 --  0   a   (no tx)
1789972035.302485;m3-215;[INFO: RPL       ] nbr: fe80::c081  277,   256 =>   533 --  0   a   (no tx)
1789972035.302516;m3-215;[INFO: RPL       ] nbr: fe80::b582  265,   256 =>   521 --  0   a   (no tx)
1789972035.302537;m3-215;[INFO: RPL       ] nbr: end of list
1789972035.302690;m3-208;[INFO: RPL       ] nbr: fe80::b280  266,   256 =>   522 --  0   a   (no tx)
1789972035.302721;m3-208;[INFO: RPL       ] nbr: fe80::9981  266,   256 =>   522 --  0   a   (no tx)
1789972035.302742;m3-208;[INFO: RPL       ] nbr: fe80::c081  277,   256 =>   533 --  0   a   (no tx)
1789972035.303747;m3-221;[INFO: RPL       ] nbr: fe80::9076  266,   256 =>   522 --  0   a   (no tx)
1789972035.303777;m3-221;[INFO: RPL       ] nbr: fe80::c081  277,   256 =>   533 --  0   a   (no tx)
1789972035.303799;m3-221;[INFO: RPL       ] nbr: fe80::b582  265,   256 =>   521 --  0   a   (no tx)
1789972035.303819;m3-221;[INFO: RPL       ] nbr: end of list
1789972035.304573;m3-214;[INFO: RPL       ] nbr: fe80::c081  277,   256 =>   533 --  0   a   (no tx)
1789972035.304604;m3-214;[INFO: RPL       ] nbr: fe80::b582  265,   256 =>   521 --  0   a   (no tx)
1789972035.304626;m3-214;[INFO: RPL       ] nbr: end of list
1789972035.305643;m3-220;[INFO: RPL       ] nbr: fe80::9076  266,   256 =>   522 --  0   a   (no tx)
1789972035.305686;m3-220;[INFO: RPL       ] nbr: fe80::c081  277,   256 =>   533 --  0   a   (no tx)
1789972035.305709;m3-220;[INFO: RPL       ] nbr: fe80::b582  265,   256 =>   521 --  0   a   (no tx)
1789972035.305731;m3-220;[INFO: RPL       ] nbr: end of list
1789972035.307022;m3-213;[INFO: RPL       ] nbr: fe80::c081  277,   256 =>   533 --  0   a   (no tx)
1789972035.307054;m3-213;[INFO: RPL       ] nbr: fe80::b582  265,   256 =>   521 --  0   a   (no tx)
1789972035.307075;m3-213;[INFO: RPL       ] nbr: end of list
1789972035.308729;m3-219;[INFO: RPL       ] nbr: fe80::c081  277,   256 =>   533 --  0   a   (no tx)
1789972035.308759;m3-219;[INFO: RPL       ] nbr: fe80::b582  265,   256 =>   521 --  0   a   (no tx)
1789972035.308780;m3-219;[INFO: RPL       ] nbr: end of list
1789972035.309809;m3-212;[INFO: RPL       ] nbr: fe80::c081  277,   256 =>   533 --  0   a   (no tx)
1789972035.309840;m3-212;[INFO: RPL       ] nbr: fe80::b582  265,   256 =>   521 --  0   a   (no tx)
1789972035.309862;m3-212;[INFO: RPL       ] nbr: end of list
1789972035.311587;m3-218;[INFO: RPL       ] nbr: fe80::9076  266,   256 =>   522 --  0   a   (no tx)
1789972035.311616;m3-218;[INFO: RPL       ] nbr: fe80::c081  277,   256 =>   533 --  0   a   (no tx)
1789972035.311636;m3-218;[INFO: RPL       ] nbr: end of list
1789972035.312167;m3-207;[INFO: RPL       ] nbr: fe80::c081  277,   137 =>   414 -- 16   af  (last tx 0 min ago)
1789972035.312198;m3-207;[INFO: RPL       ] nbr: fe80::b280  266,   137 =>   403 -- 16   af  (last tx 0 min ago)
1789972035.312224;m3-211;[INFO: RPL       ] nbr: fe80::b582  265,   256 =>   521 --  0   a   (no tx)
1789972035.312245;m3-211;[INFO: RPL       ] nbr: end of list
1789972035.313278;m3-217;[INFO: RPL       ] nbr: fe80::c081  277,   256 =>   533 --  0   a   (no tx)
1789972035.313306;m3-217;[INFO: RPL       ] nbr: fe80::b582  265,   256 =>   521 --  0   a   (no tx)
1789972035.313328;m3-217;[INFO: RPL       ] nbr: end of list
1789972035.313978;m3-210;[INFO: RPL       ] nbr: fe80::9076  266,   256 =>   522 --  0   a   (no tx)
1789972035.314008;m3-210;[INFO: RPL       ] nbr: fe80::b582  265,   256 =>   521 --  0   a   (no tx)
1789972035.314029;m3-210;[INFO: RPL       ] nbr: end of list
1789972035.315767;m3-216;[INFO: RPL       ] nbr: fe80::b582  265,   256 =>   521 --  0   a   (no tx)
1789972035.315796;m3-216;[INFO: RPL       ] nbr: end of list
1789972035.316693;m3-209;[INFO: RPL       ] nbr: fe80::b582  265,   256 =>   521 --  0   a   (no tx)
1789972035.316723;m3-209;[INFO: RPL       ] nbr: end of list
1789972035.318702;m3-208;[INFO: RPL       ] nbr: fe80::b582  265,   256 =>   521 --  0   a   (no tx)
1789972035.318732;m3-208;[INFO: RPL       ] nbr: end of list
1789972035.324789;m3-207;[INFO: RPL       ] nbr: fe80::9871  270,   137 =>   407 -- 16   af  (last tx 0 min ago)
1789972035.324820;m3-207;[INFO: RPL       ] nbr: end of list
1789972035.324856;m3-207;[INFO: RPL       ] links: 15 routing links in total (Periodic)
1789972035.324876;m3-207;[INFO: RPL       ] links: fd00::a379  (DODAG root) (lifetime: infinite)
1789972035.324895;m3-207;[INFO: RPL       ] links: fd00::b369  to fd00::a379 (lifetime: 1620 seconds)
1789972035.324914;m3-207;[INFO: RPL       ] links: fd00::b379  to fd00::a379 (lifetime: 1620 seconds)
1789972035.324932;m3-207;[INFO: RPL       ] links: fd00::9175  to fd00::a379 (lifetime: 1620 seconds)
1789972035.324950;m3-207;[INFO: RPL       ] links: fd00::2160  to fd00::a379 (lifetime: 1620 seconds)
1789972035.337371;m3-207;[INFO: RPL       ] links: fd00::b481  to fd00::a379 (lifetime: 1620 seconds)
1789972035.337404;m3-207;[INFO: RPL       ] links: fd00::8472  to fd00::a379 (lifetime: 1620 seconds)
1789972035.337425;m3-207;[INFO: RPL       ] links: fd00::8875  to fd00::a379 (lifetime: 1620 seconds)
1789972035.337446;m3-207;[INFO: RPL       ] links: fd00::9871  to fd00::a379 (lifetime: 1620 seconds)
1789972035.337466;m3-207;[INFO: RPL       ] links: fd00::9567  to fd00::a379 (lifetime: 1620 seconds)
1789972035.337485;m3-207;[INFO: RPL       ] links: fd00::b280  to fd00::a379 (lifetime: 1620 seconds)
1789972035.353381;m3-207;[INFO: RPL       ] links: fd00::9981  to fd00::a379 (lifetime: 1620 seconds)
1789972035.353411;m3-207;[INFO: RPL       ] links: fd00::9076  to fd00::a379 (lifetime: 1620 seconds)
1789972035.353433;m3-207;[INFO: RPL       ] links: fd00::c081  to fd00::a379 (lifetime: 1620 seconds)
1789972035.353452;m3-207;[INFO: RPL       ] links: fd00::b582  to fd00::a379 (lifetime: 1620 seconds)
1789972035.353471;m3-207;[INFO: RPL       ] links: end of list
1789972037.647449;m3-218;[INFO: App       ] Sending request 16 to fd00::a379
1789972037.647524;m3-218;[INFO: RPL       ] creating hop-by-hop option
1789972037.679277;m3-218;[INFO: RPL       ] packet sent to 0200.0000.0000.a379, status 0, tx 1, new link metric 132
1789972037.686712;m3-207;[INFO: RPL       ] ext hdr: packet from fd00::b582 to fd00::a379 going up, sender closer 0 (261 < 128), rank error 0, loop detected 0
1789972037.686750;m3-207;[INFO: RPL       ] ext hdr: packet from fd00::b582 to fd00::a379 going up, sender closer 0 (261 < 128), rank error 0, loop detected 0
1789972037.686778;m3-207;[INFO: App       ] Received request 'hello 16' from fd00::b582
1789972037.686799;m3-207;[INFO: App       ] Sending response.
1789972037.686818;m3-207;[INFO: RPL       ] SRH creating source routing header with destination fd00::b582 
1789972037.702009;m3-207;[INFO: RPL       ] SRH path len: 0, ComprI 15, ComprE 15, ext len 8 (padding 0)
1789972037.727200;m3-218;[INFO: App       ] Received response 'hello 16' from fd00::a379
1789972037.733953;m3-207;[INFO: RPL       ] packet sent to 0200.0000.0000.b582, status 0, tx 1, new link metric 136
1789972038.068686;m3-209;[INFO: App       ] Sending request 16 to fd00::a379
1789972038.068737;m3-209;[INFO: RPL       ] creating hop-by-hop option
1789972038.100505;m3-209;[INFO: RPL       ] packet sent to 0200.0000.0000.a379, status 0, tx 1, new link metric 132
1789972038.102048;m3-207;[INFO: RPL       ] ext hdr: packet from fd00::b379 to fd00::a379 going up, sender closer 0 (261 < 128), rank error 0, loop detected 0
1789972038.102085;m3-207;[INFO: RPL       ] ext hdr: packet from fd00::b379 to fd00::a379 going up, sender closer 0 (261 < 128), rank error 0, loop detected 0
1789972038.117915;m3-207;[INFO: App       ] Received request 'hello 16' from fd00::b379
1789972038.117951;m3-207;[INFO: App       ] Sending response.
1789972038.117973;m3-207;[INFO: RPL       ] SRH creating source routing header with destination fd00::b379 
1789972038.117993;m3-207;[INFO: RPL       ] SRH path len: 0, ComprI 15, ComprE 15, ext len 8 (padding 0)
1789972038.149373;m3-209;[INFO: App       ] Received response 'hello 16' from fd00::a379
1789972038.149843;m3-207;[INFO: RPL       ] packet sent to 0200.0000.0000.b379, status 0, tx 1, new link metric 136
1789972038.307730;m3-216;[INFO: App       ] Sending request 17 to fd00::a379
1789972038.307797;m3-216;[INFO: RPL       ] creating hop-by-hop option
1789972038.323589;m3-216;[INFO: RPL       ] packet sent to 0200.0000.0000.a379, status 0, tx 1, new link metric 131
1789972038.325927;m3-207;[INFO: RPL       ] ext hdr: packet from fd00::b369 to fd00::a379 going up, sender closer 0 (260 < 128), rank error 0, loop detected 0
1789972038.325962;m3-207;[INFO: RPL       ] ext hdr: packet from fd00::b369 to fd00::a379 going up, sender closer 0 (260 < 128), rank error 0, loop detected 0
1789972038.325987;m3-207;[INFO: App       ] Received request 'hello 17' from fd00::b369
1789972038.326006;m3-207;[INFO: App       ] Sending response.
1789972038.339588;m3-216;[INFO: App       ] Received response 'hello 17' from fd00::a379
1789972038.341943;m3-207;[INFO: RPL       ] SRH creating source routing header with destination fd00::b369 
1789972038.341976;m3-207;[INFO: RPL       ] SRH path len: 0, ComprI 15, ComprE 15, ext len 8 (padding 0)
1789972038.341999;m3-207;[INFO: RPL       ] packet sent to 0200.0000.0000.b369, status 0, tx 1, new link metric 135
1789972039.016588;m3-214;[INFO: App       ] Sending request 16 to fd00::a379
1789972039.016658;m3-214;[INFO: RPL       ] creating hop-by-hop option
1789972039.016684;m3-214;[INFO: RPL       ] packet sent to 0200.0000.0000.a379, status 0, tx 1, new link metric 132
1789972039.026014;m3-207;[INFO: RPL       ] ext hdr: packet from fd00::9567 to fd00::a379 going up, sender closer 0 (261 < 128), rank error 0, loop detected 0
1789972039.026053;m3-207;[INFO: RPL       ] ext hdr: packet from fd00::9567 to fd00::a379 going up, sender closer 0 (261 < 128), rank error 0, loop detected 0
1789972039.026078;m3-207;[INFO: App       ] Received request 'hello 16' from fd00::9567
1789972039.026099;m3-207;[INFO: App       ] Sending response.
1789972039.026118;m3-207;[INFO: RPL       ] SRH creating source routing header with destination fd00::9567 
1789972039.041816;m3-207;[INFO: RPL       ] SRH path len: 0, ComprI 15, ComprE 15, ext len 8 (padding 0)
1789972039.041849;m3-207;[INFO: RPL       ] packet sent to 0200.0000.0000.9567, status 0, tx 1, new link metric 136
1789972039.049372;m3-214;[INFO: App       ] Received response 'hello 16' from fd00::a379
1789972039.808009;m3-211;[INFO: RPL       ] probing fe80::b481  last tx 1 min ago
1789972039.823770;m3-211;[INFO: RPL       ] sending a unicast-DIO with rank 260 to fe80::b481
1789972039.871780;m3-211;[INFO: RPL       ] packet sent to 0200.0000.0000.b481, status 0, tx 1, new link metric 200
1789972039.884264;m3-219;[INFO: RPL       ] received a unicast-DIO from fe80::8875, instance_id 0, DAG ID fd00::a379, version 240, dtsn 240, rank 260
1789972040.209763;m3-210;[INFO: App       ] Sending request 16 to fd00::a379
1789972040.209812;m3-210;[INFO: RPL       ] creating hop-by-hop option
1789972040.257567;m3-210;[INFO: RPL       ] packet sent to 0200.0000.0000.a379, status 0, tx 1, new link metric 135
1789972040.257830;m3-207;[INFO: RPL       ] ext hdr: packet from fd00::c081 to fd00::a379 going up, sender closer 0 (264 < 128), rank error 0, loop detected 0
1789972040.257864;m3-207;[INFO: RPL       ] ext hdr: packet from fd00::c081 to fd00::a379 going up, sender closer 0 (264 < 128), rank error 0, loop detected 0
1789972040.257889;m3-207;[INFO: App       ] Received request 'hello 16' from fd00::c081
1789972040.257910;m3-207;[INFO: App       ] Sending response.
1789972040.257928;m3-207;[INFO: RPL       ] SRH creating source routing header with destination fd00::c081 
1789972040.273690;m3-207;[INFO: RPL       ] SRH path len: 0, ComprI 15, ComprE 15, ext len 8 (padding 0)
1789972040.321511;m3-210;[INFO: App       ] Received response 'hello 16' from fd00::a379
1789972040.321587;m3-207;[INFO: RPL       ] packet sent to 0200.0000.0000.c081, status 0, tx 1, new link metric 136
1789972040.383773;m3-211;[INFO: App       ] Sending request 17 to fd00::a379
1789972040.383811;m3-211;[INFO: RPL       ] creating hop-by-hop option
1789972040.417701;m3-207;[INFO: RPL       ] ext hdr: packet from fd00::8875 to fd00::a379 going up, sender closer 0 (260 < 128), rank error 0, loop detected 0
1789972040.433393;m3-211;[INFO: RPL       ] packet sent to 0200.0000.0000.a379, status 0, tx 1, new link metric 131
1789972040.433736;m3-207;[INFO: RPL       ] ext hdr: packet from fd00::8875 to fd00::a379 going up, sender closer 0 (260 < 128), rank error 0, loop detected 0
1789972040.433773;m3-207;[INFO: App       ] Received request 'hello 17' from fd00::8875
1789972040.433796;m3-207;[INFO: App       ] Sending response.
1789972040.433820;m3-207;[INFO: RPL       ] SRH creating source routing header with destination fd00::8875 
1789972040.433841;m3-207;[INFO: RPL       ] SRH path len: 0, ComprI 15, ComprE 15, ext len 8 (padding 0)
1789972040.463605;m3-211;[INFO: App       ] Received response 'hello 17' from fd00::a379
1789972040.465626;m3-207;[INFO: RPL       ] packet sent to 0200.0000.0000.8875, status 0, tx 1, new link metric 135
1789972040.925506;m3-212;[INFO: App       ] Sending request 16 to fd00::a379
1789972040.925555;m3-212;[INFO: RPL       ] creating hop-by-hop option
1789972040.925580;m3-212;[INFO: RPL       ] packet sent to 0200.0000.0000.a379, status 0, tx 1, new link metric 132
1789972040.929634;m3-207;[INFO: RPL       ] ext hdr: packet from fd00::b280 to fd00::a379 going up, sender closer 0 (261 < 128), rank error 0, loop detected 0
1789972040.929670;m3-207;[INFO: RPL       ] ext hdr: packet from fd00::b280 to fd00::a379 going up, sender closer 0 (261 < 128), rank error 0, loop detected 0
1789972040.929694;m3-207;[INFO: App       ] Received request 'hello 16' from fd00::b280
1789972040.929714;m3-207;[INFO: App       ] Sending response.
1789972040.929732;m3-207;[INFO: RPL       ] SRH creating source routing header with destination fd00::b280 
1789972040.941294;m3-212;[INFO: App       ] Received response 'hello 16' from fd00::a379
1789972040.944624;m3-207;[INFO: RPL       ] SRH path len: 0, ComprI 15, ComprE 15, ext len 8 (padding 0)
1789972040.944657;m3-207;[INFO: RPL       ] packet sent to 0200.0000.0000.b280, status 0, tx 1, new link metric 136
1789972041.288964;m3-220;[INFO: App       ] Sending request 17 to fd00::a379
1789972041.289026;m3-220;[INFO: RPL       ] creating hop-by-hop option
1789972041.328741;m3-207;[INFO: RPL       ] ext hdr: packet from fd00::2160 to fd00::a379 going up, sender closer 0 (264 < 128), rank error 0, loop detected 0
1789972041.336931;m3-220;[INFO: RPL       ] packet sent to 0200.0000.0000.a379, status 0, tx 1, new link metric 135
1789972041.344735;m3-207;[INFO: RPL       ] ext hdr: packet from fd00::2160 to fd00::a379 going up, sender closer 0 (264 < 128), rank error 0, loop detected 0
1789972041.344771;m3-207;[INFO: App       ] Received request 'hello 17' from fd00::2160
1789972041.344794;m3-207;[INFO: App       ] Sending response.
1789972041.344812;m3-207;[INFO: RPL       ] SRH creating source routing header with destination fd00::2160 
1789972041.344831;m3-207;[INFO: RPL       ] SRH path len: 0, ComprI 15, ComprE 15, ext len 8 (padding 0)
1789972041.384977;m3-220;[INFO: App       ] Received response 'hello 17' from fd00::a379
1789972041.392549;m3-207;[INFO: RPL       ] packet sent to 0200.0000.0000.2160, status 0, tx 1, new link metric 135
1789972041.463376;m3-221;[INFO: App       ] Sending request 16 to fd00::a379
1789972041.463421;m3-221;[INFO: RPL       ] creating hop-by-hop option
1789972041.527166;m3-221;[INFO: RPL       ] packet sent to 0200.0000.0000.a379, status 0, tx 1, new link metric 132
1789972041.536059;m3-207;[INFO: RPL       ] ext hdr: packet from fd00::9981 to fd00::a379 going up, sender closer 0 (261 < 128), rank error 0, loop detected 0
1789972041.536097;m3-207;[INFO: RPL       ] ext hdr: packet from fd00::9981 to fd00::a379 going up, sender closer 0 (261 < 128), rank error 0, loop detected 0
1789972041.536121;m3-207;[INFO: App       ] Received request 'hello 16' from fd00::9981
1789972041.536141;m3-207;[INFO: App       ] Sending response.
1789972041.536159;m3-207;[INFO: RPL       ] SRH creating source routing header with destination fd00::9981 
1789972041.543123;m3-221;[INFO: App       ] Received response 'hello 16' from fd00::a379
1789972041.551591;m3-207;[INFO: RPL       ] SRH path len: 0, ComprI 15, ComprE 15, ext len 8 (padding 0)
1789972041.551629;m3-207;[INFO: RPL       ] packet sent to 0200.0000.0000.9981, status 0, tx 1, new link metric 136
1789972042.271602;m3-207;[INFO: RPL       ] ext hdr: packet from fd00::9076 to fd00::a379 going up, sender closer 0 (298 < 128), rank error 0, loop detected 0
1789972042.281356;m3-208;[INFO: App       ] Sending request 17 to fd00::a379
1789972042.281390;m3-208;[INFO: RPL       ] creating hop-by-hop option
1789972042.281412;m3-208;[INFO: RPL       ] packet sent to 0200.0000.0000.a379, status 0, tx 1, new link metric 165
1789972042.287569;m3-207;[INFO: RPL       ] ext hdr: packet from fd00::9076 to fd00::a379 going up, sender closer 0 (298 < 128), rank error 0, loop detected 0
1789972042.287609;m3-207;[INFO: App       ] Received request 'hello 17' from fd00::9076
1789972042.287648;m3-207;[INFO: App       ] Sending response.
1789972042.287669;m3-207;[INFO: RPL       ] SRH creating source routing header with destination fd00::9076 
1789972042.287689;m3-207;[INFO: RPL       ] SRH path len: 0, ComprI 15, ComprE 15, ext len 8 (padding 0)
1789972042.287709;m3-207;[INFO: RPL       ] packet sent to 0200.0000.0000.9076, status 0, tx 1, new link metric 135
1789972042.294034;m3-208;[INFO: App       ] Received response 'hello 17' from fd00::a379
1789972042.602488;m3-213;[INFO: App       ] Sending request 17 to fd00::a379
1789972042.602534;m3-213;[INFO: RPL       ] creating hop-by-hop option
1789972042.634280;m3-213;[INFO: RPL       ] packet sent to 0200.0000.0000.a379, status 0, tx 1, new link metric 140
1789972042.639581;m3-207;[INFO: RPL       ] ext hdr: packet from fd00::8472 to fd00::a379 going up, sender closer 0 (270 < 128), rank error 0, loop detected 0
1789972042.639633;m3-207;[INFO: RPL       ] ext hdr: packet from fd00::8472 to fd00::a379 going up, sender closer 0 (270 < 128), rank error 0, loop detected 0
1789972042.639659;m3-207;[INFO: App       ] Received request 'hello 17' from fd00::8472
1789972042.655473;m3-207;[INFO: App       ] Sending response.
1789972042.655514;m3-207;[INFO: RPL       ] SRH creating source routing header with destination fd00::8472 
1789972042.655538;m3-207;[INFO: RPL       ] SRH path len: 0, ComprI 15, ComprE 15, ext len 8 (padding 0)
1789972042.698243;m3-213;[INFO: App       ] Received response 'hello 17' from fd00::a379
1789972042.703411;m3-207;[INFO: RPL       ] packet sent to 0200.0000.0000.8472, status 0, tx 1, new link metric 143
1789972043.541663;m3-215;[INFO: App       ] Sending request 17 to fd00::a379
1789972043.541719;m3-215;[INFO: RPL       ] creating hop-by-hop option
1789972043.605495;m3-215;[INFO: RPL       ] packet sent to 0200.0000.0000.a379, status 0, tx 1, new link metric 131
1789972043.611577;m3-207;[INFO: RPL       ] ext hdr: packet from fd00::9175 to fd00::a379 going up, sender closer 0 (260 < 128), rank error 0, loop detected 0
1789972043.611619;m3-207;[INFO: RPL       ] ext hdr: packet from fd00::9175 to fd00::a379 going up, sender closer 0 (260 < 128), rank error 0, loop detected 0
1789972043.611646;m3-207;[INFO: App       ] Received request 'hello 17' from fd00::9175
1789972043.611669;m3-207;[INFO: App       ] Sending response.
1789972043.611688;m3-207;[INFO: RPL       ] SRH creating source routing header with destination fd00::9175 
1789972043.621441;m3-215;[INFO: App       ] Received response 'hello 17' from fd00::a379
1789972043.627180;m3-207;[INFO: RPL       ] SRH path len: 0, ComprI 15, ComprE 15, ext len 8 (padding 0)
1789972043.627220;m3-207;[INFO: RPL       ] packet sent to 0200.0000.0000.9175, status 0, tx 1, new link metric 135
1789972044.224703;m3-217;[INFO: App       ] Sending request 16 to fd00::a379
1789972044.240493;m3-217;[INFO: RPL       ] creating hop-by-hop option
1789972044.240544;m3-217;[INFO: RPL       ] packet sent to 0200.0000.0000.a379, status 0, tx 1, new link metric 132
1789972044.247954;m3-207;[INFO: RPL       ] ext hdr: packet from fd00::9871 to fd00::a379 going up, sender closer 0 (261 < 128), rank error 0, loop detected 0
1789972044.247995;m3-207;[INFO: RPL       ] ext hdr: packet from fd00::9871 to fd00::a379 going up, sender closer 0 (261 < 128), rank error 0, loop detected 0
1789972044.248020;m3-207;[INFO: App       ] Received request 'hello 16' from fd00::9871
1789972044.248042;m3-207;[INFO: App       ] Sending response.
1789972044.248060;m3-207;[INFO: RPL       ] SRH creating source routing header with destination fd00::9871 
1789972044.263263;m3-207;[INFO: RPL       ] SRH path len: 0, ComprI 15, ComprE 15, ext len 8 (padding 0)
1789972044.311273;m3-207;[INFO: RPL       ] packet sent to 0200.0000.0000.9871, status 0, tx 1, new link metric 136
1789972044.320449;m3-217;[INFO: App       ] Received response 'hello 16' from fd00::a379
1789972044.604105;m3-219;[INFO: App       ] Sending request 17 to fd00::a379
1789972044.604190;m3-219;[INFO: RPL       ] creating hop-by-hop option
1789972044.604217;m3-219;[INFO: RPL       ] packet sent to 0200.0000.0000.a379, status 0, tx 1, new link metric 131
1789972044.614796;m3-207;[INFO: RPL       ] ext hdr: packet from fd00::b481 to fd00::a379 going up, sender closer 0 (260 < 128), rank error 0, loop detected 0
1789972044.614838;m3-207;[INFO: RPL       ] ext hdr: packet from fd00::b481 to fd00::a379 going up, sender closer 0 (260 < 128), rank error 0, loop detected 0
1789972044.614864;m3-207;[INFO: App       ] Received request 'hello 17' from fd00::b481
1789972044.614884;m3-207;[INFO: App       ] Sending response.
1789972044.614903;m3-207;[INFO: RPL       ] SRH creating source routing header with destination fd00::b481 
1789972044.614923;m3-207;[INFO: RPL       ] SRH path len: 0, ComprI 15, ComprE 15, ext len 8 (padding 0)
1789972044.619891;m3-219;[INFO: App       ] Received response 'hello 17' from fd00::a379
1789972044.630280;m3-207;[INFO: RPL       ] packet sent to 0200.0000.0000.b481, status 0, tx 1, new link metric 135
1789972047.150409;m3-218;[INFO: App       ] Sending request 17 to fd00::a379
1789972047.150499;m3-218;[INFO: RPL       ] creating hop-by-hop option
1789972047.214076;m3-218;[INFO: RPL       ] packet sent to 0200.0000.0000.a379, status 0, tx 1, new link metric 131
1789972047.222146;m3-207;[INFO: RPL       ] ext hdr: packet from fd00::b582 to fd00::a379 going up, sender closer 0 (260 < 128), rank error 0, loop detected 0
1789972047.222186;m3-207;[INFO: RPL       ] ext hdr: packet from fd00::b582 to fd00::a379 going up, sender closer 0 (260 < 128), rank error 0, loop detected 0
1789972047.222213;m3-207;[INFO: App       ] Received request 'hello 17' from fd00::b582
1789972047.222235;m3-207;[INFO: App       ] Sending response.
1789972047.222254;m3-207;[INFO: RPL       ] SRH creating source routing header with destination fd00::b582 
1789972047.222273;m3-207;[INFO: RPL       ] SRH path len: 0, ComprI 15, ComprE 15, ext len 8 (padding 0)
1789972047.273439;m3-207;[INFO: RPL       ] packet sent to 0200.0000.0000.b582, status 0, tx 1, new link metric 135
1789972047.278036;m3-218;[INFO: App       ] Received response 'hello 17' from fd00::a379
1789972047.394777;m3-216;[INFO: App       ] Sending request 18 to fd00::a379
1789972047.394834;m3-216;[INFO: RPL       ] creating hop-by-hop option
1789972047.442539;m3-216;[INFO: RPL       ] packet sent to 0200.0000.0000.a379, status 0, tx 1, new link metric 130
1789972047.445929;m3-207;[INFO: RPL       ] ext hdr: packet from fd00::b369 to fd00::a379 going up, sender closer 0 (259 < 128), rank error 0, loop detected 0
1789972047.445968;m3-207;[INFO: RPL       ] ext hdr: packet from fd00::b369 to fd00::a379 going up, sender closer 0 (259 < 128), rank error 0, loop detected 0
1789972047.445993;m3-207;[INFO: App       ] Received request 'hello 18' from fd00::b369
1789972047.446013;m3-207;[INFO: App       ] Sending response.
1789972047.458485;m3-216;[INFO: App       ] Received response 'hello 18' from fd00::a379
1789972047.461840;m3-207;[INFO: RPL       ] SRH creating source routing header with destination fd00::b369 
1789972047.461873;m3-207;[INFO: RPL       ] SRH path len: 0, ComprI 15, ComprE 15, ext len 8 (padding 0)
1789972047.461895;m3-207;[INFO: RPL       ] packet sent to 0200.0000.0000.b369, status 0, tx 1, new link metric 134
1789972048.515650;m3-209;[INFO: App       ] Sending request 17 to fd00::a379
1789972048.515742;m3-209;[INFO: RPL       ] creating hop-by-hop option
1789972048.579461;m3-209;[INFO: RPL       ] packet sent to 0200.0000.0000.a379, status 0, tx 1, new link metric 131
1789972048.581873;m3-207;[INFO: RPL       ] ext hdr: packet from fd00::b379 to fd00::a379 going up, sender closer 0 (260 < 128), rank error 0, loop detected 0
1789972048.581915;m3-207;[INFO: RPL       ] ext hdr: packet from fd00::b379 to fd00::a379 going up, sender closer 0 (260 < 128), rank error 0, loop detected 0
1789972048.581942;m3-207;[INFO: App       ] Received request 'hello 17' from fd00::b379
1789972048.581963;m3-207;[INFO: App       ] Sending response.
1789972048.581983;m3-207;[INFO: RPL       ] SRH creating source routing header with destination fd00::b379 
1789972048.582003;m3-207;[INFO: RPL       ] SRH path len: 0, ComprI 15, ComprE 15, ext len 8 (padding 0)
1789972048.611398;m3-209;[INFO: App       ] Received response 'hello 17' from fd00::a379
1789972048.613804;m3-207;[INFO: RPL       ] packet sent to 0200.0000.0000.b379, status 0, tx 1, new link metric 135
1789972049.639495;m3-214;[INFO: App       ] Sending request 17 to fd00::a379
1789972049.639587;m3-214;[INFO: RPL       ] creating hop-by-hop option
1789972049.685786;m3-207;[INFO: RPL       ] ext hdr: packet from fd00::9567 to fd00::a379 going up, sender closer 0 (260 < 128), rank error 0, loop detected 0
1789972049.687232;m3-214;[INFO: RPL       ] packet sent to 0200.0000.0000.a379, status 0, tx 1, new link metric 131
1789972049.701674;m3-207;[INFO: RPL       ] ext hdr: packet from fd00::9567 to fd00::a379 going up, sender closer 0 (260 < 128), rank error 0, loop detected 0
1789972049.701716;m3-207;[INFO: App       ] Received request 'hello 17' from fd00::9567
1789972049.701741;m3-207;[INFO: App       ] Sending response.
1789972049.701761;m3-207;[INFO: RPL       ] SRH creating source routing header with destination fd00::9567 
1789972049.701782;m3-207;[INFO: RPL       ] SRH path len: 0, ComprI 15, ComprE 15, ext len 8 (padding 0)
1789972049.749654;m3-207;[INFO: RPL       ] packet sent to 0200.0000.0000.9567, status 0, tx 1, new link metric 135
1789972049.751209;m3-214;[INFO: App       ] Received response 'hello 17' from fd00::a379
1789972050.142852;m3-211;[INFO: App       ] Sending request 18 to fd00::a379
1789972050.142932;m3-211;[INFO: RPL       ] creating hop-by-hop option
1789972050.197814;m3-207;[INFO: RPL       ] ext hdr: packet from fd00::8875 to fd00::a379 going up, sender closer 0 (259 < 128), rank error 0, loop detected 0
1789972050.206594;m3-211;[INFO: RPL       ] packet sent to 0200.0000.0000.a379, status 0, tx 1, new link metric 130
1789972050.213722;m3-207;[INFO: RPL       ] ext hdr: packet from fd00::8875 to fd00::a379 going up, sender closer 0 (259 < 128), rank error 0, loop detected 0
1789972050.213759;m3-207;[INFO: App       ] Received request 'hello 18' from fd00::8875
1789972050.213798;m3-207;[INFO: App       ] Sending response.
1789972050.213818;m3-207;[INFO: RPL       ] SRH creating source routing header with destination fd00::8875 
1789972050.213838;m3-207;[INFO: RPL       ] SRH path len: 0, ComprI 15, ComprE 15, ext len 8 (padding 0)
1789972050.270456;m3-211;[INFO: App       ] Received response 'hello 18' from fd00::a379
1789972050.277624;m3-207;[INFO: RPL       ] packet sent to 0200.0000.0000.8875, status 0, tx 1, new link metric 134
1789972050.416687;m3-210;[INFO: App       ] Sending request 17 to fd00::a379
1789972050.416739;m3-210;[INFO: RPL       ] creating hop-by-hop option
1789972050.424218;m3-220;[INFO: App       ] Sending request 18 to fd00::a379
1789972050.424256;m3-220;[INFO: RPL       ] creating hop-by-hop option
1789972050.432337;m3-210;[INFO: RPL       ] packet sent to 0200.0000.0000.a379, status 0, tx 1, new link metric 134
1789972050.437767;m3-207;[INFO: RPL       ] ext hdr: packet from fd00::c081 to fd00::a379 going up, sender closer 0 (263 < 128), rank error 0, loop detected 0
1789972050.437804;m3-207;[INFO: RPL       ] ext hdr: packet from fd00::c081 to fd00::a379 going up, sender closer 0 (263 < 128), rank error 0, loop detected 0
1789972050.437829;m3-207;[INFO: App       ] Received request 'hello 17' from fd00::c081
1789972050.437849;m3-207;[INFO: App       ] Sending response.
1789972050.437867;m3-207;[INFO: RPL       ] SRH creating source routing header with destination fd00::c081 
1789972050.453710;m3-207;[INFO: RPL       ] SRH path len: 0, ComprI 15, ComprE 15, ext len 8 (padding 0)
1789972050.453748;m3-207;[INFO: RPL       ] ext hdr: packet from fd00::2160 to fd00::a379 going up, sender closer 0 (263 < 128), rank error 0, loop detected 0
1789972050.453772;m3-207;[INFO: RPL       ] ext hdr: packet from fd00::2160 to fd00::a379 going up, sender closer 0 (263 < 128), rank error 0, loop detected 0
1789972050.453794;m3-207;[INFO: App       ] Received request 'hello 18' from fd00::2160
1789972050.453813;m3-207;[INFO: App       ] Sending response.
1789972050.455900;m3-220;[INFO: RPL       ] packet sent to 0200.0000.0000.a379, status 0, tx 1, new link metric 134
1789972050.469643;m3-207;[INFO: RPL       ] SRH creating source routing header with destination fd00::2160 
1789972050.469677;m3-207;[INFO: RPL       ] SRH path len: 0, ComprI 15, ComprE 15, ext len 8 (padding 0)
1789972050.469700;m3-207;[INFO: RPL       ] packet sent to 0200.0000.0000.c081, status 0, tx 1, new link metric 135
1789972050.481383;m3-210;[INFO: App       ] Received response 'hello 17' from fd00::a379
1789972050.517564;m3-207;[INFO: RPL       ] packet sent to 0200.0000.0000.2160, status 0, tx 1, new link metric 134
1789972050.519814;m3-220;[INFO: App       ] Received response 'hello 18' from fd00::a379
1789972050.709588;m3-207;[INFO: RPL       ] sending a multicast-DIO with rank 128 to ff02::1a
1789972050.710298;m3-221;[INFO: App       ] Sending request 17 to fd00::a379
1789972050.710332;m3-221;[INFO: RPL       ] creating hop-by-hop option
1789972050.720056;m3-217;[INFO: RPL       ] received a multicast-DIO from fe80::a379, instance_id 0, DAG ID fd00::a379, version 240, dtsn 240, rank 128
1789972050.720222;m3-210;[INFO: RPL       ] received a multicast-DIO from fe80::a379, instance_id 0, DAG ID fd00::a379, version 240, dtsn 240, rank 128
1789972050.720255;m3-210;[INFO: RPL       ] refreshing lifetime
1789972050.722246;m3-216;[INFO: RPL       ] received a multicast-DIO from fe80::a379, instance_id 0, DAG ID fd00::a379, version 240, dtsn 240, rank 128
1789972050.722281;m3-216;[INFO: RPL       ] refreshing lifetime
1789972050.723189;m3-209;[INFO: RPL       ] received a multicast-DIO from fe80::a379, instance_id 0, DAG ID fd00::a379, version 240, dtsn 240, rank 128
1789972050.723247;m3-209;[INFO: RPL       ] refreshing lifetime
1789972050.725032;m3-215;[INFO: RPL       ] received a multicast-DIO from fe80::a379, instance_id 0, DAG ID fd00::a379, version 240, dtsn 240, rank 128
1789972050.725065;m3-215;[INFO: RPL       ] refreshing lifetime
1789972050.725412;m3-208;[INFO: RPL       ] received a multicast-DIO from fe80::a379, instance_id 0, DAG ID fd00::a379, version 240, dtsn 240, rank 128
1789972050.725446;m3-208;[INFO: RPL       ] refreshing lifetime
1789972050.726080;m3-221;[INFO: RPL       ] received a multicast-DIO from fe80::a379, instance_id 0, DAG ID fd00::a379, version 240, dtsn 240, rank 128
1789972050.726112;m3-221;[INFO: RPL       ] refreshing lifetime
1789972050.727273;m3-214;[INFO: RPL       ] received a multicast-DIO from fe80::a379, instance_id 0, DAG ID fd00::a379, version 240, dtsn 240, rank 128
1789972050.727308;m3-214;[INFO: RPL       ] refreshing lifetime
1789972050.727692;m3-220;[INFO: RPL       ] received a multicast-DIO from fe80::a379, instance_id 0, DAG ID fd00::a379, version 240, dtsn 240, rank 128
1789972050.727726;m3-220;[INFO: RPL       ] refreshing lifetime
1789972050.733370;m3-213;[INFO: RPL       ] received a multicast-DIO from fe80::a379, instance_id 0, DAG ID fd00::a379, version 240, dtsn 240, rank 128
1789972050.733407;m3-213;[INFO: RPL       ] refreshing lifetime
1789972050.733431;m3-219;[INFO: RPL       ] received a multicast-DIO from fe80::a379, instance_id 0, DAG ID fd00::a379, version 240, dtsn 240, rank 128
1789972050.733455;m3-219;[INFO: RPL       ] refreshing lifetime
1789972050.733476;m3-212;[INFO: RPL       ] received a multicast-DIO from fe80::a379, instance_id 0, DAG ID fd00::a379, version 240, dtsn 240, rank 128
1789972050.733498;m3-212;[INFO: RPL       ] refreshing lifetime
1789972050.733689;m3-218;[INFO: RPL       ] received a multicast-DIO from fe80::a379, instance_id 0, DAG ID fd00::a379, version 240, dtsn 240, rank 128
1789972050.733735;m3-218;[INFO: RPL       ] refreshing lifetime
1789972050.734390;m3-211;[INFO: RPL       ] received a multicast-DIO from fe80::a379, instance_id 0, DAG ID fd00::a379, version 240, dtsn 240, rank 128
1789972050.734422;m3-211;[INFO: RPL       ] refreshing lifetime
1789972050.735749;m3-217;[INFO: RPL       ] refreshing lifetime
1789972050.757603;m3-207;[INFO: RPL       ] ext hdr: packet from fd00::9981 to fd00::a379 going up, sender closer 0 (260 < 128), rank error 0, loop detected 0
1789972050.758035;m3-221;[INFO: RPL       ] packet sent to 0200.0000.0000.a379, status 0, tx 1, new link metric 131
1789972050.773601;m3-207;[INFO: RPL       ] ext hdr: packet from fd00::9981 to fd00::a379 going up, sender closer 0 (260 < 128), rank error 0, loop detected 0
1789972050.773638;m3-207;[INFO: App       ] Received request 'hello 17' from fd00::9981
1789972050.773661;m3-207;[INFO: App       ] Sending response.
1789972050.773680;m3-207;[INFO: RPL       ] SRH creating source routing header with destination fd00::9981 
1789972050.773700;m3-207;[INFO: RPL       ] SRH path len: 0, ComprI 15, ComprE 15, ext len 8 (padding 0)
1789972050.789604;m3-207;[INFO: RPL       ] packet sent to 0200.0000.0000.9981, status 0, tx 1, new link metric 135
1789972050.790003;m3-221;[INFO: App       ] Received response 'hello 17' from fd00::a379
1789972051.641385;m3-213;[INFO: App       ] Sending request 18 to fd00::a379
1789972051.641474;m3-213;[INFO: RPL       ] creating hop-by-hop option
1789972051.653685;m3-207;[INFO: RPL       ] ext hdr: packet from fd00::8472 to fd00::a379 going up, sender closer 0 (268 < 128), rank error 0, loop detected 0
1789972051.653728;m3-207;[INFO: RPL       ] ext hdr: packet from fd00::8472 to fd00::a379 going up, sender closer 0 (268 < 128), rank error 0, loop detected 0
1789972051.653754;m3-207;[INFO: App       ] Received request 'hello 18' from fd00::8472
1789972051.653775;m3-207;[INFO: App       ] Sending response.
1789972051.657306;m3-213;[INFO: RPL       ] packet sent to 0200.0000.0000.a379, status 0, tx 1, new link metric 138
1789972051.669504;m3-207;[INFO: RPL       ] SRH creating source routing header with destination fd00::8472 
1789972051.669541;m3-207;[INFO: RPL       ] SRH path len: 0, ComprI 15, ComprE 15, ext len 8 (padding 0)
1789972051.669563;m3-207;[INFO: RPL       ] packet sent to 0200.0000.0000.8472, status 0, tx 1, new link metric 141
1789972051.673253;m3-213;[INFO: App       ] Received response 'hello 18' from fd00::a379
1789972051.804142;m3-212;[INFO: App       ] Sending request 17 to fd00::a379
1789972051.804193;m3-212;[INFO: RPL       ] creating hop-by-hop option
1789972051.861471;m3-207;[INFO: RPL       ] ext hdr: packet from fd00::b280 to fd00::a379 going up, sender closer 0 (260 < 128), rank error 0, loop detected 0
1789972051.861530;m3-207;[INFO: RPL       ] ext hdr: packet from fd00::b280 to fd00::a379 going up, sender closer 0 (260 < 128), rank error 0, loop detected 0
1789972051.867997;m3-212;[INFO: RPL       ] packet sent to 0200.0000.0000.a379, status 0, tx 1, new link metric 131
1789972051.877477;m3-207;[INFO: App       ] Received request 'hello 17' from fd00::b280
1789972051.877511;m3-207;[INFO: App       ] Sending response.
1789972051.877534;m3-207;[INFO: RPL       ] SRH creating source routing header with destination fd00::b280 
1789972051.877555;m3-207;[INFO: RPL       ] SRH path len: 0, ComprI 15, ComprE 15, ext len 8 (padding 0)
1789972051.877575;m3-207;[INFO: RPL       ] packet sent to 0200.0000.0000.b280, status 0, tx 1, new link metric 135
1789972051.883956;m3-212;[INFO: App       ] Received response 'hello 17' from fd00::a379
1789972052.165209;m3-208;[INFO: App       ] Sending request 18 to fd00::a379
1789972052.165275;m3-208;[INFO: RPL       ] creating hop-by-hop option
1789972052.179983;m3-207;[INFO: RPL       ] ext hdr: packet from fd00::9076 to fd00::a379 going up, sender closer 0 (293 < 128), rank error 0, loop detected 0
1789972052.180036;m3-207;[INFO: RPL       ] ext hdr: packet from fd00::9076 to fd00::a379 going up, sender closer 0 (293 < 128), rank error 0, loop detected 0
1789972052.180064;m3-207;[INFO: App       ] Received request 'hello 18' from fd00::9076
1789972052.180086;m3-207;[INFO: App       ] Sending response.
1789972052.180106;m3-207;[INFO: RPL       ] SRH creating source routing header with destination fd00::9076 
1789972052.180929;m3-208;[INFO: RPL       ] packet sent to 0200.0000.0000.a379, status 0, tx 1, new link metric 161
1789972052.195414;m3-207;[INFO: RPL       ] SRH path len: 0, ComprI 15, ComprE 15, ext len 8 (padding 0)
1789972052.227369;m3-207;[INFO: RPL       ] packet sent to 0200.0000.0000.9076, status 0, tx 1, new link metric 134
1789972052.229030;m3-208;[INFO: App       ] Received response 'hello 18' from fd00::a379
1789972053.079169;m3-214;[INFO: RPL       ] probing fe80::b481  last tx 1 min ago
1789972053.079276;m3-214;[INFO: RPL       ] sending a unicast-DIO with rank 259 to fe80::b481
1789972053.094926;m3-214;[INFO: RPL       ] packet sent to 0200.0000.0000.b481, status 0, tx 1, new link metric 200
1789972053.099093;m3-219;[INFO: RPL       ] received a unicast-DIO from fe80::9567, instance_id 0, DAG ID fd00::a379, version 240, dtsn 240, rank 259
1789972053.347521;m3-207;[INFO: RPL       ] ext hdr: packet from fd00::9175 to fd00::a379 going up, sender closer 0 (259 < 128), rank error 0, loop detected 0
1789972053.348547;m3-215;[INFO: App       ] Sending request 18 to fd00::a379
1789972053.348584;m3-215;[INFO: RPL       ] creating hop-by-hop option
1789972053.348608;m3-215;[INFO: RPL       ] packet sent to 0200.0000.0000.a379, status 0, tx 1, new link metric 130
1789972053.363372;m3-207;[INFO: RPL       ] ext hdr: packet from fd00::9175 to fd00::a379 going up, sender closer 0 (259 < 128), rank error 0, loop detected 0
1789972053.363421;m3-207;[INFO: App       ] Received request 'hello 18' from fd00::9175
1789972053.363446;m3-207;[INFO: App       ] Sending response.
1789972053.363467;m3-207;[INFO: RPL       ] SRH creating source routing header with destination fd00::9175 
1789972053.363492;m3-207;[INFO: RPL       ] SRH path len: 0, ComprI 15, ComprE 15, ext len 8 (padding 0)
1789972053.363514;m3-207;[INFO: RPL       ] packet sent to 0200.0000.0000.9175, status 0, tx 1, new link metric 134
1789972053.364350;m3-215;[INFO: App       ] Received response 'hello 18' from fd00::a379
1789972054.443099;m3-219;[INFO: App       ] Sending request 18 to fd00::a379
1789972054.443208;m3-219;[INFO: RPL       ] creating hop-by-hop option
1789972054.474896;m3-219;[INFO: RPL       ] packet sent to 0200.0000.0000.a379, status 0, tx 1, new link metric 130
1789972054.483308;m3-207;[INFO: RPL       ] ext hdr: packet from fd00::b481 to fd00::a379 going up, sender closer 0 (259 < 128), rank error 0, loop detected 0
1789972054.483363;m3-207;[INFO: RPL       ] ext hdr: packet from fd00::b481 to fd00::a379 going up, sender closer 0 (259 < 128), rank error 0, loop detected 0
1789972054.483391;m3-207;[INFO: App       ] Received request 'hello 18' from fd00::b481
1789972054.483412;m3-207;[INFO: App       ] Sending response.
1789972054.483431;m3-207;[INFO: RPL       ] SRH creating source routing header with destination fd00::b481 
1789972054.483451;m3-207;[INFO: RPL       ] SRH path len: 0, ComprI 15, ComprE 15, ext len 8 (padding 0)
1789972054.531227;m3-207;[INFO: RPL       ] packet sent to 0200.0000.0000.b481, status 0, tx 1, new link metric 134
1789972054.541394;m3-219;[INFO: App       ] Received response 'hello 18' from fd00::a379
1789972054.927563;m3-217;[INFO: App       ] Sending request 17 to fd00::a379
1789972054.927655;m3-217;[INFO: RPL       ] creating hop-by-hop option
1789972054.943361;m3-217;[INFO: RPL       ] packet sent to 0200.0000.0000.a379, status 0, tx 1, new link metric 131
1789972054.947263;m3-207;[INFO: RPL       ] ext hdr: packet from fd00::9871 to fd00::a379 going up, sender closer 0 (260 < 128), rank error 0, loop detected 0
1789972054.947304;m3-207;[INFO: RPL       ] ext hdr: packet from fd00::9871 to fd00::a379 going up, sender closer 0 (260 < 128), rank error 0, loop detected 0
1789972054.947331;m3-207;[INFO: App       ] Received request 'hello 17' from fd00::9871
1789972054.947354;m3-207;[INFO: App       ] Sending response.
1789972054.947374;m3-207;[INFO: RPL       ] SRH creating source routing header with destination fd00::9871 
1789972054.959239;m3-217;[INFO: App       ] Received response 'hello 17' from fd00::a379
1789972054.963068;m3-207;[INFO: RPL       ] SRH path len: 0, ComprI 15, ComprE 15, ext len 8 (padding 0)
1789972054.963104;m3-207;[INFO: RPL       ] packet sent to 0200.0000.0000.9871, status 0, tx 1, new link metric 135
1789972056.845449;m3-218;[INFO: App       ] Sending request 18 to fd00::a379
1789972056.845540;m3-218;[INFO: RPL       ] creating hop-by-hop option
1789972056.845565;m3-218;[INFO: RPL       ] packet sent to 0200.0000.0000.a379, status 0, tx 1, new link metric 130
1789972056.848545;m3-207;[INFO: RPL       ] ext hdr: packet from fd00::b582 to fd00::a379 going up, sender closer 0 (259 < 128), rank error 0, loop detected 0
1789972056.848593;m3-207;[INFO: RPL       ] ext hdr: packet from fd00::b582 to fd00::a379 going up, sender closer 0 (259 < 128), rank error 0, loop detected 0
1789972056.848618;m3-207;[INFO: App       ] Received request 'hello 18' from fd00::b582
1789972056.848638;m3-207;[INFO: App       ] Sending response.
1789972056.848673;m3-207;[INFO: RPL       ] SRH creating source routing header with destination fd00::b582 
1789972056.861001;m3-218;[INFO: App       ] Received response 'hello 18' from fd00::a379
1789972056.863874;m3-207;[INFO: RPL       ] SRH path len: 0, ComprI 15, ComprE 15, ext len 8 (padding 0)
1789972056.863908;m3-207;[INFO: RPL       ] packet sent to 0200.0000.0000.b582, status 0, tx 1, new link metric 134
1789972057.985604;m3-216;[INFO: App       ] Sending request 19 to fd00::a379
1789972057.985717;m3-216;[INFO: RPL       ] creating hop-by-hop option
1789972058.047350;m3-207;[INFO: RPL       ] ext hdr: packet from fd00::b369 to fd00::a379 going up, sender closer 0 (258 < 128), rank error 0, loop detected 0
1789972058.047401;m3-207;[INFO: RPL       ] ext hdr: packet from fd00::b369 to fd00::a379 going up, sender closer 0 (258 < 128), rank error 0, loop detected 0
1789972058.047431;m3-207;[INFO: App       ] Received request 'hello 19' from fd00::b369
1789972058.047454;m3-207;[INFO: App       ] Sending response.
1789972058.047475;m3-207;[INFO: RPL       ] SRH creating source routing header with destination fd00::b369 
1789972058.049471;m3-216;[INFO: RPL       ] packet sent to 0200.0000.0000.a379, status 0, tx 1, new link metric 129
1789972058.062845;m3-207;[INFO: RPL       ] SRH path len: 0, ComprI 15, ComprE 15, ext len 8 (padding 0)
1789972058.110779;m3-207;[INFO: RPL       ] packet sent to 0200.0000.0000.b369, status 0, tx 1, new link metric 133
1789972058.113370;m3-216;[INFO: App       ] Received response 'hello 19' from fd00::a379
1789972059.506539;m3-209;[INFO: App       ] Sending request 18 to fd00::a379
1789972059.506644;m3-209;[INFO: RPL       ] creating hop-by-hop option
1789972059.534918;m3-207;[INFO: RPL       ] ext hdr: packet from fd00::b379 to fd00::a379 going up, sender closer 0 (259 < 128), rank error 0, loop detected 0
1789972059.534966;m3-207;[INFO: RPL       ] ext hdr: packet from fd00::b379 to fd00::a379 going up, sender closer 0 (259 < 128), rank error 0, loop detected 0
1789972059.534995;m3-207;[INFO: App       ] Received request 'hello 18' from fd00::b379
1789972059.535019;m3-207;[INFO: App       ] Sending response.
1789972059.535041;m3-207;[INFO: RPL       ] SRH creating source routing header with destination fd00::b379 
1789972059.538230;m3-209;[INFO: RPL       ] packet sent to 0200.0000.0000.a379, status 0, tx 1, new link metric 130
1789972059.550678;m3-207;[INFO: RPL       ] SRH path len: 0, ComprI 15, ComprE 15, ext len 8 (padding 0)
1789972059.598673;m3-207;[INFO: RPL       ] packet sent to 0200.0000.0000.b379, status 0, tx 1, new link metric 134
1789972059.602171;m3-209;[INFO: App       ] Received response 'hello 18' from fd00::a379
1789972059.655038;m3-220;[INFO: App       ] Sending request 19 to fd00::a379
1789972059.655087;m3-220;[INFO: RPL       ] creating hop-by-hop option
1789972059.689403;m3-220;[INFO: RPL       ] packet sent to 0200.0000.0000.a379, status 0, tx 1, new link metric 133
1789972059.694672;m3-207;[INFO: RPL       ] ext hdr: packet from fd00::2160 to fd00::a379 going up, sender closer 0 (262 < 128), rank error 0, loop detected 0
1789972059.694710;m3-207;[INFO: RPL       ] ext hdr: packet from fd00::2160 to fd00::a379 going up, sender closer 0 (262 < 128), rank error 0, loop detected 0
1789972059.694735;m3-207;[INFO: App       ] Received request 'hello 19' from fd00::2160
1789972059.694756;m3-207;[INFO: App       ] Sending response.
1789972059.710634;m3-207;[INFO: RPL       ] SRH creating source routing header with destination fd00::2160 
1789972059.710680;m3-207;[INFO: RPL       ] SRH path len: 0, ComprI 15, ComprE 15, ext len 8 (padding 0)
1789972059.710702;m3-207;[INFO: RPL       ] packet sent to 0200.0000.0000.2160, status 0, tx 1, new link metric 133
1789972059.718869;m3-220;[INFO: App       ] Received response 'hello 19' from fd00::a379
1789972060.070440;m3-214;[INFO: App       ] Sending request 18 to fd00::a379
1789972060.070517;m3-214;[INFO: RPL       ] creating hop-by-hop option
1789972060.086208;m3-214;[INFO: RPL       ] packet sent to 0200.0000.0000.a379, status 0, tx 1, new link metric 130
1789972060.092361;m3-207;[INFO: RPL       ] ext hdr: packet from fd00::9567 to fd00::a379 going up, sender closer 0 (259 < 128), rank error 0, loop detected 0
1789972060.092399;m3-207;[INFO: RPL       ] ext hdr: packet from fd00::9567 to fd00::a379 going up, sender closer 0 (259 < 128), rank error 0, loop detected 0
1789972060.092425;m3-207;[INFO: App       ] Received request 'hello 18' from fd00::9567
1789972060.092446;m3-207;[INFO: App       ] Sending response.
1789972060.092465;m3-207;[INFO: RPL       ] SRH creating source routing header with destination fd00::9567 
1789972060.102137;m3-214;[INFO: App       ] Received response 'hello 18' from fd00::a379
1789972060.107665;m3-207;[INFO: RPL       ] SRH path len: 0, ComprI 15, ComprE 15, ext len 8 (padding 0)
1789972060.107701;m3-207;[INFO: RPL       ] packet sent to 0200.0000.0000.9567, status 0, tx 1, new link metric 134
1789972060.207573;m3-210;[INFO: App       ] Sending request 18 to fd00::a379
1789972060.207642;m3-210;[INFO: RPL       ] creating hop-by-hop option
1789972060.251671;m3-207;[INFO: RPL       ] ext hdr: packet from fd00::c081 to fd00::a379 going up, sender closer 0 (262 < 128), rank error 0, loop detected 0
1789972060.255395;m3-210;[INFO: RPL       ] packet sent to 0200.0000.0000.a379, status 0, tx 1, new link metric 133
1789972060.267672;m3-207;[INFO: RPL       ] ext hdr: packet from fd00::c081 to fd00::a379 going up, sender closer 0 (262 < 128), rank error 0, loop detected 0
1789972060.267713;m3-207;[INFO: App       ] Received request 'hello 18' from fd00::c081
1789972060.267735;m3-207;[INFO: App       ] Sending response.
1789972060.267755;m3-207;[INFO: RPL       ] SRH creating source routing header with destination fd00::c081 
1789972060.267775;m3-207;[INFO: RPL       ] SRH path len: 0, ComprI 15, ComprE 15, ext len 8 (padding 0)
1789972060.267794;m3-207;[INFO: RPL       ] packet sent to 0200.0000.0000.c081, status 0, tx 1, new link metric 134
1789972060.271310;m3-210;[INFO: App       ] Received response 'hello 18' from fd00::a379
1789972060.789315;m3-221;[INFO: App       ] Sending request 18 to fd00::a379
1789972060.789401;m3-221;[INFO: RPL       ] creating hop-by-hop option
1789972060.805118;m3-221;[INFO: RPL       ] packet sent to 0200.0000.0000.a379, status 0, tx 1, new link metric 130
1789972060.811618;m3-207;[INFO: RPL       ] ext hdr: packet from fd00::9981 to fd00::a379 going up, sender closer 0 (259 < 128), rank error 0, loop detected 0
1789972060.811675;m3-207;[INFO: RPL       ] ext hdr: packet from fd00::9981 to fd00::a379 going up, sender closer 0 (259 < 128), rank error 0, loop detected 0
1789972060.811703;m3-207;[INFO: App       ] Received request 'hello 18' from fd00::9981
1789972060.827497;m3-207;[INFO: App       ] Sending response.
1789972060.827536;m3-207;[INFO: RPL       ] SRH creating source routing header with destination fd00::9981 
1789972060.827561;m3-207;[INFO: RPL       ] SRH path len: 0, ComprI 15, ComprE 15, ext len 8 (padding 0)
1789972060.885052;m3-221;[INFO: App       ] Received response 'hello 18' from fd00::a379
1789972060.891438;m3-207;[INFO: RPL       ] packet sent to 0200.0000.0000.9981, status 0, tx 1, new link metric 134
1789972060.925635;m3-211;[INFO: App       ] Sending request 19 to fd00::a379
1789972060.925673;m3-211;[INFO: RPL       ] creating hop-by-hop option
1789972060.971514;m3-207;[INFO: RPL       ] ext hdr: packet from fd00::8875 to fd00::a379 going up, sender closer 0 (258 < 128), rank error 0, loop detected 0
1789972060.971555;m3-207;[INFO: RPL       ] ext hdr: packet from fd00::8875 to fd00::a379 going up, sender closer 0 (258 < 128), rank error 0, loop detected 0
1789972060.971583;m3-207;[INFO: App       ] Received request 'hello 19' from fd00::8875
1789972060.973459;m3-211;[INFO: RPL       ] packet sent to 0200.0000.0000.a379, status 0, tx 1, new link metric 129
1789972060.987416;m3-207;[INFO: App       ] Sending response.
1789972060.987452;m3-207;[INFO: RPL       ] SRH creating source routing header with destination fd00::8875 
1789972060.987477;m3-207;[INFO: RPL       ] SRH path len: 0, ComprI 15, ComprE 15, ext len 8 (padding 0)
1789972061.005375;m3-207;[INFO: RPL       ] packet sent to 0200.0000.0000.8875, status 0, tx 1, new link metric 133
1789972061.005587;m3-211;[INFO: App       ] Received response 'hello 19' from fd00::a379
1789972061.240409;m3-213;[INFO: App       ] Sending request 19 to fd00::a379
1789972061.240500;m3-213;[INFO: RPL       ] creating hop-by-hop option
1789972061.304181;m3-213;[INFO: RPL       ] packet sent to 0200.0000.0000.a379, status 0, tx 1, new link metric 137
1789972061.307524;m3-207;[INFO: RPL       ] ext hdr: packet from fd00::8472 to fd00::a379 going up, sender closer 0 (266 < 128), rank error 0, loop detected 0
1789972061.307567;m3-207;[INFO: RPL       ] ext hdr: packet from fd00::8472 to fd00::a379 going up, sender closer 0 (266 < 128), rank error 0, loop detected 0
1789972061.307594;m3-207;[INFO: App       ] Received request 'hello 19' from fd00::8472
1789972061.307618;m3-207;[INFO: App       ] Sending response.
1789972061.307640;m3-207;[INFO: RPL       ] SRH creating source routing header with destination fd00::8472 
1789972061.307662;m3-207;[INFO: RPL       ] SRH path len: 0, ComprI 15, ComprE 15, ext len 8 (padding 0)
1789972061.368164;m3-213;[INFO: App       ] Received response 'hello 19' from fd00::a379
1789972061.371520;m3-207;[INFO: RPL       ] packet sent to 0200.0000.0000.8472, status 0, tx 1, new link metric 139
1789972061.963191;m3-212;[INFO: App       ] Sending request 18 to fd00::a379
1789972061.978977;m3-212;[INFO: RPL       ] creating hop-by-hop option
1789972061.979022;m3-212;[INFO: RPL       ] packet sent to 0200.0000.0000.a379, status 0, tx 1, new link metric 130
1789972061.979387;m3-207;[INFO: RPL       ] ext hdr: packet from fd00::b280 to fd00::a379 going up, sender closer 0 (259 < 128), rank error 0, loop detected 0
1789972061.995346;m3-207;[INFO: RPL       ] ext hdr: packet from fd00::b280 to fd00::a379 going up, sender closer 0 (259 < 128), rank error 0, loop detected 0
1789972061.995389;m3-207;[INFO: App       ] Received request 'hello 18' from fd00::b280
1789972061.995414;m3-207;[INFO: App       ] Sending response.
1789972061.995436;m3-207;[INFO: RPL       ] SRH creating source routing header with destination fd00::b280 
1789972061.995458;m3-207;[INFO: RPL       ] SRH path len: 0, ComprI 15, ComprE 15, ext len 8 (padding 0)
1789972062.011043;m3-212;[INFO: App       ] Received response 'hello 18' from fd00::a379
1789972062.011474;m3-207;[INFO: RPL       ] packet sent to 0200.0000.0000.b280, status 0, tx 1, new link metric 134
1789972062.836156;m3-208;[INFO: App       ] Sending request 19 to fd00::a379
1789972062.836244;m3-208;[INFO: RPL       ] creating hop-by-hop option
1789972062.883922;m3-208;[INFO: RPL       ] packet sent to 0200.0000.0000.a379, status 0, tx 1, new link metric 157
1789972062.891380;m3-207;[INFO: RPL       ] ext hdr: packet from fd00::9076 to fd00::a379 going up, sender closer 0 (289 < 128), rank error 0, loop detected 0
1789972062.891429;m3-207;[INFO: RPL       ] ext hdr: packet from fd00::9076 to fd00::a379 going up, sender closer 0 (289 < 128), rank error 0, loop detected 0
1789972062.891458;m3-207;[INFO: App       ] Received request 'hello 19' from fd00::9076
1789972062.891481;m3-207;[INFO: App       ] Sending response.
1789972062.891502;m3-207;[INFO: RPL       ] SRH creating source routing header with destination fd00::9076 
1789972062.891524;m3-207;[INFO: RPL       ] SRH path len: 0, ComprI 15, ComprE 15, ext len 8 (padding 0)
1789972062.947867;m3-208;[INFO: App       ] Received response 'hello 19' from fd00::a379
1789972062.955254;m3-207;[INFO: RPL       ] packet sent to 0200.0000.0000.9076, status 0, tx 1, new link metric 133
1789972063.827564;m3-215;[INFO: App       ] Sending request 19 to fd00::a379
1789972063.837411;m3-207;[INFO: RPL       ] ext hdr: packet from fd00::9175 to fd00::a379 going up, sender closer 0 (258 < 128), rank error 0, loop detected 0
1789972063.843264;m3-215;[INFO: RPL       ] creating hop-by-hop option
1789972063.843303;m3-215;[INFO: RPL       ] packet sent to 0200.0000.0000.a379, status 0, tx 1, new link metric 129
1789972063.851210;m3-207;[INFO: RPL       ] ext hdr: packet from fd00::9175 to fd00::a379 going up, sender closer 0 (258 < 128), rank error 0, loop detected 0
1789972063.851250;m3-207;[INFO: App       ] Received request 'hello 19' from fd00::9175
1789972063.851275;m3-207;[INFO: App       ] Sending response.
1789972063.851296;m3-207;[INFO: RPL       ] SRH creating source routing header with destination fd00::9175 
1789972063.851318;m3-207;[INFO: RPL       ] SRH path len: 0, ComprI 15, ComprE 15, ext len 8 (padding 0)
1789972063.883166;m3-207;[INFO: RPL       ] packet sent to 0200.0000.0000.9175, status 0, tx 1, new link metric 133
1789972063.891180;m3-215;[INFO: App       ] Received response 'hello 19' from fd00::a379
1789972063.962057;m3-219;[INFO: App       ] Sending request 19 to fd00::a379
1789972063.962096;m3-219;[INFO: RPL       ] creating hop-by-hop option
1789972063.977866;m3-219;[INFO: RPL       ] packet sent to 0200.0000.0000.a379, status 0, tx 1, new link metric 129
1789972063.979212;m3-207;[INFO: RPL       ] ext hdr: packet from fd00::b481 to fd00::a379 going up, sender closer 0 (258 < 128), rank error 0, loop detected 0
1789972063.995217;m3-207;[INFO: RPL       ] ext hdr: packet from fd00::b481 to fd00::a379 going up, sender closer 0 (258 < 128), rank error 0, loop detected 0
1789972063.995257;m3-207;[INFO: App       ] Received request 'hello 19' from fd00::b481
1789972063.995281;m3-207;[INFO: App       ] Sending response.
1789972063.995303;m3-207;[INFO: RPL       ] SRH creating source routing header with destination fd00::b481 
1789972063.995324;m3-207;[INFO: RPL       ] SRH path len: 0, ComprI 15, ComprE 15, ext len 8 (padding 0)
1789972064.025911;m3-219;[INFO: App       ] Received response 'hello 19' from fd00::a379
1789972064.027239;m3-207;[INFO: RPL       ] packet sent to 0200.0000.0000.b481, status 0, tx 1, new link metric 133
1789972065.291292;m3-207;[INFO: RPL       ] ext hdr: packet from fd00::9871 to fd00::a379 going up, sender closer 0 (259 < 128), rank error 0, loop detected 0
1789972065.294542;m3-217;[INFO: App       ] Sending request 18 to fd00::a379
1789972065.294619;m3-217;[INFO: RPL       ] creating hop-by-hop option
1789972065.294646;m3-217;[INFO: RPL       ] packet sent to 0200.0000.0000.a379, status 0, tx 1, new link metric 130
1789972065.307161;m3-207;[INFO: RPL       ] ext hdr: packet from fd00::9871 to fd00::a379 going up, sender closer 0 (259 < 128), rank error 0, loop detected 0
1789972065.307205;m3-207;[INFO: App       ] Received request 'hello 18' from fd00::9871
1789972065.307230;m3-207;[INFO: App       ] Sending response.
1789972065.307251;m3-207;[INFO: RPL       ] SRH creating source routing header with destination fd00::9871 
1789972065.307273;m3-207;[INFO: RPL       ] SRH path len: 0, ComprI 15, ComprE 15, ext len 8 (padding 0)
1789972065.326385;m3-217;[INFO: App       ] Received response 'hello 18' from fd00::a379
1789972065.339180;m3-207;[INFO: RPL       ] packet sent to 0200.0000.0000.9871, status 0, tx 1, new link metric 134
1789972066.049851;m3-209;[INFO: RPL       ] sending a multicast-DIO with rank 258 to ff02::1a
1789972066.099151;m3-215;[INFO: RPL       ] received a multicast-DIO from fe80::b379, instance_id 0, DAG ID fd00::a379, version 240, dtsn 240, rank 258
1789972066.099673;m3-208;[INFO: RPL       ] received a multicast-DIO from fe80::b379, instance_id 0, DAG ID fd00::a379, version 240, dtsn 240, rank 258
1789972066.100537;m3-221;[INFO: RPL       ] received a multicast-DIO from fe80::b379, instance_id 0, DAG ID fd00::a379, version 240, dtsn 240, rank 258
1789972066.101761;m3-214;[INFO: RPL       ] received a multicast-DIO from fe80::b379, instance_id 0, DAG ID fd00::a379, version 240, dtsn 240, rank 258
1789972066.102220;m3-220;[INFO: RPL       ] received a multicast-DIO from fe80::b379, instance_id 0, DAG ID fd00::a379, version 240, dtsn 240, rank 258
1789972066.103873;m3-213;[INFO: RPL       ] received a multicast-DIO from fe80::b379, instance_id 0, DAG ID fd00::a379, version 240, dtsn 240, rank 258
1789972066.105772;m3-219;[INFO: RPL       ] received a multicast-DIO from fe80::b379, instance_id 0, DAG ID fd00::a379, version 240, dtsn 240, rank 258
1789972066.106560;m3-212;[INFO: RPL       ] received a multicast-DIO from fe80::b379, instance_id 0, DAG ID fd00::a379, version 240, dtsn 240, rank 258
1789972066.106913;m3-207;[INFO: RPL       ] received a multicast-DIO from fe80::b379, instance_id 0, DAG ID fd00::a379, version 240, dtsn 240, rank 258
1789972066.108147;m3-218;[INFO: RPL       ] received a multicast-DIO from fe80::b379, instance_id 0, DAG ID fd00::a379, version 240, dtsn 240, rank 258
1789972066.109019;m3-211;[INFO: RPL       ] received a multicast-DIO from fe80::b379, instance_id 0, DAG ID fd00::a379, version 240, dtsn 240, rank 258
1789972066.113374;m3-217;[INFO: RPL       ] received a multicast-DIO from fe80::b379, instance_id 0, DAG ID fd00::a379, version 240, dtsn 240, rank 258
1789972066.113430;m3-210;[INFO: RPL       ] received a multicast-DIO from fe80::b379, instance_id 0, DAG ID fd00::a379, version 240, dtsn 240, rank 258
1789972066.113460;m3-216;[INFO: RPL       ] received a multicast-DIO from fe80::b379, instance_id 0, DAG ID fd00::a379, version 240, dtsn 240, rank 258
1789972067.643033;m3-207;[INFO: RPL       ] ext hdr: packet from fd00::b582 to fd00::a379 going up, sender closer 0 (258 < 128), rank error 0, loop detected 0
1789972067.643129;m3-207;[INFO: RPL       ] ext hdr: packet from fd00::b582 to fd00::a379 going up, sender closer 0 (258 < 128), rank error 0, loop detected 0
1789972067.643886;m3-218;[INFO: App       ] Sending request 19 to fd00::a379
1789972067.643921;m3-218;[INFO: RPL       ] creating hop-by-hop option
1789972067.643944;m3-218;[INFO: RPL       ] packet sent to 0200.0000.0000.a379, status 0, tx 1, new link metric 129
1789972067.658926;m3-207;[INFO: App       ] Received request 'hello 19' from fd00::b582
1789972067.658973;m3-207;[INFO: App       ] Sending response.
1789972067.658998;m3-207;[INFO: RPL       ] SRH creating source routing header with destination fd00::b582 
1789972067.659022;m3-207;[INFO: RPL       ] SRH path len: 0, ComprI 15, ComprE 15, ext len 8 (padding 0)
1789972067.659044;m3-207;[INFO: RPL       ] packet sent to 0200.0000.0000.b582, status 0, tx 1, new link metric 133
1789972067.659698;m3-218;[INFO: App       ] Received response 'hello 19' from fd00::a379
1789972068.720295;m3-216;[INFO: App       ] Tx/Rx/MissedTx: 20/20/0
1789972068.720406;m3-216;[INFO: App       ] Sending request 20 to fd00::a379
1789972068.720433;m3-216;[INFO: RPL       ] creating hop-by-hop option
1789972068.762853;m3-207;[INFO: RPL       ] ext hdr: packet from fd00::b369 to fd00::a379 going up, sender closer 0 (257 < 128), rank error 0, loop detected 0
1789972068.762926;m3-207;[INFO: RPL       ] ext hdr: packet from fd00::b369 to fd00::a379 going up, sender closer 0 (257 < 128), rank error 0, loop detected 0
1789972068.762958;m3-207;[INFO: App       ] Received request 'hello 20' from fd00::b369
1789972068.768097;m3-216;[INFO: RPL       ] packet sent to 0200.0000.0000.a379, status 0, tx 1, new link metric 128
1789972068.778669;m3-207;[INFO: App       ] Sending response.
1789972068.778708;m3-207;[INFO: RPL       ] SRH creating source routing header with destination fd00::b369 
1789972068.778733;m3-207;[INFO: RPL       ] SRH path len: 0, ComprI 15, ComprE 15, ext len 8 (padding 0)
1789972068.826677;m3-207;[INFO: RPL       ] packet sent to 0200.0000.0000.b369, status 0, tx 1, new link metric 132
1789972068.832065;m3-216;[INFO: App       ] Received response 'hello 20' from fd00::a379
1789972069.205966;m3-220;[INFO: App       ] Tx/Rx/MissedTx: 20/20/0
1789972069.206046;m3-220;[INFO: App       ] Sending request 20 to fd00::a379
1789972069.206072;m3-220;[INFO: RPL       ] creating hop-by-hop option
1789972069.237726;m3-220;[INFO: RPL       ] packet sent to 0200.0000.0000.a379, status 0, tx 1, new link metric 132
1789972069.242647;m3-207;[INFO: RPL       ] ext hdr: packet from fd00::2160 to fd00::a379 going up, sender closer 0 (261 < 128), rank error 0, loop detected 0
1789972069.242690;m3-207;[INFO: RPL       ] ext hdr: packet from fd00::2160 to fd00::a379 going up, sender closer 0 (261 < 128), rank error 0, loop detected 0
1789972069.242718;m3-207;[INFO: App       ] Received request 'hello 20' from fd00::2160
1789972069.242740;m3-207;[INFO: App       ] Sending response.
1789972069.242761;m3-207;[INFO: RPL       ] SRH creating source routing header with destination fd00::2160 
1789972069.242782;m3-207;[INFO: RPL       ] SRH path len: 0, ComprI 15, ComprE 15, ext len 8 (padding 0)
1789972069.269670;m3-220;[INFO: App       ] Received response 'hello 20' from fd00::a379
1789972069.274575;m3-207;[INFO: RPL       ] packet sent to 0200.0000.0000.2160, status 0, tx 1, new link metric 132
1789972069.425306;m3-209;[INFO: App       ] Sending request 19 to fd00::a379
1789972069.425376;m3-209;[INFO: RPL       ] creating hop-by-hop option
1789972069.457105;m3-209;[INFO: RPL       ] packet sent to 0200.0000.0000.a379, status 0, tx 1, new link metric 129
1789972069.465623;m3-207;[INFO: RPL       ] ext hdr: packet from fd00::b379 to fd00::a379 going up, sender closer 0 (258 < 128), rank error 0, loop detected 0
1789972069.465663;m3-207;[INFO: RPL       ] ext hdr: packet from fd00::b379 to fd00::a379 going up, sender closer 0 (258 < 128), rank error 0, loop detected 0
1789972069.465689;m3-207;[INFO: App       ] Received request 'hello 19' from fd00::b379
1789972069.465710;m3-207;[INFO: App       ] Sending response.
1789972069.465730;m3-207;[INFO: RPL       ] SRH creating source routing header with destination fd00::b379 
1789972069.480615;m3-207;[INFO: RPL       ] SRH path len: 0, ComprI 15, ComprE 15, ext len 8 (padding 0)
1789972069.496600;m3-207;[INFO: RPL       ] packet sent to 0200.0000.0000.b379, status 0, tx 1, new link metric 133
1789972069.505046;m3-209;[INFO: App       ] Received response 'hello 19' from fd00::a379
1789972069.876328;m3-221;[INFO: App       ] Sending request 19 to fd00::a379
1789972069.876409;m3-221;[INFO: RPL       ] creating hop-by-hop option
1789972069.908132;m3-221;[INFO: RPL       ] packet sent to 0200.0000.0000.a379, status 0, tx 1, new link metric 129
1789972069.912595;m3-207;[INFO: RPL       ] ext hdr: packet from fd00::9981 to fd00::a379 going up, sender closer 0 (258 < 128), rank error 0, loop detected 0
1789972069.912634;m3-207;[INFO: RPL       ] ext hdr: packet from fd00::9981 to fd00::a379 going up, sender closer 0 (258 < 128), rank error 0, loop detected 0
1789972069.912659;m3-207;[INFO: App       ] Received request 'hello 19' from fd00::9981
1789972069.912681;m3-207;[INFO: App       ] Sending response.
1789972069.928509;m3-207;[INFO: RPL       ] SRH creating source routing header with destination fd00::9981 
1789972069.928545;m3-207;[INFO: RPL       ] SRH path len: 0, ComprI 15, ComprE 15, ext len 8 (padding 0)
1789972069.957384;m3-221;[INFO: App       ] Received response 'hello 19' from fd00::a379
1789972069.960419;m3-207;[INFO: RPL       ] packet sent to 0200.0000.0000.9981, status 0, tx 1, new link metric 133
1789972069.984129;m3-216;[INFO: RPL       ] probing fe80::9175  last tx 3 min ago
1789972069.984163;m3-216;[INFO: RPL       ] sending a unicast-DIO with rank 256 to fe80::9175
1789972069.996610;m3-211;[INFO: App       ] Tx/Rx/MissedTx: 20/20/0
1789972069.996655;m3-211;[INFO: App       ] Sending request 20 to fd00::a379
1789972069.996678;m3-211;[INFO: RPL       ] creating hop-by-hop option
1789972069.999993;m3-216;[INFO: RPL       ] packet sent to 0200.0000.0000.9175, status 0, tx 1, new link metric 224
1789972070.002697;m3-215;[INFO: RPL       ] received a unicast-DIO from fe80::b369, instance_id 0, DAG ID fd00::a379, version 240, dtsn 240, rank 256
1789972070.056627;m3-207;[INFO: RPL       ] ext hdr: packet from fd00::8875 to fd00::a379 going up, sender closer 0 (257 < 128), rank error 0, loop detected 0
1789972070.060444;m3-211;[INFO: RPL       ] packet sent to 0200.0000.0000.a379, status 0, tx 1, new link metric 128
1789972070.072576;m3-207;[INFO: RPL       ] ext hdr: packet from fd00::8875 to fd00::a379 going up, sender closer 0 (257 < 128), rank error 0, loop detected 0
1789972070.072615;m3-207;[INFO: App       ] Received request 'hello 20' from fd00::8875
1789972070.072639;m3-207;[INFO: App       ] Sending response.
1789972070.072659;m3-207;[INFO: RPL       ] SRH creating source routing header with destination fd00::8875 
1789972070.072680;m3-207;[INFO: RPL       ] SRH path len: 0, ComprI 15, ComprE 15, ext len 8 (padding 0)
1789972070.076384;m3-211;[INFO: App       ] Received response 'hello 20' from fd00::a379
1789972070.088410;m3-207;[INFO: RPL       ] packet sent to 0200.0000.0000.8875, status 0, tx 1, new link metric 132
1789972070.181395;m3-214;[INFO: App       ] Sending request 19 to fd00::a379
1789972070.181437;m3-214;[INFO: RPL       ] creating hop-by-hop option
1789972070.213221;m3-214;[INFO: RPL       ] packet sent to 0200.0000.0000.a379, status 0, tx 1, new link metric 129
1789972070.216510;m3-207;[INFO: RPL       ] ext hdr: packet from fd00::9567 to fd00::a379 going up, sender closer 0 (258 < 128), rank error 0, loop detected 0
1789972070.216547;m3-207;[INFO: RPL       ] ext hdr: packet from fd00::9567 to fd00::a379 going up, sender closer 0 (258 < 128), rank error 0, loop detected 0
1789972070.232490;m3-207;[INFO: App       ] Received request 'hello 19' from fd00::9567
1789972070.232528;m3-207;[INFO: App       ] Sending response.
1789972070.232550;m3-207;[INFO: RPL       ] SRH creating source routing header with destination fd00::9567 
1789972070.232571;m3-207;[INFO: RPL       ] SRH path len: 0, ComprI 15, ComprE 15, ext len 8 (padding 0)
1789972070.277046;m3-214;[INFO: App       ] Received response 'hello 19' from fd00::a379
1789972070.280436;m3-207;[INFO: RPL       ] packet sent to 0200.0000.0000.9567, status 0, tx 1, new link metric 133
1789972070.503190;m3-213;[INFO: App       ] Tx/Rx/MissedTx: 20/20/0
1789972070.503253;m3-213;[INFO: App       ] Sending request 20 to fd00::a379
1789972070.503279;m3-213;[INFO: RPL       ] creating hop-by-hop option
1789972070.553361;m3-213;[INFO: RPL       ] packet sent to 0200.0000.0000.a379, status 0, tx 1, new link metric 136
1789972070.553409;m3-207;[INFO: RPL       ] ext hdr: packet from fd00::8472 to fd00::a379 going up, sender closer 0 (265 < 128), rank error 0, loop detected 0
1789972070.553437;m3-207;[INFO: RPL       ] ext hdr: packet from fd00::8472 to fd00::a379 going up, sender closer 0 (265 < 128), rank error 0, loop detected 0
1789972070.553460;m3-207;[INFO: App       ] Received request 'hello 20' from fd00::8472
1789972070.553480;m3-207;[INFO: App       ] Sending response.
1789972070.553498;m3-207;[INFO: RPL       ] SRH creating source routing header with destination fd00::8472 
1789972070.567406;m3-207;[INFO: RPL       ] SRH path len: 0, ComprI 15, ComprE 15, ext len 8 (padding 0)
1789972070.599126;m3-213;[INFO: App       ] Received response 'hello 20' from fd00::a379
1789972070.599496;m3-207;[INFO: RPL       ] packet sent to 0200.0000.0000.8472, status 0, tx 1, new link metric 137
1789972070.926471;m3-210;[INFO: App       ] Sending request 19 to fd00::a379
1789972070.926538;m3-210;[INFO: RPL       ] creating hop-by-hop option
1789972070.942220;m3-210;[INFO: RPL       ] packet sent to 0200.0000.0000.a379, status 0, tx 1, new link metric 132
1789972070.947770;m3-207;[INFO: RPL       ] ext hdr: packet from fd00::c081 to fd00::a379 going up, sender closer 0 (261 < 128), rank error 0, loop detected 0
1789972070.947808;m3-207;[INFO: RPL       ] ext hdr: packet from fd00::c081 to fd00::a379 going up, sender closer 0 (261 < 128), rank error 0, loop detected 0
1789972070.947849;m3-207;[INFO: App       ] Received request 'hello 19' from fd00::c081
1789972070.947870;m3-207;[INFO: App       ] Sending response.
1789972070.947888;m3-207;[INFO: RPL       ] SRH creating source routing header with destination fd00::c081 
1789972070.963421;m3-207;[INFO: RPL       ] SRH path len: 0, ComprI 15, ComprE 15, ext len 8 (padding 0)
1789972071.006186;m3-210;[INFO: App       ] Received response 'hello 19' from fd00::a379
1789972071.011368;m3-207;[INFO: RPL       ] packet sent to 0200.0000.0000.c081, status 0, tx 1, new link metric 133
1789972071.402081;m3-212;[INFO: App       ] Sending request 19 to fd00::a379
1789972071.402165;m3-212;[INFO: RPL       ] creating hop-by-hop option
1789972071.417850;m3-212;[INFO: RPL       ] packet sent to 0200.0000.0000.a379, status 0, tx 1, new link metric 129
1789972071.426046;m3-207;[INFO: RPL       ] ext hdr: packet from fd00::b280 to fd00::a379 going up, sender closer 0 (258 < 128), rank error 0, loop detected 0
1789972071.426086;m3-207;[INFO: RPL       ] ext hdr: packet from fd00::b280 to fd00::a379 going up, sender closer 0 (258 < 128), rank error 0, loop detected 0
1789972071.426112;m3-207;[INFO: App       ] Received request 'hello 19' from fd00::b280
1789972071.426133;m3-207;[INFO: App       ] Sending response.
1789972071.426153;m3-207;[INFO: RPL       ] SRH creating source routing header with destination fd00::b280 
1789972071.441444;m3-207;[INFO: RPL       ] SRH path len: 0, ComprI 15, ComprE 15, ext len 8 (padding 0)
1789972071.481789;m3-212;[INFO: App       ] Received response 'hello 19' from fd00::a379
1789972071.489423;m3-207;[INFO: RPL       ] packet sent to 0200.0000.0000.b280, status 0, tx 1, new link metric 133
1789972071.955128;m3-208;[INFO: App       ] Tx/Rx/MissedTx: 20/20/0
1789972071.955207;m3-208;[INFO: App       ] Sending request 20 to fd00::a379
1789972071.955235;m3-208;[INFO: RPL       ] creating hop-by-hop option
1789972071.986886;m3-208;[INFO: RPL       ] packet sent to 0200.0000.0000.a379, status 0, tx 1, new link metric 154
1789972072.001361;m3-207;[INFO: RPL       ] ext hdr: packet from fd00::9076 to fd00::a379 going up, sender closer 0 (285 < 128), rank error 0, loop detected 0
1789972072.001399;m3-207;[INFO: RPL       ] ext hdr: packet from fd00::9076 to fd00::a379 going up, sender closer 0 (285 < 128), rank error 0, loop detected 0
1789972072.001424;m3-207;[INFO: App       ] Received request 'hello 20' from fd00::9076
1789972072.001445;m3-207;[INFO: App       ] Sending response.
1789972072.001464;m3-207;[INFO: RPL       ] SRH creating source routing header with destination fd00::9076 
1789972072.001483;m3-207;[INFO: RPL       ] SRH path len: 0, ComprI 15, ComprE 15, ext len 8 (padding 0)
1789972072.017259;m3-207;[INFO: RPL       ] packet sent to 0200.0000.0000.9076, status 0, tx 1, new link metric 132
1789972072.019049;m3-208;[INFO: App       ] Received response 'hello 20' from fd00::a379
1789972073.858357;m3-215;[INFO: App       ] Tx/Rx/MissedTx: 20/20/0
1789972073.858449;m3-215;[INFO: App       ] Sending request 20 to fd00::a379
1789972073.877453;m3-215;[INFO: RPL       ] creating hop-by-hop option
1789972073.921331;m3-207;[INFO: RPL       ] ext hdr: packet from fd00::9175 to fd00::a379 going up, sender closer 0 (257 < 128), rank error 0, loop detected 0
1789972073.922045;m3-215;[INFO: RPL       ] packet sent to 0200.0000.0000.a379, status 0, tx 1, new link metric 128
1789972073.937203;m3-207;[INFO: RPL       ] ext hdr: packet from fd00::9175 to fd00::a379 going up, sender closer 0 (257 < 128), rank error 0, loop detected 0
1789972073.937243;m3-207;[INFO: App       ] Received request 'hello 20' from fd00::9175
1789972073.937267;m3-207;[INFO: App       ] Sending response.
1789972073.937287;m3-207;[INFO: RPL       ] SRH creating source routing header with destination fd00::9175 
1789972073.937308;m3-207;[INFO: RPL       ] SRH path len: 0, ComprI 15, ComprE 15, ext len 8 (padding 0)
1789972073.937328;m3-207;[INFO: RPL       ] packet sent to 0200.0000.0000.9175, status 0, tx 1, new link metric 132
1789972073.937995;m3-215;[INFO: App       ] Received response 'hello 20' from fd00::a379
1789972074.493632;m3-217;[INFO: App       ] Sending request 19 to fd00::a379
1789972074.493719;m3-217;[INFO: RPL       ] creating hop-by-hop option
1789972074.541410;m3-217;[INFO: RPL       ] packet sent to 0200.0000.0000.a379, status 0, tx 1, new link metric 129
1789972074.545316;m3-207;[INFO: RPL       ] ext hdr: packet from fd00::9871 to fd00::a379 going up, sender closer 0 (258 < 128), rank error 0, loop detected 0
1789972074.545365;m3-207;[INFO: RPL       ] ext hdr: packet from fd00::9871 to fd00::a379 going up, sender closer 0 (258 < 128), rank error 0, loop detected 0
1789972074.545391;m3-207;[INFO: App       ] Received request 'hello 19' from fd00::9871
1789972074.545412;m3-207;[INFO: App       ] Sending response.
1789972074.545431;m3-207;[INFO: RPL       ] SRH creating source routing header with destination fd00::9871 
1789972074.557178;m3-217;[INFO: App       ] Received response 'hello 19' from fd00::a379
1789972074.560984;m3-207;[INFO: RPL       ] SRH path len: 0, ComprI 15, ComprE 15, ext len 8 (padding 0)
1789972074.561018;m3-207;[INFO: RPL       ] packet sent to 0200.0000.0000.9871, status 0, tx 1, new link metric 133
1789972074.584970;m3-219;[INFO: App       ] Tx/Rx/MissedTx: 20/20/0
1789972074.585021;m3-219;[INFO: App       ] Sending request 20 to fd00::a379
1789972074.600692;m3-219;[INFO: RPL       ] creating hop-by-hop option
1789972074.609128;m3-207;[INFO: RPL       ] ext hdr: packet from fd00::b481 to fd00::a379 going up, sender closer 0 (257 < 128), rank error 0, loop detected 0
1789972074.616722;m3-219;[INFO: RPL       ] packet sent to 0200.0000.0000.a379, status 0, tx 1, new link metric 128
1789972074.625122;m3-207;[INFO: RPL       ] ext hdr: packet from fd00::b481 to fd00::a379 going up, sender closer 0 (257 < 128), rank error 0, loop detected 0
1789972074.625158;m3-207;[INFO: App       ] Received request 'hello 20' from fd00::b481
1789972074.625197;m3-207;[INFO: App       ] Sending response.
1789972074.625218;m3-207;[INFO: RPL       ] SRH creating source routing header with destination fd00::b481 
1789972074.625238;m3-207;[INFO: RPL       ] SRH path len: 0, ComprI 15, ComprE 15, ext len 8 (padding 0)
1789972074.632693;m3-219;[INFO: App       ] Received response 'hello 20' from fd00::a379
1789972074.641036;m3-207;[INFO: RPL       ] packet sent to 0200.0000.0000.b481, status 0, tx 1, new link metric 132
1789972074.760721;m3-219;[INFO: RPL       ] sending a multicast-DIO with rank 256 to ff02::1a
1789972074.761668;m3-212;[INFO: RPL       ] received a multicast-DIO from fe80::b481, instance_id 0, DAG ID fd00::a379, version 240, dtsn 240, rank 256
1789972074.762990;m3-218;[INFO: RPL       ] received a multicast-DIO from fe80::b481, instance_id 0, DAG ID fd00::a379, version 240, dtsn 240, rank 256
1789972074.763955;m3-211;[INFO: RPL       ] received a multicast-DIO from fe80::b481, instance_id 0, DAG ID fd00::a379, version 240, dtsn 240, rank 256
1789972074.765301;m3-217;[INFO: RPL       ] received a multicast-DIO from fe80::b481, instance_id 0, DAG ID fd00::a379, version 240, dtsn 240, rank 256
1789972074.765894;m3-210;[INFO: RPL       ] received a multicast-DIO from fe80::b481, instance_id 0, DAG ID fd00::a379, version 240, dtsn 240, rank 256
1789972074.767630;m3-216;[INFO: RPL       ] received a multicast-DIO from fe80::b481, instance_id 0, DAG ID fd00::a379, version 240, dtsn 240, rank 256
1789972074.768639;m3-209;[INFO: RPL       ] received a multicast-DIO from fe80::b481, instance_id 0, DAG ID fd00::a379, version 240, dtsn 240, rank 256
1789972074.769092;m3-207;[INFO: RPL       ] received a multicast-DIO from fe80::b481, instance_id 0, DAG ID fd00::a379, version 240, dtsn 240, rank 256
1789972074.770060;m3-215;[INFO: RPL       ] received a multicast-DIO from fe80::b481, instance_id 0, DAG ID fd00::a379, version 240, dtsn 240, rank 256
1789972074.770748;m3-208;[INFO: RPL       ] received a multicast-DIO from fe80::b481, instance_id 0, DAG ID fd00::a379, version 240, dtsn 240, rank 256
1789972074.771580;m3-221;[INFO: RPL       ] received a multicast-DIO from fe80::b481, instance_id 0, DAG ID fd00::a379, version 240, dtsn 240, rank 256
1789972074.772560;m3-214;[INFO: RPL       ] received a multicast-DIO from fe80::b481, instance_id 0, DAG ID fd00::a379, version 240, dtsn 240, rank 256
1789972074.773045;m3-220;[INFO: RPL       ] received a multicast-DIO from fe80::b481, instance_id 0, DAG ID fd00::a379, version 240, dtsn 240, rank 256
1789972074.774565;m3-213;[INFO: RPL       ] received a multicast-DIO from fe80::b481, instance_id 0, DAG ID fd00::a379, version 240, dtsn 240, rank 256
1789972074.979557;m3-221;[INFO: RPL       ] sending a multicast-DIO with rank 257 to ff02::1a
1789972075.037438;m3-217;[INFO: RPL       ] received a multicast-DIO from fe80::9981, instance_id 0, DAG ID fd00::a379, version 240, dtsn 240, rank 257
1789972075.037755;m3-210;[INFO: RPL       ] received a multicast-DIO from fe80::9981, instance_id 0, DAG ID fd00::a379, version 240, dtsn 240, rank 257
1789972075.039573;m3-216;[INFO: RPL       ] received a multicast-DIO from fe80::9981, instance_id 0, DAG ID fd00::a379, version 240, dtsn 240, rank 257
1789972075.040580;m3-209;[INFO: RPL       ] received a multicast-DIO from fe80::9981, instance_id 0, DAG ID fd00::a379, version 240, dtsn 240, rank 257
1789972075.041132;m3-207;[INFO: RPL       ] received a multicast-DIO from fe80::9981, instance_id 0, DAG ID fd00::a379, version 240, dtsn 240, rank 257
1789972075.042040;m3-215;[INFO: RPL       ] received a multicast-DIO from fe80::9981, instance_id 0, DAG ID fd00::a379, version 240, dtsn 240, rank 257
1789972075.042771;m3-208;[INFO: RPL       ] received a multicast-DIO from fe80::9981, instance_id 0, DAG ID fd00::a379, version 240, dtsn 240, rank 257
1789972075.044804;m3-214;[INFO: RPL       ] received a multicast-DIO from fe80::9981, instance_id 0, DAG ID fd00::a379, version 240, dtsn 240, rank 257
1789972075.045137;m3-220;[INFO: RPL       ] received a multicast-DIO from fe80::9981, instance_id 0, DAG ID fd00::a379, version 240, dtsn 240, rank 257
1789972075.046722;m3-213;[INFO: RPL       ] received a multicast-DIO from fe80::9981, instance_id 0, DAG ID fd00::a379, version 240, dtsn 240, rank 257
1789972075.048716;m3-219;[INFO: RPL       ] received a multicast-DIO from fe80::9981, instance_id 0, DAG ID fd00::a379, version 240, dtsn 240, rank 257
1789972075.049499;m3-212;[INFO: RPL       ] received a multicast-DIO from fe80::9981, instance_id 0, DAG ID fd00::a379, version 240, dtsn 240, rank 257
1789972075.050821;m3-218;[INFO: RPL       ] received a multicast-DIO from fe80::9981, instance_id 0, DAG ID fd00::a379, version 240, dtsn 240, rank 257
1789972075.051752;m3-211;[INFO: RPL       ] received a multicast-DIO from fe80::9981, instance_id 0, DAG ID fd00::a379, version 240, dtsn 240, rank 257
1789972076.498505;m3-208;[INFO: RPL       ] probing fe80::b481  last tx 1 min ago
1789972076.498596;m3-208;[INFO: RPL       ] sending a unicast-DIO with rank 282 to fe80::b481
1789972076.546436;m3-208;[INFO: RPL       ] packet sent to 0200.0000.0000.b481, status 0, tx 1, new link metric 200
1789972076.552572;m3-219;[INFO: RPL       ] received a unicast-DIO from fe80::9076, instance_id 0, DAG ID fd00::a379, version 240, dtsn 240, rank 282
1789972077.354873;m3-218;[INFO: App       ] Tx/Rx/MissedTx: 20/20/0
1789972077.354981;m3-218;[INFO: App       ] Sending request 20 to fd00::a379
1789972077.355010;m3-218;[INFO: RPL       ] creating hop-by-hop option
1789972077.370678;m3-218;[INFO: RPL       ] packet sent to 0200.0000.0000.a379, status 0, tx 1, new link metric 128
1789972077.375104;m3-207;[INFO: RPL       ] ext hdr: packet from fd00::b582 to fd00::a379 going up, sender closer 0 (257 < 128), rank error 0, loop detected 0
1789972077.375143;m3-207;[INFO: RPL       ] ext hdr: packet from fd00::b582 to fd00::a379 going up, sender closer 0 (257 < 128), rank error 0, loop detected 0
1789972077.375186;m3-207;[INFO: App       ] Received request 'hello 20' from fd00::b582
1789972077.375218;m3-207;[INFO: App       ] Sending response.
1789972077.375237;m3-207;[INFO: RPL       ] SRH creating source routing header with destination fd00::b582 
1789972077.393430;m3-207;[INFO: RPL       ] SRH path len: 0, ComprI 15, ComprE 15, ext len 8 (padding 0)
1789972077.418570;m3-218;[INFO: App       ] Received response 'hello 20' from fd00::a379
1789972077.422636;m3-207;[INFO: RPL       ] packet sent to 0200.0000.0000.b582, status 0, tx 1, new link metric 132
1789972077.935337;m3-216;[INFO: App       ] Sending request 21 to fd00::a379
1789972077.935441;m3-216;[INFO: RPL       ] creating hop-by-hop option
1789972077.996318;m3-207;[INFO: RPL       ] ext hdr: packet from fd00::b369 to fd00::a379 going up, sender closer 0 (256 < 128), rank error 0, loop detected 0
1789972077.996394;m3-207;[INFO: RPL       ] ext hdr: packet from fd00::b369 to fd00::a379 going up, sender closer 0 (256 < 128), rank error 0, loop detected 0
1789972077.996422;m3-207;[INFO: App       ] Received request 'hello 21' from fd00::b369
1789972077.996445;m3-207;[INFO: App       ] Sending response.
1789972077.996464;m3-207;[INFO: RPL       ] SRH creating source routing header with destination fd00::b369 
1789972077.999140;m3-216;[INFO: RPL       ] packet sent to 0200.0000.0000.a379, status 0, tx 1, new link metric 128
1789972078.011671;m3-207;[INFO: RPL       ] SRH path len: 0, ComprI 15, ComprE 15, ext len 8 (padding 0)
1789972078.047202;m3-216;[INFO: App       ] Received response 'hello 21' from fd00::a379
1789972078.059804;m3-207;[INFO: RPL       ] packet sent to 0200.0000.0000.b369, status 0, tx 1, new link metric 131
1789972078.672470;m3-209;[INFO: App       ] Tx/Rx/MissedTx: 20/20/0
1789972078.688221;m3-209;[INFO: App       ] Sending request 20 to fd00::a379
1789972078.688266;m3-209;[INFO: RPL       ] creating hop-by-hop option
1789972078.688291;m3-209;[INFO: RPL       ] packet sent to 0200.0000.0000.a379, status 0, tx 1, new link metric 128
1789972078.699797;m3-207;[INFO: RPL       ] ext hdr: packet from fd00::b379 to fd00::a379 going up, sender closer 0 (257 < 128), rank error 0, loop detected 0
1789972078.699851;m3-207;[INFO: RPL       ] ext hdr: packet from fd00::b379 to fd00::a379 going up, sender closer 0 (257 < 128), rank error 0, loop detected 0
1789972078.699876;m3-207;[INFO: App       ] Received request 'hello 20' from fd00::b379
1789972078.699897;m3-207;[INFO: App       ] Sending response.
1789972078.699915;m3-207;[INFO: RPL       ] SRH creating source routing header with destination fd00::b379 
1789972078.699934;m3-207;[INFO: RPL       ] SRH path len: 0, ComprI 15, ComprE 15, ext len 8 (padding 0)
1789972078.747658;m3-207;[INFO: RPL       ] packet sent to 0200.0000.0000.b379, status 0, tx 1, new link metric 132
1789972078.752146;m3-209;[INFO: App       ] Received response 'hello 20' from fd00::a379
1789972079.083721;m3-211;[INFO: App       ] Sending request 21 to fd00::a379
1789972079.083815;m3-211;[INFO: RPL       ] creating hop-by-hop option
1789972079.131414;m3-211;[INFO: RPL       ] packet sent to 0200.0000.0000.a379, status 0, tx 1, new link metric 128
1789972079.131767;m3-207;[INFO: RPL       ] ext hdr: packet from fd00::8875 to fd00::a379 going up, sender closer 0 (256 < 128), rank error 0, loop detected 0
1789972079.131802;m3-207;[INFO: RPL       ] ext hdr: packet from fd00::8875 to fd00::a379 going up, sender closer 0 (256 < 128), rank error 0, loop detected 0
1789972079.131827;m3-207;[INFO: App       ] Received request 'hello 21' from fd00::8875
1789972079.131854;m3-207;[INFO: App       ] Sending response.
1789972079.147601;m3-207;[INFO: RPL       ] SRH creating source routing header with destination fd00::8875 
1789972079.147655;m3-207;[INFO: RPL       ] SRH path len: 0, ComprI 15, ComprE 15, ext len 8 (padding 0)
1789972079.179432;m3-211;[INFO: App       ] Received response 'hello 21' from fd00::a379
1789972079.179560;m3-207;[INFO: RPL       ] packet sent to 0200.0000.0000.8875, status 0, tx 1, new link metric 131
1789972079.748649;m3-220;[INFO: App       ] Sending request 21 to fd00::a379
1789972079.748738;m3-220;[INFO: RPL       ] creating hop-by-hop option
1789972079.764444;m3-220;[INFO: RPL       ] packet sent to 0200.0000.0000.a379, status 0, tx 1, new link metric 131
1789972079.771638;m3-207;[INFO: RPL       ] ext hdr: packet from fd00::2160 to fd00::a379 going up, sender closer 0 (260 < 128), rank error 0, loop detected 0
1789972079.771693;m3-207;[INFO: RPL       ] ext hdr: packet from fd00::2160 to fd00::a379 going up, sender closer 0 (260 < 128), rank error 0, loop detected 0
1789972079.771719;m3-207;[INFO: App       ] Received request 'hello 21' from fd00::2160
1789972079.771740;m3-207;[INFO: App       ] Sending response.
1789972079.771760;m3-207;[INFO: RPL       ] SRH creating source routing header with destination fd00::2160 
1789972079.771780;m3-207;[INFO: RPL       ] SRH path len: 0, ComprI 15, ComprE 15, ext len 8 (padding 0)
1789972079.813382;m3-220;[INFO: App       ] Received response 'hello 21' from fd00::a379
1789972079.819458;m3-207;[INFO: RPL       ] packet sent to 0200.0000.0000.2160, status 0, tx 1, new link metric 131
1789972080.518195;m3-213;[INFO: App       ] Sending request 21 to fd00::a379
1789972080.534040;m3-213;[INFO: RPL       ] creating hop-by-hop option
1789972080.534090;m3-213;[INFO: RPL       ] packet sent to 0200.0000.0000.a379, status 0, tx 1, new link metric 135
1789972080.539671;m3-207;[INFO: RPL       ] ext hdr: packet from fd00::8472 to fd00::a379 going up, sender closer 0 (264 < 128), rank error 0, loop detected 0
1789972080.539709;m3-207;[INFO: RPL       ] ext hdr: packet from fd00::8472 to fd00::a379 going up, sender closer 0 (264 < 128), rank error 0, loop detected 0
1789972080.539735;m3-207;[INFO: App       ] Received request 'hello 21' from fd00::8472
1789972080.539756;m3-207;[INFO: App       ] Sending response.
1789972080.555505;m3-207;[INFO: RPL       ] SRH creating source routing header with destination fd00::8472 
1789972080.555548;m3-207;[INFO: RPL       ] SRH path len: 0, ComprI 15, ComprE 15, ext len 8 (padding 0)
1789972080.587379;m3-207;[INFO: RPL       ] packet sent to 0200.0000.0000.8472, status 0, tx 1, new link metric 136
1789972080.598063;m3-213;[INFO: App       ] Received response 'hello 21' from fd00::a379
1789972080.643141;m3-221;[INFO: App       ] Tx/Rx/MissedTx: 20/20/0
1789972080.643180;m3-221;[INFO: App       ] Sending request 20 to fd00::a379
1789972080.643203;m3-221;[INFO: RPL       ] creating hop-by-hop option
1789972080.658827;m3-221;[INFO: RPL       ] packet sent to 0200.0000.0000.a379, status 0, tx 1, new link metric 128
1789972080.664448;m3-207;[INFO: RPL       ] ext hdr: packet from fd00::9981 to fd00::a379 going up, sender closer 0 (257 < 128), rank error 0, loop detected 0
1789972080.664484;m3-207;[INFO: RPL       ] ext hdr: packet from fd00::9981 to fd00::a379 going up, sender closer 0 (257 < 128), rank error 0, loop detected 0
1789972080.664510;m3-207;[INFO: App       ] Received request 'hello 20' from fd00::9981
1789972080.664531;m3-207;[INFO: App       ] Sending response.
1789972080.664550;m3-207;[INFO: RPL       ] SRH creating source routing header with destination fd00::9981 
1789972080.681375;m3-207;[INFO: RPL       ] SRH path len: 0, ComprI 15, ComprE 15, ext len 8 (padding 0)
1789972080.690898;m3-221;[INFO: App       ] Received response 'hello 20' from fd00::a379
1789972080.695412;m3-207;[INFO: RPL       ] packet sent to 0200.0000.0000.9981, status 0, tx 1, new link metric 132
1789972081.058240;m3-208;[INFO: App       ] Sending request 21 to fd00::a379
1789972081.058321;m3-208;[INFO: RPL       ] creating hop-by-hop option
1789972081.106012;m3-208;[INFO: RPL       ] packet sent to 0200.0000.0000.a379, status 0, tx 1, new link metric 151
1789972081.111488;m3-207;[INFO: RPL       ] ext hdr: packet from fd00::9076 to fd00::a379 going up, sender closer 0 (282 < 128), rank error 0, loop detected 0
1789972081.111530;m3-207;[INFO: RPL       ] ext hdr: packet from fd00::9076 to fd00::a379 going up, sender closer 0 (282 < 128), rank error 0, loop detected 0
1789972081.127367;m3-207;[INFO: App       ] Received request 'hello 21' from fd00::9076
1789972081.127403;m3-207;[INFO: App       ] Sending response.
1789972081.127426;m3-207;[INFO: RPL       ] SRH creating source routing header with destination fd00::9076 
1789972081.127448;m3-207;[INFO: RPL       ] SRH path len: 0, ComprI 15, ComprE 15, ext len 8 (padding 0)
1789972081.153941;m3-208;[INFO: App       ] Received response 'hello 21' from fd00::a379
1789972081.159273;m3-207;[INFO: RPL       ] packet sent to 0200.0000.0000.9076, status 0, tx 1, new link metric 131
1789972081.171998;m3-214;[INFO: App       ] Tx/Rx/MissedTx: 20/20/0
1789972081.172031;m3-214;[INFO: App       ] Sending request 20 to fd00::a379
1789972081.172069;m3-214;[INFO: RPL       ] creating hop-by-hop option
1789972081.203935;m3-214;[INFO: RPL       ] packet sent to 0200.0000.0000.a379, status 0, tx 1, new link metric 128
1789972081.207344;m3-207;[INFO: RPL       ] ext hdr: packet from fd00::9567 to fd00::a379 going up, sender closer 0 (257 < 128), rank error 0, loop detected 0
1789972081.207391;m3-207;[INFO: RPL       ] ext hdr: packet from fd00::9567 to fd00::a379 going up, sender closer 0 (257 < 128), rank error 0, loop detected 0
1789972081.207417;m3-207;[INFO: App       ] Received request 'hello 20' from fd00::9567
1789972081.219916;m3-214;[INFO: App       ] Received response 'hello 20' from fd00::a379
1789972081.223309;m3-207;[INFO: App       ] Sending response.
1789972081.223341;m3-207;[INFO: RPL       ] SRH creating source routing header with destination fd00::9567 
1789972081.223364;m3-207;[INFO: RPL       ] SRH path len: 0, ComprI 15, ComprE 15, ext len 8 (padding 0)
1789972081.223385;m3-207;[INFO: RPL       ] packet sent to 0200.0000.0000.9567, status 0, tx 1, new link metric 132
1789972081.773180;m3-210;[INFO: App       ] Tx/Rx/MissedTx: 20/20/0
1789972081.773266;m3-210;[INFO: App       ] Sending request 20 to fd00::a379
1789972081.773293;m3-210;[INFO: RPL       ] creating hop-by-hop option
1789972081.783382;m3-207;[INFO: RPL       ] ext hdr: packet from fd00::c081 to fd00::a379 going up, sender closer 0 (260 < 128), rank error 0, loop detected 0
1789972081.783423;m3-207;[INFO: RPL       ] ext hdr: packet from fd00::c081 to fd00::a379 going up, sender closer 0 (260 < 128), rank error 0, loop detected 0
1789972081.783448;m3-207;[INFO: App       ] Received request 'hello 20' from fd00::c081
1789972081.788931;m3-210;[INFO: RPL       ] packet sent to 0200.0000.0000.a379, status 0, tx 1, new link metric 131
1789972081.799305;m3-207;[INFO: App       ] Sending response.
1789972081.799338;m3-207;[INFO: RPL       ] SRH creating source routing header with destination fd00::c081 
1789972081.799361;m3-207;[INFO: RPL       ] SRH path len: 0, ComprI 15, ComprE 15, ext len 8 (padding 0)
1789972081.799381;m3-207;[INFO: RPL       ] packet sent to 0200.0000.0000.c081, status 0, tx 1, new link metric 132
1789972081.804864;m3-210;[INFO: App       ] Received response 'hello 20' from fd00::a379
1789972082.200854;m3-212;[INFO: App       ] Tx/Rx/MissedTx: 20/20/0
1789972082.200941;m3-212;[INFO: App       ] Sending request 20 to fd00::a379
1789972082.200967;m3-212;[INFO: RPL       ] creating hop-by-hop option
1789972082.200989;m3-212;[INFO: RPL       ] packet sent to 0200.0000.0000.a379, status 0, tx 1, new link metric 128
1789972082.217413;m3-207;[INFO: RPL       ] ext hdr: packet from fd00::b280 to fd00::a379 going up, sender closer 0 (257 < 128), rank error 0, loop detected 0
1789972082.217452;m3-207;[INFO: RPL       ] ext hdr: packet from fd00::b280 to fd00::a379 going up, sender closer 0 (257 < 128), rank error 0, loop detected 0
1789972082.217477;m3-207;[INFO: App       ] Received request 'hello 20' from fd00::b280
1789972082.217497;m3-207;[INFO: App       ] Sending response.
1789972082.217516;m3-207;[INFO: RPL       ] SRH creating source routing header with destination fd00::b280 
1789972082.217535;m3-207;[INFO: RPL       ] SRH path len: 0, ComprI 15, ComprE 15, ext len 8 (padding 0)
1789972082.279251;m3-207;[INFO: RPL       ] packet sent to 0200.0000.0000.b280, status 0, tx 1, new link metric 132
1789972082.280585;m3-212;[INFO: App       ] Received response 'hello 20' from fd00::a379
1789972083.564789;m3-217;[INFO: App       ] Tx/Rx/MissedTx: 20/20/0
1789972083.564896;m3-217;[INFO: App       ] Sending request 20 to fd00::a379
1789972083.564923;m3-217;[INFO: RPL       ] creating hop-by-hop option
1789972083.607270;m3-207;[INFO: RPL       ] ext hdr: packet from fd00::9871 to fd00::a379 going up, sender closer 0 (257 < 128), rank error 0, loop detected 0
1789972083.612506;m3-217;[INFO: RPL       ] packet sent to 0200.0000.0000.a379, status 0, tx 1, new link metric 128
1789972083.623191;m3-207;[INFO: RPL       ] ext hdr: packet from fd00::9871 to fd00::a379 going up, sender closer 0 (257 < 128), rank error 0, loop detected 0
1789972083.623231;m3-207;[INFO: App       ] Received request 'hello 20' from fd00::9871
1789972083.623254;m3-207;[INFO: App       ] Sending response.
1789972083.623275;m3-207;[INFO: RPL       ] SRH creating source routing header with destination fd00::9871 
1789972083.623296;m3-207;[INFO: RPL       ] SRH path len: 0, ComprI 15, ComprE 15, ext len 8 (padding 0)
1789972083.671152;m3-207;[INFO: RPL       ] packet sent to 0200.0000.0000.9871, status 0, tx 1, new link metric 132
1789972083.676317;m3-217;[INFO: App       ] Received response 'hello 20' from fd00::a379
1789972084.596215;m3-220;[INFO: RPL       ] probing fe80::b369  last tx 3 min ago
1789972084.596303;m3-220;[INFO: RPL       ] sending a unicast-DIO with rank 259 to fe80::b369
1789972084.611968;m3-220;[INFO: RPL       ] packet sent to 0200.0000.0000.b369, status 0, tx 1, new link metric 224
1789972084.622391;m3-216;[INFO: RPL       ] received a unicast-DIO from fe80::2160, instance_id 0, DAG ID fd00::a379, version 240, dtsn 240, rank 259
1789972084.801107;m3-215;[INFO: App       ] Sending request 21 to fd00::a379
1789972084.801173;m3-215;[INFO: RPL       ] creating hop-by-hop option
1789972084.848862;m3-215;[INFO: RPL       ] packet sent to 0200.0000.0000.a379, status 0, tx 1, new link metric 128
1789972084.855027;m3-207;[INFO: RPL       ] ext hdr: packet from fd00::9175 to fd00::a379 going up, sender closer 0 (256 < 128), rank error 0, loop detected 0
1789972084.855067;m3-207;[INFO: RPL       ] ext hdr: packet from fd00::9175 to fd00::a379 going up, sender closer 0 (256 < 128), rank error 0, loop detected 0
1789972084.855093;m3-207;[INFO: App       ] Received request 'hello 21' from fd00::9175
1789972084.855113;m3-207;[INFO: App       ] Sending response.
1789972084.855132;m3-207;[INFO: RPL       ] SRH creating source routing header with destination fd00::9175 
1789972084.855151;m3-207;[INFO: RPL       ] SRH path len: 0, ComprI 15, ComprE 15, ext len 8 (padding 0)
1789972084.870797;m3-207;[INFO: RPL       ] packet sent to 0200.0000.0000.9175, status 0, tx 1, new link metric 131
1789972084.880803;m3-215;[INFO: App       ] Received response 'hello 21' from fd00::a379
1789972085.319880;m3-219;[INFO: App       ] Sending request 21 to fd00::a379
1789972085.319969;m3-219;[INFO: RPL       ] creating hop-by-hop option
1789972085.385405;m3-207;[INFO: RPL       ] ext hdr: packet from fd00::b481 to fd00::a379 going up, sender closer 0 (256 < 128), rank error 0, loop detected 0
1789972085.385454;m3-207;[INFO: RPL       ] ext hdr: packet from fd00::b481 to fd00::a379 going up, sender closer 0 (256 < 128), rank error 0, loop detected 0
1789972085.385480;m3-207;[INFO: App       ] Received request 'hello 21' from fd00::b481
1789972085.385501;m3-207;[INFO: App       ] Sending response.
1789972085.385525;m3-219;[INFO: RPL       ] packet sent to 0200.0000.0000.a379, status 0, tx 1, new link metric 128
1789972085.399003;m3-207;[INFO: RPL       ] SRH creating source routing header with destination fd00::b481 
1789972085.399041;m3-207;[INFO: RPL       ] SRH path len: 0, ComprI 15, ComprE 15, ext len 8 (padding 0)
1789972085.415492;m3-219;[INFO: App       ] Received response 'hello 21' from fd00::a379
1789972085.430788;m3-207;[INFO: RPL       ] packet sent to 0200.0000.0000.b481, status 0, tx 1, new link metric 131
1789972085.450822;m3-211;[INFO: RPL       ] probing fe80::b369  last tx 3 min ago
1789972085.450856;m3-211;[INFO: RPL       ] sending a unicast-DIO with rank 256 to fe80::b369
1789972085.454337;m3-216;[INFO: RPL       ] received a unicast-DIO from fe80::8875, instance_id 0, DAG ID fd00::a379, version 240, dtsn 240, rank 256
1789972085.466638;m3-211;[INFO: RPL       ] packet sent to 0200.0000.0000.b369, status 0, tx 1, new link metric 224
1789972087.033793;m3-218;[INFO: App       ] Sending request 21 to fd00::a379
1789972087.033887;m3-218;[INFO: RPL       ] creating hop-by-hop option
1789972087.044684;m3-207;[INFO: RPL       ] ext hdr: packet from fd00::b582 to fd00::a379 going up, sender closer 0 (256 < 128), rank error 0, loop detected 0
1789972087.044725;m3-207;[INFO: RPL       ] ext hdr: packet from fd00::b582 to fd00::a379 going up, sender closer 0 (256 < 128), rank error 0, loop detected 0
1789972087.044751;m3-207;[INFO: App       ] Received request 'hello 21' from fd00::b582
1789972087.044773;m3-207;[INFO: App       ] Sending response.
1789972087.044791;m3-207;[INFO: RPL       ] SRH creating source routing header with destination fd00::b582 
1789972087.049504;m3-218;[INFO: RPL       ] packet sent to 0200.0000.0000.a379, status 0, tx 1, new link metric 128
1789972087.059847;m3-207;[INFO: RPL       ] SRH path len: 0, ComprI 15, ComprE 15, ext len 8 (padding 0)
1789972087.081602;m3-218;[INFO: App       ] Received response 'hello 21' from fd00::a379
1789972087.091591;m3-207;[INFO: RPL       ] packet sent to 0200.0000.0000.b582, status 0, tx 1, new link metric 131
1789972088.297542;m3-218;[INFO: RPL       ] sending a multicast-DIO with rank 256 to ff02::1a
1789972088.346548;m3-211;[INFO: RPL       ] received a multicast-DIO from fe80::b582, instance_id 0, DAG ID fd00::a379, version 240, dtsn 240, rank 256
1789972088.348134;m3-217;[INFO: RPL       ] received a multicast-DIO from fe80::b582, instance_id 0, DAG ID fd00::a379, version 240, dtsn 240, rank 256
1789972088.348378;m3-210;[INFO: RPL       ] received a multicast-DIO from fe80::b582, instance_id 0, DAG ID fd00::a379, version 240, dtsn 240, rank 256
1789972088.350192;m3-216;[INFO: RPL       ] received a multicast-DIO from fe80::b582, instance_id 0, DAG ID fd00::a379, version 240, dtsn 240, rank 256
1789972088.351131;m3-209;[INFO: RPL       ] received a multicast-DIO from fe80::b582, instance_id 0, DAG ID fd00::a379, version 240, dtsn 240, rank 256
1789972088.352639;m3-215;[INFO: RPL       ] received a multicast-DIO from fe80::b582, instance_id 0, DAG ID fd00::a379, version 240, dtsn 240, rank 256
1789972088.353353;m3-208;[INFO: RPL       ] received a multicast-DIO from fe80::b582, instance_id 0, DAG ID fd00::a379, version 240, dtsn 240, rank 256
1789972088.354238;m3-221;[INFO: RPL       ] received a multicast-DIO from fe80::b582, instance_id 0, DAG ID fd00::a379, version 240, dtsn 240, rank 256
1789972088.355313;m3-214;[INFO: RPL       ] received a multicast-DIO from fe80::b582, instance_id 0, DAG ID fd00::a379, version 240, dtsn 240, rank 256
1789972088.355638;m3-220;[INFO: RPL       ] received a multicast-DIO from fe80::b582, instance_id 0, DAG ID fd00::a379, version 240, dtsn 240, rank 256
1789972088.355679;m3-207;[INFO: RPL       ] received a multicast-DIO from fe80::b582, instance_id 0, DAG ID fd00::a379, version 240, dtsn 240, rank 256
1789972088.357461;m3-213;[INFO: RPL       ] received a multicast-DIO from fe80::b582, instance_id 0, DAG ID fd00::a379, version 240, dtsn 240, rank 256
1789972088.359407;m3-219;[INFO: RPL       ] received a multicast-DIO from fe80::b582, instance_id 0, DAG ID fd00::a379, version 240, dtsn 240, rank 256
1789972088.359974;m3-212;[INFO: RPL       ] received a multicast-DIO from fe80::b582, instance_id 0, DAG ID fd00::a379, version 240, dtsn 240, rank 256
1789972088.423998;m3-212;[INFO: RPL       ] probing fe80::b369  last tx 1 min ago
1789972088.439972;m3-212;[INFO: RPL       ] sending a unicast-DIO with rank 256 to fe80::b369
1789972088.455998;m3-212;[INFO: RPL       ] packet sent to 0200.0000.0000.b369, status 0, tx 1, new link metric 200
1789972088.461918;m3-216;[INFO: RPL       ] received a unicast-DIO from fe80::b280, instance_id 0, DAG ID fd00::a379, version 240, dtsn 240, rank 256
1789972088.557922;m3-216;[INFO: App       ] Sending request 22 to fd00::a379
1789972088.557976;m3-216;[INFO: RPL       ] creating hop-by-hop option
1789972088.573900;m3-216;[INFO: RPL       ] packet sent to 0200.0000.0000.a379, status 0, tx 1, new link metric 128
1789972088.575768;m3-207;[INFO: RPL       ] ext hdr: packet from fd00::b369 to fd00::a379 going up, sender closer 0 (256 < 128), rank error 0, loop detected 0
1789972088.575806;m3-207;[INFO: RPL       ] ext hdr: packet from fd00::b369 to fd00::a379 going up, sender closer 0 (256 < 128), rank error 0, loop detected 0
1789972088.575832;m3-207;[INFO: App       ] Received request 'hello 22' from fd00::b369
1789972088.575852;m3-207;[INFO: App       ] Sending response.
1789972088.575871;m3-207;[INFO: RPL       ] SRH creating source routing header with destination fd00::b369 
1789972088.591518;m3-207;[INFO: RPL       ] SRH path len: 0, ComprI 15, ComprE 15, ext len 8 (padding 0)
1789972088.637839;m3-216;[INFO: App       ] Received response 'hello 22' from fd00::a379
1789972088.639518;m3-207;[INFO: RPL       ] packet sent to 0200.0000.0000.b369, status 0, tx 1, new link metric 130
1789972089.215212;m3-209;[INFO: App       ] Sending request 21 to fd00::a379
1789972089.215314;m3-209;[INFO: RPL       ] creating hop-by-hop option
1789972089.247026;m3-209;[INFO: RPL       ] packet sent to 0200.0000.0000.a379, status 0, tx 1, new link metric 128
1789972089.247579;m3-207;[INFO: RPL       ] ext hdr: packet from fd00::b379 to fd00::a379 going up, sender closer 0 (256 < 128), rank error 0, loop detected 0
1789972089.262965;m3-209;[INFO: App       ] Received response 'hello 21' from fd00::a379
1789972089.263520;m3-207;[INFO: RPL       ] ext hdr: packet from fd00::b379 to fd00::a379 going up, sender closer 0 (256 < 128), rank error 0, loop detected 0
1789972089.263558;m3-207;[INFO: App       ] Received request 'hello 21' from fd00::b379
1789972089.263581;m3-207;[INFO: App       ] Sending response.
1789972089.263601;m3-207;[INFO: RPL       ] SRH creating source routing header with destination fd00::b379 
1789972089.263621;m3-207;[INFO: RPL       ] SRH path len: 0, ComprI 15, ComprE 15, ext len 8 (padding 0)
1789972089.263641;m3-207;[INFO: RPL       ] packet sent to 0200.0000.0000.b379, status 0, tx 1, new link metric 131
1789972089.811371;m3-220;[INFO: App       ] Sending request 22 to fd00::a379
1789972089.811457;m3-220;[INFO: RPL       ] creating hop-by-hop option
1789972089.839637;m3-207;[INFO: RPL       ] ext hdr: packet from fd00::2160 to fd00::a379 going up, sender closer 0 (259 < 128), rank error 0, loop detected 0
1789972089.839690;m3-207;[INFO: RPL       ] ext hdr: packet from fd00::2160 to fd00::a379 going up, sender closer 0 (259 < 128), rank error 0, loop detected 0
1789972089.843209;m3-220;[INFO: RPL       ] packet sent to 0200.0000.0000.a379, status 0, tx 1, new link metric 130
1789972089.857414;m3-207;[INFO: App       ] Received request 'hello 22' from fd00::2160
1789972089.857466;m3-207;[INFO: App       ] Sending response.
1789972089.857491;m3-207;[INFO: RPL       ] SRH creating source routing header with destination fd00::2160 
1789972089.857514;m3-207;[INFO: RPL       ] SRH path len: 0, ComprI 15, ComprE 15, ext len 8 (padding 0)
1789972089.871379;m3-207;[INFO: RPL       ] packet sent to 0200.0000.0000.2160, status 0, tx 1, new link metric 130
1789972089.875248;m3-220;[INFO: App       ] Received response 'hello 22' from fd00::a379
1789972090.010306;m3-211;[INFO: App       ] Sending request 22 to fd00::a379
1789972090.010365;m3-211;[INFO: RPL       ] creating hop-by-hop option
1789972090.047453;m3-207;[INFO: RPL       ] ext hdr: packet from fd00::8875 to fd00::a379 going up, sender closer 0 (256 < 128), rank error 0, loop detected 0
1789972090.058185;m3-211;[INFO: RPL       ] packet sent to 0200.0000.0000.a379, status 0, tx 1, new link metric 128
1789972090.063645;m3-207;[INFO: RPL       ] ext hdr: packet from fd00::8875 to fd00::a379 going up, sender closer 0 (256 < 128), rank error 0, loop detected 0
1789972090.063685;m3-207;[INFO: App       ] Received request 'hello 22' from fd00::8875
1789972090.063708;m3-207;[INFO: App       ] Sending response.
1789972090.063728;m3-207;[INFO: RPL       ] SRH creating source routing header with destination fd00::8875 
1789972090.063749;m3-207;[INFO: RPL       ] SRH path len: 0, ComprI 15, ComprE 15, ext len 8 (padding 0)
1789972090.122144;m3-211;[INFO: App       ] Received response 'hello 22' from fd00::a379
1789972090.127468;m3-207;[INFO: RPL       ] packet sent to 0200.0000.0000.8875, status 0, tx 1, new link metric 130
1789972091.157118;m3-213;[INFO: App       ] Sending request 22 to fd00::a379
1789972091.157206;m3-213;[INFO: RPL       ] creating hop-by-hop option
1789972091.215516;m3-207;[INFO: RPL       ] ext hdr: packet from fd00::8472 to fd00::a379 going up, sender closer 0 (263 < 128), rank error 0, loop detected 0
1789972091.220907;m3-213;[INFO: RPL       ] packet sent to 0200.0000.0000.a379, status 0, tx 1, new link metric 134
1789972091.231368;m3-207;[INFO: RPL       ] ext hdr: packet from fd00::8472 to fd00::a379 going up, sender closer 0 (263 < 128), rank error 0, loop detected 0
1789972091.231408;m3-207;[INFO: App       ] Received request 'hello 22' from fd00::8472
1789972091.231432;m3-207;[INFO: App       ] Sending response.
1789972091.231452;m3-207;[INFO: RPL       ] SRH creating source routing header with destination fd00::8472 
1789972091.231472;m3-207;[INFO: RPL       ] SRH path len: 0, ComprI 15, ComprE 15, ext len 8 (padding 0)
1789972091.279281;m3-207;[INFO: RPL       ] packet sent to 0200.0000.0000.8472, status 0, tx 1, new link metric 135
1789972091.284869;m3-213;[INFO: App       ] Received response 'hello 22' from fd00::a379
1789972091.431231;m3-219;[INFO: RPL       ] probing fe80::b369  last tx 1 min ago
1789972091.431288;m3-219;[INFO: RPL       ] sending a unicast-DIO with rank 256 to fe80::b369
1789972091.453770;m3-216;[INFO: RPL       ] received a unicast-DIO from fe80::b481, instance_id 0, DAG ID fd00::a379, version 240, dtsn 240, rank 256
1789972091.462961;m3-219;[INFO: RPL       ] packet sent to 0200.0000.0000.b369, status 0, tx 1, new link metric 200
1789972091.617981;m3-221;[INFO: App       ] Sending request 21 to fd00::a379
1789972091.618038;m3-221;[INFO: RPL       ] creating hop-by-hop option
1789972091.644018;m3-207;[INFO: RPL       ] ext hdr: packet from fd00::9981 to fd00::a379 going up, sender closer 0 (256 < 128), rank error 0, loop detected 0
1789972091.644059;m3-207;[INFO: RPL       ] ext hdr: packet from fd00::9981 to fd00::a379 going up, sender closer 0 (256 < 128), rank error 0, loop detected 0
1789972091.644101;m3-207;[INFO: App       ] Received request 'hello 21' from fd00::9981
1789972091.644122;m3-207;[INFO: App       ] Sending response.
1789972091.644141;m3-207;[INFO: RPL       ] SRH creating source routing header with destination fd00::9981 
1789972091.649708;m3-221;[INFO: RPL       ] packet sent to 0200.0000.0000.a379, status 0, tx 1, new link metric 128
1789972091.659261;m3-207;[INFO: RPL       ] SRH path len: 0, ComprI 15, ComprE 15, ext len 8 (padding 0)
1789972091.659293;m3-207;[INFO: RPL       ] packet sent to 0200.0000.0000.9981, status 0, tx 1, new link metric 131
1789972091.665705;m3-221;[INFO: App       ] Received response 'hello 21' from fd00::a379
1789972091.697182;m3-208;[INFO: App       ] Sending request 22 to fd00::a379
1789972091.697216;m3-208;[INFO: RPL       ] creating hop-by-hop option
1789972091.723313;m3-207;[INFO: RPL       ] ext hdr: packet from fd00::9076 to fd00::a379 going up, sender closer 0 (279 < 128), rank error 0, loop detected 0
1789972091.723350;m3-207;[INFO: RPL       ] ext hdr: packet from fd00::9076 to fd00::a379 going up, sender closer 0 (279 < 128), rank error 0, loop detected 0
1789972091.723375;m3-207;[INFO: App       ] Received request 'hello 22' from fd00::9076
1789972091.723395;m3-207;[INFO: App       ] Sending response.
1789972091.728988;m3-208;[INFO: RPL       ] packet sent to 0200.0000.0000.a379, status 0, tx 1, new link metric 148
1789972091.739243;m3-207;[INFO: RPL       ] SRH creating source routing header with destination fd00::9076 
1789972091.739278;m3-207;[INFO: RPL       ] SRH path len: 0, ComprI 15, ComprE 15, ext len 8 (padding 0)
1789972091.760917;m3-208;[INFO: App       ] Received response 'hello 22' from fd00::a379
1789972091.771202;m3-207;[INFO: RPL       ] packet sent to 0200.0000.0000.9076, status 0, tx 1, new link metric 130
1789972091.891070;m3-214;[INFO: App       ] Sending request 21 to fd00::a379
1789972091.891124;m3-214;[INFO: RPL       ] creating hop-by-hop option
1789972091.915272;m3-207;[INFO: RPL       ] ext hdr: packet from fd00::9567 to fd00::a379 going up, sender closer 0 (256 < 128), rank error 0, loop detected 0
1789972091.915312;m3-207;[INFO: RPL       ] ext hdr: packet from fd00::9567 to fd00::a379 going up, sender closer 0 (256 < 128), rank error 0, loop detected 0
1789972091.922826;m3-214;[INFO: RPL       ] packet sent to 0200.0000.0000.a379, status 0, tx 1, new link metric 128
1789972091.931255;m3-207;[INFO: App       ] Received request 'hello 21' from fd00::9567
1789972091.931289;m3-207;[INFO: App       ] Sending response.
1789972091.931328;m3-207;[INFO: RPL       ] SRH creating source routing header with destination fd00::9567 
1789972091.931349;m3-207;[INFO: RPL       ] SRH path len: 0, ComprI 15, ComprE 15, ext len 8 (padding 0)
1789972091.979225;m3-207;[INFO: RPL       ] packet sent to 0200.0000.0000.9567, status 0, tx 1, new link metric 131
1789972091.986880;m3-214;[INFO: App       ] Received response 'hello 21' from fd00::a379
1789972092.119851;m3-212;[INFO: App       ] Sending request 21 to fd00::a379
1789972092.119904;m3-212;[INFO: RPL       ] creating hop-by-hop option
1789972092.119927;m3-212;[INFO: RPL       ] packet sent to 0200.0000.0000.a379, status 0, tx 1, new link metric 128
1789972092.123425;m3-207;[INFO: RPL       ] ext hdr: packet from fd00::b280 to fd00::a379 going up, sender closer 0 (256 < 128), rank error 0, loop detected 0
1789972092.123461;m3-207;[INFO: RPL       ] ext hdr: packet from fd00::b280 to fd00::a379 going up, sender closer 0 (256 < 128), rank error 0, loop detected 0
1789972092.123485;m3-207;[INFO: App       ] Received request 'hello 21' from fd00::b280
1789972092.139301;m3-207;[INFO: App       ] Sending response.
1789972092.139333;m3-207;[INFO: RPL       ] SRH creating source routing header with destination fd00::b280 
1789972092.139372;m3-207;[INFO: RPL       ] SRH path len: 0, ComprI 15, ComprE 15, ext len 8 (padding 0)
1789972092.187223;m3-207;[INFO: RPL       ] packet sent to 0200.0000.0000.b280, status 0, tx 1, new link metric 131
1789972092.199586;m3-212;[INFO: App       ] Received response 'hello 21' from fd00::a379
1789972092.251754;m3-217;[INFO: RPL       ] probing fe80::b369  last tx 2 min ago
1789972092.251799;m3-217;[INFO: RPL       ] sending a unicast-DIO with rank 256 to fe80::b369
1789972092.267552;m3-217;[INFO: RPL       ] packet sent to 0200.0000.0000.b369, status 0, tx 1, new link metric 200
1789972092.269584;m3-216;[INFO: RPL       ] received a unicast-DIO from fe80::9871, instance_id 0, DAG ID fd00::a379, version 240, dtsn 240, rank 256
1789972092.603935;m3-210;[INFO: App       ] Sending request 21 to fd00::a379
1789972092.604001;m3-210;[INFO: RPL       ] creating hop-by-hop option
1789972092.616917;m3-207;[INFO: RPL       ] ext hdr: packet from fd00::c081 to fd00::a379 going up, sender closer 0 (259 < 128), rank error 0, loop detected 0
1789972092.616955;m3-207;[INFO: RPL       ] ext hdr: packet from fd00::c081 to fd00::a379 going up, sender closer 0 (259 < 128), rank error 0, loop detected 0
1789972092.616997;m3-207;[INFO: App       ] Received request 'hello 21' from fd00::c081
1789972092.617018;m3-207;[INFO: App       ] Sending response.
1789972092.617037;m3-207;[INFO: RPL       ] SRH creating source routing header with destination fd00::c081 
1789972092.619733;m3-210;[INFO: RPL       ] packet sent to 0200.0000.0000.a379, status 0, tx 1, new link metric 130
1789972092.632134;m3-207;[INFO: RPL       ] SRH path len: 0, ComprI 15, ComprE 15, ext len 8 (padding 0)
1789972092.632194;m3-207;[INFO: RPL       ] packet sent to 0200.0000.0000.c081, status 0, tx 1, new link metric 131
1789972092.635679;m3-210;[INFO: App       ] Received response 'hello 21' from fd00::a379
1789972093.209816;m3-211;[INFO: RPL       ] sending a multicast-DIO with rank 256 to ff02::1a
1789972093.256068;m3-207;[INFO: RPL       ] received a multicast-DIO from fe80::8875, instance_id 0, DAG ID fd00::a379, version 240, dtsn 240, rank 256
1789972093.256908;m3-218;[INFO: RPL       ] received a multicast-DIO from fe80::8875, instance_id 0, DAG ID fd00::a379, version 240, dtsn 240, rank 256
1789972093.259624;m3-217;[INFO: RPL       ] received a multicast-DIO from fe80::8875, instance_id 0, DAG ID fd00::a379, version 240, dtsn 240, rank 256
1789972093.259790;m3-210;[INFO: RPL       ] received a multicast-DIO from fe80::8875, instance_id 0, DAG ID fd00::a379, version 240, dtsn 240, rank 256
1789972093.261520;m3-216;[INFO: RPL       ] received a multicast-DIO from fe80::8875, instance_id 0, DAG ID fd00::a379, version 240, dtsn 240, rank 256
1789972093.262595;m3-209;[INFO: RPL       ] received a multicast-DIO from fe80::8875, instance_id 0, DAG ID fd00::a379, version 240, dtsn 240, rank 256
1789972093.264125;m3-215;[INFO: RPL       ] received a multicast-DIO from fe80::8875, instance_id 0, DAG ID fd00::a379, version 240, dtsn 240, rank 256
1789972093.264874;m3-208;[INFO: RPL       ] received a multicast-DIO from fe80::8875, instance_id 0, DAG ID fd00::a379, version 240, dtsn 240, rank 256
1789972093.265606;m3-221;[INFO: RPL       ] received a multicast-DIO from fe80::8875, instance_id 0, DAG ID fd00::a379, version 240, dtsn 240, rank 256
1789972093.266716;m3-214;[INFO: RPL       ] received a multicast-DIO from fe80::8875, instance_id 0, DAG ID fd00::a379, version 240, dtsn 240, rank 256
1789972093.266991;m3-220;[INFO: RPL       ] received a multicast-DIO from fe80::8875, instance_id 0, DAG ID fd00::a379, version 240, dtsn 240, rank 256
1789972093.268854;m3-213;[INFO: RPL       ] received a multicast-DIO from fe80::8875, instance_id 0, DAG ID fd00::a379, version 240, dtsn 240, rank 256
1789972093.270818;m3-219;[INFO: RPL       ] received a multicast-DIO from fe80::8875, instance_id 0, DAG ID fd00::a379, version 240, dtsn 240, rank 256
1789972093.271372;m3-212;[INFO: RPL       ] received a multicast-DIO from fe80::8875, instance_id 0, DAG ID fd00::a379, version 240, dtsn 240, rank 256
1789972093.698848;m3-220;[INFO: RPL       ] received a multicast-DIO from fe80::8472, instance_id 0, DAG ID fd00::a379, version 240, dtsn 240, rank 262
1789972093.700643;m3-213;[INFO: RPL       ] sending a multicast-DIO with rank 262 to ff02::1a
1789972093.702774;m3-219;[INFO: RPL       ] received a multicast-DIO from fe80::8472, instance_id 0, DAG ID fd00::a379, version 240, dtsn 240, rank 262
1789972093.703397;m3-212;[INFO: RPL       ] received a multicast-DIO from fe80::8472, instance_id 0, DAG ID fd00::a379, version 240, dtsn 240, rank 262
1789972093.704001;m3-207;[INFO: RPL       ] received a multicast-DIO from fe80::8472, instance_id 0, DAG ID fd00::a379, version 240, dtsn 240, rank 262
1789972093.704741;m3-218;[INFO: RPL       ] received a multicast-DIO from fe80::8472, instance_id 0, DAG ID fd00::a379, version 240, dtsn 240, rank 262
1789972093.705727;m3-211;[INFO: RPL       ] received a multicast-DIO from fe80::8472, instance_id 0, DAG ID fd00::a379, version 240, dtsn 240, rank 262
1789972093.707433;m3-217;[INFO: RPL       ] received a multicast-DIO from fe80::8472, instance_id 0, DAG ID fd00::a379, version 240, dtsn 240, rank 262
1789972093.707686;m3-210;[INFO: RPL       ] received a multicast-DIO from fe80::8472, instance_id 0, DAG ID fd00::a379, version 240, dtsn 240, rank 262
1789972093.709444;m3-216;[INFO: RPL       ] received a multicast-DIO from fe80::8472, instance_id 0, DAG ID fd00::a379, version 240, dtsn 240, rank 262
1789972093.710445;m3-209;[INFO: RPL       ] received a multicast-DIO from fe80::8472, instance_id 0, DAG ID fd00::a379, version 240, dtsn 240, rank 262
1789972093.711964;m3-215;[INFO: RPL       ] received a multicast-DIO from fe80::8472, instance_id 0, DAG ID fd00::a379, version 240, dtsn 240, rank 262
1789972093.712668;m3-208;[INFO: RPL       ] received a multicast-DIO from fe80::8472, instance_id 0, DAG ID fd00::a379, version 240, dtsn 240, rank 262
1789972093.713277;m3-221;[INFO: RPL       ] received a multicast-DIO from fe80::8472, instance_id 0, DAG ID fd00::a379, version 240, dtsn 240, rank 262
1789972093.714648;m3-214;[INFO: RPL       ] received a multicast-DIO from fe80::8472, instance_id 0, DAG ID fd00::a379, version 240, dtsn 240, rank 262
1789972093.995373;m3-217;[INFO: App       ] Sending request 21 to fd00::a379
1789972093.995438;m3-217;[INFO: RPL       ] creating hop-by-hop option
1789972093.995490;m3-210;[INFO: RPL       ] sending a multicast-DIO with rank 258 to ff02::1a
1789972094.018650;m3-214;[INFO: RPL       ] received a multicast-DIO from fe80::c081, instance_id 0, DAG ID fd00::a379, version 240, dtsn 240, rank 258
1789972094.018806;m3-220;[INFO: RPL       ] received a multicast-DIO from fe80::c081, instance_id 0, DAG ID fd00::a379, version 240, dtsn 240, rank 258
1789972094.020547;m3-213;[INFO: RPL       ] received a multicast-DIO from fe80::c081, instance_id 0, DAG ID fd00::a379, version 240, dtsn 240, rank 258
1789972094.022727;m3-219;[INFO: RPL       ] received a multicast-DIO from fe80::c081, instance_id 0, DAG ID fd00::a379, version 240, dtsn 240, rank 258
1789972094.023360;m3-212;[INFO: RPL       ] received a multicast-DIO from fe80::c081, instance_id 0, DAG ID fd00::a379, version 240, dtsn 240, rank 258
1789972094.023928;m3-207;[INFO: RPL       ] received a multicast-DIO from fe80::c081, instance_id 0, DAG ID fd00::a379, version 240, dtsn 240, rank 258
1789972094.024733;m3-218;[INFO: RPL       ] received a multicast-DIO from fe80::c081, instance_id 0, DAG ID fd00::a379, version 240, dtsn 240, rank 258
1789972094.025684;m3-211;[INFO: RPL       ] received a multicast-DIO from fe80::c081, instance_id 0, DAG ID fd00::a379, version 240, dtsn 240, rank 258
1789972094.027303;m3-217;[INFO: RPL       ] received a multicast-DIO from fe80::c081, instance_id 0, DAG ID fd00::a379, version 240, dtsn 240, rank 258
1789972094.029273;m3-216;[INFO: RPL       ] received a multicast-DIO from fe80::c081, instance_id 0, DAG ID fd00::a379, version 240, dtsn 240, rank 258
1789972094.030382;m3-209;[INFO: RPL       ] received a multicast-DIO from fe80::c081, instance_id 0, DAG ID fd00::a379, version 240, dtsn 240, rank 258
1789972094.031778;m3-215;[INFO: RPL       ] received a multicast-DIO from fe80::c081, instance_id 0, DAG ID fd00::a379, version 240, dtsn 240, rank 258
1789972094.032511;m3-208;[INFO: RPL       ] received a multicast-DIO from fe80::c081, instance_id 0, DAG ID fd00::a379, version 240, dtsn 240, rank 258
1789972094.033237;m3-221;[INFO: RPL       ] received a multicast-DIO from fe80::c081, instance_id 0, DAG ID fd00::a379, version 240, dtsn 240, rank 258
1789972094.040074;m3-207;[INFO: RPL       ] ext hdr: packet from fd00::9871 to fd00::a379 going up, sender closer 0 (256 < 128), rank error 0, loop detected 0
1789972094.040108;m3-207;[INFO: RPL       ] ext hdr: packet from fd00::9871 to fd00::a379 going up, sender closer 0 (256 < 128), rank error 0, loop detected 0
1789972094.043279;m3-217;[INFO: RPL       ] packet sent to 0200.0000.0000.a379, status 0, tx 1, new link metric 128
1789972094.056052;m3-207;[INFO: App       ] Received request 'hello 21' from fd00::9871
1789972094.056085;m3-207;[INFO: App       ] Sending response.
1789972094.056106;m3-207;[INFO: RPL       ] SRH creating source routing header with destination fd00::9871 
1789972094.056126;m3-207;[INFO: RPL       ] SRH path len: 0, ComprI 15, ComprE 15, ext len 8 (padding 0)
1789972094.104163;m3-207;[INFO: RPL       ] packet sent to 0200.0000.0000.9871, status 0, tx 1, new link metric 131
1789972094.107432;m3-217;[INFO: App       ] Received response 'hello 21' from fd00::a379
1789972094.191950;m3-215;[INFO: App       ] Sending request 22 to fd00::a379
1789972094.191988;m3-215;[INFO: RPL       ] creating hop-by-hop option
1789972094.207868;m3-215;[INFO: RPL       ] packet sent to 0200.0000.0000.a379, status 0, tx 1, new link metric 128
1789972094.216113;m3-207;[INFO: RPL       ] ext hdr: packet from fd00::9175 to fd00::a379 going up, sender closer 0 (256 < 128), rank error 0, loop detected 0
1789972094.216150;m3-207;[INFO: RPL       ] ext hdr: packet from fd00::9175 to fd00::a379 going up, sender closer 0 (256 < 128), rank error 0, loop detected 0
1789972094.216176;m3-207;[INFO: App       ] Received request 'hello 22' from fd00::9175
1789972094.216196;m3-207;[INFO: App       ] Sending response.
1789972094.216215;m3-207;[INFO: RPL       ] SRH creating source routing header with destination fd00::9175 
1789972094.216235;m3-207;[INFO: RPL       ] SRH path len: 0, ComprI 15, ComprE 15, ext len 8 (padding 0)
1789972094.247936;m3-207;[INFO: RPL       ] packet sent to 0200.0000.0000.9175, status 0, tx 1, new link metric 130
1789972094.255757;m3-215;[INFO: App       ] Received response 'hello 22' from fd00::a379
1789972094.486809;m3-219;[INFO: App       ] Sending request 22 to fd00::a379
1789972094.486874;m3-219;[INFO: RPL       ] creating hop-by-hop option
1789972094.518673;m3-219;[INFO: RPL       ] packet sent to 0200.0000.0000.a379, status 0, tx 1, new link metric 128
1789972094.519991;m3-207;[INFO: RPL       ] ext hdr: packet from fd00::b481 to fd00::a379 going up, sender closer 0 (256 < 128), rank error 0, loop detected 0
1789972094.534616;m3-219;[INFO: App       ] Received response 'hello 22' from fd00::a379
1789972094.535989;m3-207;[INFO: RPL       ] ext hdr: packet from fd00::b481 to fd00::a379 going up, sender closer 0 (256 < 128), rank error 0, loop detected 0
1789972094.536026;m3-207;[INFO: App       ] Received request 'hello 22' from fd00::b481
1789972094.536049;m3-207;[INFO: App       ] Sending response.
1789972094.536070;m3-207;[INFO: RPL       ] SRH creating source routing header with destination fd00::b481 
1789972094.536090;m3-207;[INFO: RPL       ] SRH path len: 0, ComprI 15, ComprE 15, ext len 8 (padding 0)
1789972094.536116;m3-207;[INFO: RPL       ] packet sent to 0200.0000.0000.b481, status 0, tx 1, new link metric 130
1789972095.224046;m3-207;[INFO: RPL       ] nbr: own state, addr fd00::a379, DAG state: reachable, MOP 1 OCP 1 rank 128 max-rank 65535, dioint 17, nbr count 14 (Periodic)
1789972095.229389;m3-216;[INFO: RPL       ] nbr: own state, addr fd00::b369, DAG state: reachable, MOP 1 OCP 1 rank 256 max-rank 1280, dioint 17, nbr count 14 (Periodic)
1789972095.230398;m3-209;[INFO: RPL       ] nbr: own state, addr fd00::b379, DAG state: reachable, MOP 1 OCP 1 rank 256 max-rank 1280, dioint 17, nbr count 14 (Periodic)
1789972095.231818;m3-215;[INFO: RPL       ] nbr: own state, addr fd00::9175, DAG state: reachable, MOP 1 OCP 1 rank 256 max-rank 1280, dioint 17, nbr count 14 (Periodic)
1789972095.231852;m3-215;[INFO: RPL       ] nbr: fe80::a379  128,   128 =>   256 -- 16 rbafp (last tx 0 min ago)
1789972095.231876;m3-215;[INFO: RPL       ] nbr: fe80::b369  256,   256 =>   512 --  0   a   (no tx)
1789972095.232716;m3-208;[INFO: RPL       ] nbr: own state, addr fd00::9076, DAG state: reachable, MOP 1 OCP 1 rank 276 max-rank 1285, dioint 17, nbr count 14 (Periodic)
1789972095.233486;m3-221;[INFO: RPL       ] nbr: own state, addr fd00::9981, DAG state: reachable, MOP 1 OCP 1 rank 256 max-rank 1280, dioint 17, nbr count 14 (Periodic)
1789972095.233523;m3-221;[INFO: RPL       ] nbr: fe80::a379  128,   128 =>   256 -- 16 rbafp (last tx 0 min ago)
1789972095.234622;m3-214;[INFO: RPL       ] nbr: own state, addr fd00::9567, DAG state: reachable, MOP 1 OCP 1 rank 256 max-rank 1280, dioint 17, nbr count 14 (Periodic)
1789972095.234656;m3-214;[INFO: RPL       ] nbr: fe80::a379  128,   128 =>   256 -- 16 rbafp (last tx 0 min ago)
1789972095.234679;m3-214;[INFO: RPL       ] nbr: fe80::b369  265,   256 =>   521 --  0   a   (no tx)
1789972095.234762;m3-220;[INFO: RPL       ] nbr: own state, addr fd00::2160, DAG state: reachable, MOP 1 OCP 1 rank 258 max-rank 1282, dioint 17, nbr count 14 (Periodic)
1789972095.234794;m3-220;[INFO: RPL       ] nbr: fe80::a379  128,   130 =>   258 -- 16 rbafp (last tx 0 min ago)
1789972095.236554;m3-213;[INFO: RPL       ] nbr: own state, addr fd00::8472, DAG state: reachable, MOP 1 OCP 1 rank 262 max-rank 1286, dioint 17, nbr count 14 (Periodic)
1789972095.236585;m3-213;[INFO: RPL       ] nbr: fe80::a379  128,   134 =>   262 -- 16 rbafp (last tx 0 min ago)
1789972095.236606;m3-213;[INFO: RPL       ] nbr: fe80::b369  265,   224 =>   489 --  1   a   (last tx 1 min ago)
1789972095.238688;m3-219;[INFO: RPL       ] nbr: own state, addr fd00::b481, DAG state: reachable, MOP 1 OCP 1 rank 256 max-rank 1280, dioint 17, nbr count 14 (Periodic)
1789972095.238720;m3-219;[INFO: RPL       ] nbr: fe80::a379  128,   128 =>   256 -- 16 rbafp (last tx 0 min ago)
1789972095.238758;m3-219;[INFO: RPL       ] nbr: fe80::b369  265,   200 =>   465 --  2   a   (last tx 0 min ago)
1789972095.239425;m3-212;[INFO: RPL       ] nbr: own state, addr fd00::b280, DAG state: reachable, MOP 1 OCP 1 rank 256 max-rank 1280, dioint 17, nbr count 14 (Periodic)
1789972095.239459;m3-212;[INFO: RPL       ] nbr: fe80::a379  128,   128 =>   256 -- 16 rbafp (last tx 0 min ago)
1789972095.239482;m3-212;[INFO: RPL       ] nbr: fe80::b369  265,   200 =>   465 --  2   a   (last tx 0 min ago)
1789972095.239799;m3-207;[INFO: RPL       ] nbr: fe80::b481  256,   130 =>   386 -- 16   af  (last tx 0 min ago)
1789972095.239830;m3-207;[INFO: RPL       ] nbr: fe80::b379  258,   131 =>   389 -- 16   af  (last tx 0 min ago)
1789972095.240542;m3-218;[INFO: RPL       ] nbr: own state, addr fd00::b582, DAG state: reachable, MOP 1 OCP 1 rank 256 max-rank 1280, dioint 17, nbr count 14 (Periodic)
1789972095.240576;m3-218;[INFO: RPL       ] nbr: fe80::a379  128,   128 =>   256 -- 16 rbafp (last tx 0 min ago)
1789972095.240598;m3-218;[INFO: RPL       ] nbr: fe80::b369  265,   256 =>   521 --  0   a   (no tx)
1789972095.241558;m3-211;[INFO: RPL       ] nbr: own state, addr fd00::8875, DAG state: reachable, MOP 1 OCP 1 rank 256 max-rank 1280, dioint 17, nbr count 14 (Periodic)
1789972095.241591;m3-211;[INFO: RPL       ] nbr: fe80::a379  128,   128 =>   256 -- 16 rbafp (last tx 0 min ago)
1789972095.241613;m3-211;[INFO: RPL       ] nbr: fe80::b369  265,   224 =>   489 --  1   a   (last tx 0 min ago)
1789972095.241634;m3-211;[INFO: RPL       ] nbr: fe80::b379  258,   256 =>   514 --  0   a   (no tx)
1789972095.243218;m3-217;[INFO: RPL       ] nbr: own state, addr fd00::9871, DAG state: reachable, MOP 1 OCP 1 rank 256 max-rank 1280, dioint 17, nbr count 14 (Periodic)
1789972095.243249;m3-217;[INFO: RPL       ] nbr: fe80::a379  128,   128 =>   256 -- 16 rbafp (last tx 0 min ago)
1789972095.243270;m3-217;[INFO: RPL       ] nbr: fe80::b369  265,   200 =>   465 --  2   a   (last tx 0 min ago)
1789972095.243498;m3-210;[INFO: RPL       ] nbr: own state, addr fd00::c081, DAG state: reachable, MOP 1 OCP 1 rank 258 max-rank 1282, dioint 17, nbr count 14 (Periodic)
1789972095.243526;m3-210;[INFO: RPL       ] nbr: fe80::a379  128,   130 =>   258 -- 16 rbafp (last tx 0 min ago)
1789972095.243548;m3-210;[INFO: RPL       ] nbr: fe80::b369  265,   224 =>   489 --  1   a   (last tx 1 min ago)
1789972095.245260;m3-216;[INFO: RPL       ] nbr: fe80::a379  128,   128 =>   256 -- 16 rbafp (last tx 0 min ago)
1789972095.245290;m3-216;[INFO: RPL       ] nbr: fe80::b379  258,   200 =>   458 --  2   a   (last tx 1 min ago)
1789972095.245311;m3-216;[INFO: RPL       ] nbr: fe80::9175  265,   224 =>   489 --  1   a   (last tx 0 min ago)
1789972095.246269;m3-209;[INFO: RPL       ] nbr: fe80::a379  128,   128 =>   256 -- 16 rbafp (last tx 0 min ago)
1789972095.246300;m3-209;[INFO: RPL       ] nbr: fe80::b369  263,   224 =>   487 --  1   a   (last tx 1 min ago)
1789972095.246323;m3-209;[INFO: RPL       ] nbr: fe80::9175  265,   256 =>   521 --  0   a   (no tx)
1789972095.247724;m3-215;[INFO: RPL       ] nbr: fe80::b379  258,   256 =>   514 --  0   a   (no tx)
1789972095.247752;m3-215;[INFO: RPL       ] nbr: fe80::b481  256,   256 =>   512 --  0   a   (no tx)
1789972095.247773;m3-215;[INFO: RPL       ] nbr: fe80::2160  270,   200 =>   470 --  2   a   (last tx 1 min ago)
1789972095.248566;m3-208;[INFO: RPL       ] nbr: fe80::a379  128,   148 =>   276 -- 16 rbafp (last tx 0 min ago)
1789972095.248594;m3-208;[INFO: RPL       ] nbr: fe80::b369  265,   256 =>   521 --  0   a   (no tx)
1789972095.248615;m3-208;[INFO: RPL       ] nbr: fe80::b379  258,   256 =>   514 --  0   a   (no tx)
1789972095.248635;m3-208;[INFO: RPL       ] nbr: fe80::9175  265,   256 =>   521 --  0   a   (no tx)
1789972095.249296;m3-221;[INFO: RPL       ] nbr: fe80::b369  265,   256 =>   521 --  0   a   (no tx)
1789972095.249329;m3-221;[INFO: RPL       ] nbr: fe80::b379  258,   256 =>   514 --  0   a   (no tx)
1789972095.249360;m3-221;[INFO: RPL       ] nbr: fe80::9175  265,   256 =>   521 --  0   a   (no tx)
1789972095.250405;m3-214;[INFO: RPL       ] nbr: fe80::b379  258,   256 =>   514 --  0   a   (no tx)
1789972095.250435;m3-214;[INFO: RPL       ] nbr: fe80::9175  265,   256 =>   521 --  0   a   (no tx)
1789972095.250456;m3-214;[INFO: RPL       ] nbr: fe80::b481  256,   200 =>   456 --  2   a   (last tx 0 min ago)
1789972095.250617;m3-220;[INFO: RPL       ] nbr: fe80::b369  265,   224 =>   489 --  1   a   (last tx 0 min ago)
1789972095.250647;m3-220;[INFO: RPL       ] nbr: fe80::b379  258,   256 =>   514 --  0   a   (no tx)
1789972095.250668;m3-220;[INFO: RPL       ] nbr: fe80::9175  264,   256 =>   520 --  0   a   (no tx)
1789972095.252404;m3-213;[INFO: RPL       ] nbr: fe80::b379  258,   256 =>   514 --  0   a   (no tx)
1789972095.252432;m3-213;[INFO: RPL       ] nbr: fe80::9175  265,   256 =>   521 --  0   a   (no tx)
1789972095.252454;m3-213;[INFO: RPL       ] nbr: fe80::b481  256,   224 =>   480 --  1   a   (last tx 2 min ago)
1789972095.254558;m3-219;[INFO: RPL       ] nbr: fe80::b379  258,   256 =>   514 --  0   a   (no tx)
1789972095.254599;m3-219;[INFO: RPL       ] nbr: fe80::9175  265,   256 =>   521 --  0   a   (no tx)
1789972095.254635;m3-219;[INFO: RPL       ] nbr: fe80::2160  270,   256 =>   526 --  0   a   (no tx)
1789972095.255225;m3-212;[INFO: RPL       ] nbr: fe80::b379  258,   256 =>   514 --  0   a   (no tx)
1789972095.255254;m3-212;[INFO: RPL       ] nbr: fe80::9175  265,   256 =>   521 --  0   a   (no tx)
1789972095.255275;m3-212;[INFO: RPL       ] nbr: fe80::b481  256,   256 =>   512 --  0   a   (no tx)
1789972095.255757;m3-207;[INFO: RPL       ] nbr: fe80::2160  270,   130 =>   400 -- 16   af  (last tx 0 min ago)
1789972095.255785;m3-207;[INFO: RPL       ] nbr: fe80::b369  265,   130 =>   395 -- 16   af  (last tx 0 min ago)
1789972095.255807;m3-207;[INFO: RPL       ] nbr: fe80::9076  266,   130 =>   396 -- 16   af  (last tx 0 min ago)
1789972095.256490;m3-218;[INFO: RPL       ] nbr: fe80::b379  258,   256 =>   514 --  0   a   (no tx)
1789972095.256520;m3-218;[INFO: RPL       ] nbr: fe80::9175  265,   224 =>   489 --  1   a   (last tx 1 min ago)
1789972095.256542;m3-218;[INFO: RPL       ] nbr: fe80::b481  256,   256 =>   512 --  0   a   (no tx)
1789972095.257557;m3-211;[INFO: RPL       ] nbr: fe80::9175  265,   256 =>   521 --  0   a   (no tx)
1789972095.257590;m3-211;[INFO: RPL       ] nbr: fe80::b481  256,   200 =>   456 --  2   a   (last tx 0 min ago)
1789972095.257611;m3-211;[INFO: RPL       ] nbr: fe80::2160  270,   256 =>   526 --  0   a   (no tx)
1789972095.259162;m3-217;[INFO: RPL       ] nbr: fe80::b379  258,   256 =>   514 --  0   a   (no tx)
1789972095.259190;m3-217;[INFO: RPL       ] nbr: fe80::9175  265,   256 =>   521 --  0   a   (no tx)
1789972095.259211;m3-217;[INFO: RPL       ] nbr: fe80::b481  256,   256 =>   512 --  0   a   (no tx)
1789972095.259230;m3-217;[INFO: RPL       ] nbr: fe80::2160  270,   256 =>   526 --  0   a   (no tx)
1789972095.259446;m3-210;[INFO: RPL       ] nbr: fe80::b379  258,   256 =>   514 --  0   a   (no tx)
1789972095.259476;m3-210;[INFO: RPL       ] nbr: fe80::9175  265,   256 =>   521 --  0   a   (no tx)
1789972095.259496;m3-210;[INFO: RPL       ] nbr: fe80::b481  256,   256 =>   512 --  0   a   (no tx)
1789972095.261218;m3-216;[INFO: RPL       ] nbr: fe80::b481  256,   256 =>   512 --  0   a   (no tx)
1789972095.261248;m3-216;[INFO: RPL       ] nbr: fe80::2160  259,   256 =>   515 --  0   a   (no tx)
1789972095.261270;m3-216;[INFO: RPL       ] nbr: fe80::8472  262,   256 =>   518 --  0   a   (no tx)
1789972095.265357;m3-209;[INFO: RPL       ] nbr: fe80::b481  256,   256 =>   512 --  0   a   (no tx)
1789972095.265392;m3-209;[INFO: RPL       ] nbr: fe80::2160  270,   256 =>   526 --  0   a   (no tx)
1789972095.265414;m3-209;[INFO: RPL       ] nbr: fe80::8472  262,   256 =>   518 --  0   a   (no tx)
1789972095.265438;m3-215;[INFO: RPL       ] nbr: fe80::8472  262,   256 =>   518 --  0   a   (no tx)
1789972095.265458;m3-215;[INFO: RPL       ] nbr: fe80::9567  266,   256 =>   522 --  0   a   (no tx)
1789972095.265477;m3-215;[INFO: RPL       ] nbr: fe80::8875  256,   256 =>   512 --  0   a   (no tx)
1789972095.265499;m3-208;[INFO: RPL       ] nbr: fe80::b481  256,   200 =>   456 --  2   a   (last tx 0 min ago)
1789972095.265518;m3-208;[INFO: RPL       ] nbr: fe80::2160  270,   256 =>   526 --  0   a   (no tx)
1789972095.265537;m3-208;[INFO: RPL       ] nbr: fe80::8472  262,   256 =>   518 --  0   a   (no tx)
1789972095.265559;m3-221;[INFO: RPL       ] nbr: fe80::b481  256,   200 =>   456 --  2   a   (last tx 1 min ago)
1789972095.265578;m3-221;[INFO: RPL       ] nbr: fe80::2160  270,   256 =>   526 --  0   a   (no tx)
1789972095.265596;m3-221;[INFO: RPL       ] nbr: fe80::8472  262,   256 =>   518 --  0   a   (no tx)
1789972095.266364;m3-214;[INFO: RPL       ] nbr: fe80::2160  270,   256 =>   526 --  0   a   (no tx)
1789972095.266394;m3-214;[INFO: RPL       ] nbr: fe80::8472  262,   256 =>   518 --  0   a   (no tx)
1789972095.266416;m3-214;[INFO: RPL       ] nbr: fe80::8875  256,   256 =>   512 --  0   a   (no tx)
1789972095.266568;m3-220;[INFO: RPL       ] nbr: fe80::b481  256,   256 =>   512 --  0   a   (no tx)
1789972095.266599;m3-220;[INFO: RPL       ] nbr: fe80::8472  262,   256 =>   518 --  0   a   (no tx)
1789972095.266620;m3-220;[INFO: RPL       ] nbr: fe80::9567  266,   256 =>   522 --  0   a   (no tx)
1789972095.268446;m3-213;[INFO: RPL       ] nbr: fe80::2160  270,   256 =>   526 --  0   a   (no tx)
1789972095.268475;m3-213;[INFO: RPL       ] nbr: fe80::9567  266,   256 =>   522 --  0   a   (no tx)
1789972095.268495;m3-213;[INFO: RPL       ] nbr: fe80::8875  256,   256 =>   512 --  0   a   (no tx)
1789972095.270547;m3-219;[INFO: RPL       ] nbr: fe80::8472  262,   256 =>   518 --  0   a   (no tx)
1789972095.270589;m3-219;[INFO: RPL       ] nbr: fe80::9567  259,   256 =>   515 --  0   a   (no tx)
1789972095.270625;m3-219;[INFO: RPL       ] nbr: fe80::8875  256,   256 =>   512 --  0   a   (no tx)
1789972095.271169;m3-212;[INFO: RPL       ] nbr: fe80::2160  270,   256 =>   526 --  0   a   (no tx)
1789972095.271199;m3-212;[INFO: RPL       ] nbr: fe80::8472  262,   256 =>   518 --  0   a   (no tx)
1789972095.271220;m3-212;[INFO: RPL       ] nbr: fe80::9567  266,   256 =>   522 --  0   a   (no tx)
1789972095.271748;m3-207;[INFO: RPL       ] nbr: fe80::9175  265,   130 =>   395 -- 16   af  (last tx 0 min ago)
1789972095.271778;m3-207;[INFO: RPL       ] nbr: fe80::9567  266,   131 =>   397 -- 16   af  (last tx 0 min ago)
1789972095.271799;m3-207;[INFO: RPL       ] nbr: fe80::8472  262,   135 =>   397 -- 16   af  (last tx 0 min ago)
1789972095.272466;m3-218;[INFO: RPL       ] nbr: fe80::2160  270,   256 =>   526 --  0   a   (no tx)
1789972095.272496;m3-218;[INFO: RPL       ] nbr: fe80::8472  262,   256 =>   518 --  0   a   (no tx)
1789972095.272517;m3-218;[INFO: RPL       ] nbr: fe80::9567  266,   256 =>   522 --  0   a   (no tx)
1789972095.273539;m3-211;[INFO: RPL       ] nbr: fe80::8472  262,   256 =>   518 --  0   a   (no tx)
1789972095.273571;m3-211;[INFO: RPL       ] nbr: fe80::9567  266,   256 =>   522 --  0   a   (no tx)
1789972095.273593;m3-211;[INFO: RPL       ] nbr: fe80::9871  270,   256 =>   526 --  0   a   (no tx)
1789972095.275136;m3-217;[INFO: RPL       ] nbr: fe80::8472  262,   256 =>   518 --  0   a   (no tx)
1789972095.275165;m3-217;[INFO: RPL       ] nbr: fe80::9567  266,   256 =>   522 --  0   a   (no tx)
1789972095.275187;m3-217;[INFO: RPL       ] nbr: fe80::8875  256,   256 =>   512 --  0   a   (no tx)
1789972095.275344;m3-210;[INFO: RPL       ] nbr: fe80::2160  270,   256 =>   526 --  0   a   (no tx)
1789972095.275379;m3-210;[INFO: RPL       ] nbr: fe80::8472  262,   256 =>   518 --  0   a   (no tx)
1789972095.275400;m3-210;[INFO: RPL       ] nbr: fe80::9567  266,   256 =>   522 --  0   a   (no tx)
1789972095.275424;m3-210;[INFO: RPL       ] nbr: fe80::8875  256,   256 =>   512 --  0   a   (no tx)
1789972095.277178;m3-216;[INFO: RPL       ] nbr: fe80::9567  266,   256 =>   522 --  0   a   (no tx)
1789972095.277208;m3-216;[INFO: RPL       ] nbr: fe80::8875  256,   256 =>   512 --  0   a   (no tx)
1789972095.277228;m3-216;[INFO: RPL       ] nbr: fe80::9871  256,   256 =>   512 --  0   a   (no tx)
1789972095.278269;m3-209;[INFO: RPL       ] nbr: fe80::9567  266,   256 =>   522 --  0   a   (no tx)
1789972095.278299;m3-209;[INFO: RPL       ] nbr: fe80::8875  256,   256 =>   512 --  0   a   (no tx)
1789972095.278322;m3-209;[INFO: RPL       ] nbr: fe80::9871  270,   256 =>   526 --  0   a   (no tx)
1789972095.279686;m3-215;[INFO: RPL       ] nbr: fe80::9871  270,   256 =>   526 --  0   a   (no tx)
1789972095.279714;m3-215;[INFO: RPL       ] nbr: fe80::b280  266,   256 =>   522 --  0   a   (no tx)
1789972095.279735;m3-215;[INFO: RPL       ] nbr: fe80::9981  257,   256 =>   513 --  0   a   (no tx)
1789972095.280499;m3-208;[INFO: RPL       ] nbr: fe80::9567  266,   256 =>   522 --  0   a   (no tx)
1789972095.280527;m3-208;[INFO: RPL       ] nbr: fe80::8875  256,   256 =>   512 --  0   a   (no tx)
1789972095.280548;m3-208;[INFO: RPL       ] nbr: fe80::9871  270,   256 =>   526 --  0   a   (no tx)
1789972095.281238;m3-221;[INFO: RPL       ] nbr: fe80::9567  266,   256 =>   522 --  0   a   (no tx)
1789972095.281268;m3-221;[INFO: RPL       ] nbr: fe80::8875  256,   256 =>   512 --  0   a   (no tx)
1789972095.281289;m3-221;[INFO: RPL       ] nbr: fe80::9871  270,   256 =>   526 --  0   a   (no tx)
1789972095.282356;m3-214;[INFO: RPL       ] nbr: fe80::9871  270,   256 =>   526 --  0   a   (no tx)
1789972095.282396;m3-214;[INFO: RPL       ] nbr: fe80::b280  266,   256 =>   522 --  0   a   (no tx)
1789972095.282419;m3-214;[INFO: RPL       ] nbr: fe80::9981  257,   256 =>   513 --  0   a   (no tx)
1789972095.282558;m3-220;[INFO: RPL       ] nbr: fe80::8875  256,   224 =>   480 --  1   a   (last tx 1 min ago)
1789972095.282591;m3-220;[INFO: RPL       ] nbr: fe80::9871  270,   256 =>   526 --  0   a   (no tx)
1789972095.282613;m3-220;[INFO: RPL       ] nbr: fe80::b280  266,   256 =>   522 --  0   a   (no tx)
1789972095.284451;m3-213;[INFO: RPL       ] nbr: fe80::9871  270,   256 =>   526 --  0   a   (no tx)
1789972095.284479;m3-213;[INFO: RPL       ] nbr: fe80::b280  266,   256 =>   522 --  0   a   (no tx)
1789972095.284500;m3-213;[INFO: RPL       ] nbr: fe80::9981  257,   256 =>   513 --  0   a   (no tx)
1789972095.286498;m3-219;[INFO: RPL       ] nbr: fe80::9871  270,   256 =>   526 --  0   a   (no tx)
1789972095.286530;m3-219;[INFO: RPL       ] nbr: fe80::b280  266,   256 =>   522 --  0   a   (no tx)
1789972095.286551;m3-219;[INFO: RPL       ] nbr: fe80::9981  257,   256 =>   513 --  0   a   (no tx)
1789972095.287159;m3-212;[INFO: RPL       ] nbr: fe80::8875  256,   256 =>   512 --  0   a   (no tx)
1789972095.287189;m3-212;[INFO: RPL       ] nbr: fe80::9871  270,   256 =>   526 --  0   a   (no tx)
1789972095.287210;m3-212;[INFO: RPL       ] nbr: fe80::9981  257,   256 =>   513 --  0   a   (no tx)
1789972095.287802;m3-207;[INFO: RPL       ] nbr: fe80::9981  257,   131 =>   388 -- 16   af  (last tx 0 min ago)
1789972095.287833;m3-207;[INFO: RPL       ] nbr: fe80::b582  256,   131 =>   387 -- 16   af  (last tx 0 min ago)
1789972095.288452;m3-218;[INFO: RPL       ] nbr: fe80::8875  256,   256 =>   512 --  0   a   (no tx)
1789972095.288482;m3-218;[INFO: RPL       ] nbr: fe80::9871  270,   256 =>   526 --  0   a   (no tx)
1789972095.288503;m3-218;[INFO: RPL       ] nbr: fe80::b280  266,   256 =>   522 --  0   a   (no tx)
1789972095.288523;m3-218;[INFO: RPL       ] nbr: fe80::9981  257,   256 =>   513 --  0   a   (no tx)
1789972095.289531;m3-211;[INFO: RPL       ] nbr: fe80::b280  266,   256 =>   522 --  0   a   (no tx)
1789972095.289563;m3-211;[INFO: RPL       ] nbr: fe80::9981  257,   256 =>   513 --  0   a   (no tx)
1789972095.289584;m3-211;[INFO: RPL       ] nbr: fe80::9076  266,   256 =>   522 --  0   a   (no tx)
1789972095.291131;m3-217;[INFO: RPL       ] nbr: fe80::b280  266,   256 =>   522 --  0   a   (no tx)
1789972095.291159;m3-217;[INFO: RPL       ] nbr: fe80::9981  257,   256 =>   513 --  0   a   (no tx)
1789972095.291179;m3-217;[INFO: RPL       ] nbr: fe80::9076  266,   256 =>   522 --  0   a   (no tx)
1789972095.291405;m3-210;[INFO: RPL       ] nbr: fe80::9871  270,   256 =>   526 --  0   a   (no tx)
1789972095.291435;m3-210;[INFO: RPL       ] nbr: fe80::b280  266,   256 =>   522 --  0   a   (no tx)
1789972095.291457;m3-210;[INFO: RPL       ] nbr: fe80::9981  257,   256 =>   513 --  0   a   (no tx)
1789972095.293172;m3-216;[INFO: RPL       ] nbr: fe80::b280  256,   256 =>   512 --  0   a   (no tx)
1789972095.293202;m3-216;[INFO: RPL       ] nbr: fe80::9981  257,   256 =>   513 --  0   a   (no tx)
1789972095.293223;m3-216;[INFO: RPL       ] nbr: fe80::9076  266,   256 =>   522 --  0   a   (no tx)
1789972095.294246;m3-209;[INFO: RPL       ] nbr: fe80::b280  266,   256 =>   522 --  0   a   (no tx)
1789972095.294277;m3-209;[INFO: RPL       ] nbr: fe80::9981  257,   256 =>   513 --  0   a   (no tx)
1789972095.294298;m3-209;[INFO: RPL       ] nbr: fe80::9076  266,   256 =>   522 --  0   a   (no tx)
1789972095.294318;m3-209;[INFO: RPL       ] nbr: fe80::c081  258,   256 =>   514 --  0   a   (no tx)
1789972095.295676;m3-215;[INFO: RPL       ] nbr: fe80::9076  266,   256 =>   522 --  0   a   (no tx)
1789972095.295704;m3-215;[INFO: RPL       ] nbr: fe80::c081  258,   256 =>   514 --  0   a   (no tx)
1789972095.295724;m3-215;[INFO: RPL       ] nbr: fe80::b582  256,   256 =>   512 --  0   a   (no tx)
1789972095.295743;m3-215;[INFO: RPL       ] nbr: end of list
1789972095.296475;m3-208;[INFO: RPL       ] nbr: fe80::b280  266,   256 =>   522 --  0   a   (no tx)
1789972095.296504;m3-208;[INFO: RPL       ] nbr: fe80::9981  257,   256 =>   513 --  0   a   (no tx)
1789972095.296525;m3-208;[INFO: RPL       ] nbr: fe80::c081  258,   256 =>   514 --  0   a   (no tx)
1789972095.297228;m3-221;[INFO: RPL       ] nbr: fe80::b280  266,   256 =>   522 --  0   a   (no tx)
1789972095.297258;m3-221;[INFO: RPL       ] nbr: fe80::9076  266,   256 =>   522 --  0   a   (no tx)
1789972095.297280;m3-221;[INFO: RPL       ] nbr: fe80::c081  258,   256 =>   514 --  0   a   (no tx)
1789972095.298357;m3-214;[INFO: RPL       ] nbr: fe80::9076  266,   256 =>   522 --  0   a   (no tx)
1789972095.298388;m3-214;[INFO: RPL       ] nbr: fe80::c081  258,   256 =>   514 --  0   a   (no tx)
1789972095.298410;m3-214;[INFO: RPL       ] nbr: fe80::b582  256,   256 =>   512 --  0   a   (no tx)
1789972095.298430;m3-214;[INFO: RPL       ] nbr: end of list
1789972095.298548;m3-220;[INFO: RPL       ] nbr: fe80::9981  257,   256 =>   513 --  0   a   (no tx)
1789972095.298577;m3-220;[INFO: RPL       ] nbr: fe80::9076  266,   256 =>   522 --  0   a   (no tx)
1789972095.298598;m3-220;[INFO: RPL       ] nbr: fe80::c081  258,   256 =>   514 --  0   a   (no tx)
1789972095.300395;m3-213;[INFO: RPL       ] nbr: fe80::9076  266,   256 =>   522 --  0   a   (no tx)
1789972095.300423;m3-213;[INFO: RPL       ] nbr: fe80::c081  258,   256 =>   514 --  0   a   (no tx)
1789972095.300443;m3-213;[INFO: RPL       ] nbr: fe80::b582  256,   256 =>   512 --  0   a   (no tx)
1789972095.300462;m3-213;[INFO: RPL       ] nbr: end of list
1789972095.302501;m3-219;[INFO: RPL       ] nbr: fe80::9076  282,   256 =>   538 --  0   a   (no tx)
1789972095.302532;m3-219;[INFO: RPL       ] nbr: fe80::c081  258,   256 =>   514 --  0   a   (no tx)
1789972095.302552;m3-219;[INFO: RPL       ] nbr: fe80::b582  256,   256 =>   512 --  0   a   (no tx)
1789972095.302572;m3-219;[INFO: RPL       ] nbr: end of list
1789972095.303163;m3-212;[INFO: RPL       ] nbr: fe80::9076  266,   256 =>   522 --  0   a   (no tx)
1789972095.303193;m3-212;[INFO: RPL       ] nbr: fe80::c081  258,   256 =>   514 --  0   a   (no tx)
1789972095.303215;m3-212;[INFO: RPL       ] nbr: fe80::b582  256,   256 =>   512 --  0   a   (no tx)
1789972095.303235;m3-212;[INFO: RPL       ] nbr: end of list
1789972095.303735;m3-207;[INFO: RPL       ] nbr: fe80::8875  256,   130 =>   386 -- 16  baf  (last tx 0 min ago)
1789972095.303765;m3-207;[INFO: RPL       ] nbr: fe80::c081  258,   131 =>   389 -- 16   af  (last tx 0 min ago)
1789972095.303787;m3-207;[INFO: RPL       ] nbr: fe80::b280  266,   131 =>   397 -- 16   af  (last tx 0 min ago)
1789972095.304446;m3-218;[INFO: RPL       ] nbr: fe80::9076  266,   256 =>   522 --  0   a   (no tx)
1789972095.304476;m3-218;[INFO: RPL       ] nbr: fe80::c081  258,   256 =>   514 --  0   a   (no tx)
1789972095.304498;m3-218;[INFO: RPL       ] nbr: end of list
1789972095.305508;m3-211;[INFO: RPL       ] nbr: fe80::c081  258,   256 =>   514 --  0   a   (no tx)
1789972095.305540;m3-211;[INFO: RPL       ] nbr: fe80::b582  256,   256 =>   512 --  0   a   (no tx)
1789972095.305562;m3-211;[INFO: RPL       ] nbr: end of list
1789972095.307117;m3-217;[INFO: RPL       ] nbr: fe80::c081  258,   256 =>   514 --  0   a   (no tx)
1789972095.307144;m3-217;[INFO: RPL       ] nbr: fe80::b582  256,   256 =>   512 --  0   a   (no tx)
1789972095.307165;m3-217;[INFO: RPL       ] nbr: end of list
1789972095.307384;m3-210;[INFO: RPL       ] nbr: fe80::9076  266,   256 =>   522 --  0   a   (no tx)
1789972095.307415;m3-210;[INFO: RPL       ] nbr: fe80::b582  256,   256 =>   512 --  0   a   (no tx)
1789972095.307436;m3-210;[INFO: RPL       ] nbr: end of list
1789972095.309143;m3-216;[INFO: RPL       ] nbr: fe80::c081  258,   256 =>   514 --  0   a   (no tx)
1789972095.309178;m3-216;[INFO: RPL       ] nbr: fe80::b582  256,   256 =>   512 --  0   a   (no tx)
1789972095.309214;m3-216;[INFO: RPL       ] nbr: end of list
1789972095.310206;m3-209;[INFO: RPL       ] nbr: fe80::b582  256,   256 =>   512 --  0   a   (no tx)
1789972095.310236;m3-209;[INFO: RPL       ] nbr: end of list
1789972095.312514;m3-208;[INFO: RPL       ] nbr: fe80::b582  256,   256 =>   512 --  0   a   (no tx)
1789972095.312542;m3-208;[INFO: RPL       ] nbr: end of list
1789972095.313200;m3-221;[INFO: RPL       ] nbr: fe80::b582  256,   256 =>   512 --  0   a   (no tx)
1789972095.313232;m3-221;[INFO: RPL       ] nbr: end of list
1789972095.314606;m3-220;[INFO: RPL       ] nbr: fe80::b582  256,   256 =>   512 --  0   a   (no tx)
1789972095.314633;m3-220;[INFO: RPL       ] nbr: end of list
1789972095.317791;m3-207;[INFO: RPL       ] nbr: fe80::9871  270,   131 =>   401 -- 16   af  (last tx 0 min ago)
1789972095.317823;m3-207;[INFO: RPL       ] nbr: end of list
1789972095.317844;m3-207;[INFO: RPL       ] links: 15 routing links in total (Periodic)
1789972095.317864;m3-207;[INFO: RPL       ] links: fd00::a379  (DODAG root) (lifetime: infinite)
1789972095.317884;m3-207;[INFO: RPL       ] links: fd00::b369  to fd00::a379 (lifetime: 1560 seconds)
1789972095.317902;m3-207;[INFO: RPL       ] links: fd00::b379  to fd00::a379 (lifetime: 1560 seconds)
1789972095.317921;m3-207;[INFO: RPL       ] links: fd00::9175  to fd00::a379 (lifetime: 1560 seconds)
1789972095.330256;m3-207;[INFO: RPL       ] links: fd00::2160  to fd00::a379 (lifetime: 1560 seconds)
1789972095.330289;m3-207;[INFO: RPL       ] links: fd00::b481  to fd00::a379 (lifetime: 1560 seconds)
1789972095.330310;m3-207;[INFO: RPL       ] links: fd00::8472  to fd00::a379 (lifetime: 1560 seconds)
1789972095.330330;m3-207;[INFO: RPL       ] links: fd00::8875  to fd00::a379 (lifetime: 1560 seconds)
1789972095.330349;m3-207;[INFO: RPL       ] links: fd00::9871  to fd00::a379 (lifetime: 1560 seconds)
1789972095.330384;m3-207;[INFO: RPL       ] links: fd00::9567  to fd00::a379 (lifetime: 1560 seconds)
1789972095.345927;m3-207;[INFO: RPL       ] links: fd00::b280  to fd00::a379 (lifetime: 1560 seconds)
1789972095.345959;m3-207;[INFO: RPL       ] links: fd00::9981  to fd00::a379 (lifetime: 1560 seconds)
1789972095.345980;m3-207;[INFO: RPL       ] links: fd00::9076  to fd00::a379 (lifetime: 1560 seconds)
1789972095.346000;m3-207;[INFO: RPL       ] links: fd00::c081  to fd00::a379 (lifetime: 1560 seconds)
1789972095.346018;m3-207;[INFO: RPL       ] links: fd00::b582  to fd00::a379 (lifetime: 1560 seconds)
1789972095.346036;m3-207;[INFO: RPL       ] links: end of list
1789972097.560372;m3-218;[INFO: App       ] Sending request 22 to fd00::a379
1789972097.560429;m3-218;[INFO: RPL       ] creating hop-by-hop option
1789972097.608199;m3-218;[INFO: RPL       ] packet sent to 0200.0000.0000.a379, status 0, tx 1, new link metric 128
1789972097.614313;m3-207;[INFO: RPL       ] ext hdr: packet from fd00::b582 to fd00::a379 going up, sender closer 0 (256 < 128), rank error 0, loop detected 0
1789972097.614351;m3-207;[INFO: RPL       ] ext hdr: packet from fd00::b582 to fd00::a379 going up, sender closer 0 (256 < 128), rank error 0, loop detected 0
1789972097.614377;m3-207;[INFO: App       ] Received request 'hello 22' from fd00::b582
1789972097.614398;m3-207;[INFO: App       ] Sending response.
1789972097.614416;m3-207;[INFO: RPL       ] SRH creating source routing header with destination fd00::b582 
1789972097.633355;m3-207;[INFO: RPL       ] SRH path len: 0, ComprI 15, ComprE 15, ext len 8 (padding 0)
1789972097.645639;m3-207;[INFO: RPL       ] packet sent to 0200.0000.0000.b582, status 0, tx 1, new link metric 130
1789972097.656162;m3-218;[INFO: App       ] Received response 'hello 22' from fd00::a379
1789972098.029069;m3-216;[INFO: App       ] Sending request 23 to fd00::a379
1789972098.029119;m3-216;[INFO: RPL       ] creating hop-by-hop option
1789972098.060777;m3-216;[INFO: RPL       ] packet sent to 0200.0000.0000.a379, status 0, tx 1, new link metric 128
1789972098.061503;m3-207;[INFO: RPL       ] ext hdr: packet from fd00::b369 to fd00::a379 going up, sender closer 0 (256 < 128), rank error 0, loop detected 0
1789972098.061542;m3-207;[INFO: RPL       ] ext hdr: packet from fd00::b369 to fd00::a379 going up, sender closer 0 (256 < 128), rank error 0, loop detected 0
1789972098.061568;m3-207;[INFO: App       ] Received request 'hello 23' from fd00::b369
1789972098.061589;m3-207;[INFO: App       ] Sending response.
1789972098.061613;m3-207;[INFO: RPL       ] SRH creating source routing header with destination fd00::b369 
1789972098.061633;m3-207;[INFO: RPL       ] SRH path len: 0, ComprI 15, ComprE 15, ext len 8 (padding 0)
1789972098.108935;m3-216;[INFO: App       ] Received response 'hello 23' from fd00::a379
1789972098.109560;m3-207;[INFO: RPL       ] packet sent to 0200.0000.0000.b369, status 0, tx 1, new link metric 129
1789972098.607504;m3-215;[INFO: RPL       ] probing fe80::b369  last tx 4 min ago
1789972098.607555;m3-215;[INFO: RPL       ] sending a unicast-DIO with rank 256 to fe80::b369
1789972098.652875;m3-216;[INFO: RPL       ] received a unicast-DIO from fe80::9175, instance_id 0, DAG ID fd00::a379, version 240, dtsn 240, rank 256
1789972098.655258;m3-215;[INFO: RPL       ] packet sent to 0200.0000.0000.b369, status 0, tx 1, new link metric 224
1789972098.914443;m3-220;[INFO: App       ] Sending request 23 to fd00::a379
1789972098.914505;m3-220;[INFO: RPL       ] creating hop-by-hop option
1789972098.924804;m3-207;[INFO: RPL       ] ext hdr: packet from fd00::2160 to fd00::a379 going up, sender closer 0 (258 < 128), rank error 0, loop detected 0
1789972098.924843;m3-207;[INFO: RPL       ] ext hdr: packet from fd00::2160 to fd00::a379 going up, sender closer 0 (258 < 128), rank error 0, loop detected 0
1789972098.924868;m3-207;[INFO: App       ] Received request 'hello 23' from fd00::2160
1789972098.924888;m3-207;[INFO: App       ] Sending response.
1789972098.924906;m3-207;[INFO: RPL       ] SRH creating source routing header with destination fd00::2160 
1789972098.930219;m3-220;[INFO: RPL       ] packet sent to 0200.0000.0000.a379, status 0, tx 1, new link metric 129
1789972098.940472;m3-207;[INFO: RPL       ] SRH path len: 0, ComprI 15, ComprE 15, ext len 8 (padding 0)
1789972098.946180;m3-220;[INFO: App       ] Received response 'hello 23' from fd00::a379
1789972098.956466;m3-207;[INFO: RPL       ] packet sent to 0200.0000.0000.2160, status 0, tx 1, new link metric 129
1789972099.065230;m3-211;[INFO: App       ] Sending request 23 to fd00::a379
1789972099.065274;m3-211;[INFO: RPL       ] creating hop-by-hop option
1789972099.065297;m3-211;[INFO: RPL       ] packet sent to 0200.0000.0000.a379, status 0, tx 1, new link metric 128
1789972099.068513;m3-207;[INFO: RPL       ] ext hdr: packet from fd00::8875 to fd00::a379 going up, sender closer 0 (256 < 128), rank error 0, loop detected 0
1789972099.068547;m3-207;[INFO: RPL       ] ext hdr: packet from fd00::8875 to fd00::a379 going up, sender closer 0 (256 < 128), rank error 0, loop detected 0
1789972099.084647;m3-207;[INFO: App       ] Received request 'hello 23' from fd00::8875
1789972099.084684;m3-207;[INFO: App       ] Sending response.
1789972099.084705;m3-207;[INFO: RPL       ] SRH creating source routing header with destination fd00::8875 
1789972099.084725;m3-207;[INFO: RPL       ] SRH path len: 0, ComprI 15, ComprE 15, ext len 8 (padding 0)
1789972099.116491;m3-207;[INFO: RPL       ] packet sent to 0200.0000.0000.8875, status 0, tx 1, new link metric 129
1789972099.129114;m3-211;[INFO: App       ] Received response 'hello 23' from fd00::a379
1789972099.422017;m3-209;[INFO: App       ] Sending request 22 to fd00::a379
1789972099.422081;m3-209;[INFO: RPL       ] creating hop-by-hop option
1789972099.436545;m3-207;[INFO: RPL       ] ext hdr: packet from fd00::b379 to fd00::a379 going up, sender closer 0 (256 < 128), rank error 0, loop detected 0
1789972099.437731;m3-209;[INFO: RPL       ] packet sent to 0200.0000.0000.a379, status 0, tx 1, new link metric 128
1789972099.452533;m3-207;[INFO: RPL       ] ext hdr: packet from fd00::b379 to fd00::a379 going up, sender closer 0 (256 < 128), rank error 0, loop detected 0
1789972099.452570;m3-207;[INFO: App       ] Received request 'hello 22' from fd00::b379
1789972099.452593;m3-207;[INFO: App       ] Sending response.
1789972099.452612;m3-207;[INFO: RPL       ] SRH creating source routing header with destination fd00::b379 
1789972099.452631;m3-207;[INFO: RPL       ] SRH path len: 0, ComprI 15, ComprE 15, ext len 8 (padding 0)
1789972099.468441;m3-207;[INFO: RPL       ] packet sent to 0200.0000.0000.b379, status 0, tx 1, new link metric 130
1789972099.469746;m3-209;[INFO: App       ] Received response 'hello 22' from fd00::a379
1789972099.528199;m3-218;[INFO: RPL       ] probing fe80::b369  last tx 4 min ago
1789972099.528237;m3-218;[INFO: RPL       ] sending a unicast-DIO with rank 256 to fe80::b369
1789972099.543954;m3-218;[INFO: RPL       ] packet sent to 0200.0000.0000.b369, status 0, tx 1, new link metric 224
1789972099.548647;m3-216;[INFO: RPL       ] received a unicast-DIO from fe80::b582, instance_id 0, DAG ID fd00::a379, version 240, dtsn 240, rank 256
1789972101.011983;m3-213;[INFO: App       ] Sending request 23 to fd00::a379
1789972101.012037;m3-213;[INFO: RPL       ] creating hop-by-hop option
1789972101.075893;m3-213;[INFO: RPL       ] packet sent to 0200.0000.0000.a379, status 0, tx 1, new link metric 133
1789972101.081188;m3-207;[INFO: RPL       ] ext hdr: packet from fd00::8472 to fd00::a379 going up, sender closer 0 (262 < 128), rank error 0, loop detected 0
1789972101.081229;m3-207;[INFO: RPL       ] ext hdr: packet from fd00::8472 to fd00::a379 going up, sender closer 0 (262 < 128), rank error 0, loop detected 0
1789972101.081255;m3-207;[INFO: App       ] Received request 'hello 23' from fd00::8472
1789972101.081277;m3-207;[INFO: App       ] Sending response.
1789972101.081296;m3-207;[INFO: RPL       ] SRH creating source routing header with destination fd00::8472 
1789972101.096331;m3-207;[INFO: RPL       ] SRH path len: 0, ComprI 15, ComprE 15, ext len 8 (padding 0)
1789972101.123768;m3-213;[INFO: App       ] Received response 'hello 23' from fd00::a379
1789972101.128255;m3-207;[INFO: RPL       ] packet sent to 0200.0000.0000.8472, status 0, tx 1, new link metric 134
1789972101.658778;m3-210;[INFO: RPL       ] probing fe80::b369  last tx 1 min ago
1789972101.658829;m3-210;[INFO: RPL       ] sending a unicast-DIO with rank 258 to fe80::b369
1789972101.658855;m3-210;[INFO: RPL       ] packet sent to 0200.0000.0000.b369, status 0, tx 1, new link metric 200
1789972101.660638;m3-216;[INFO: RPL       ] received a unicast-DIO from fe80::c081, instance_id 0, DAG ID fd00::a379, version 240, dtsn 240, rank 258
1789972101.730052;m3-214;[INFO: App       ] Sending request 22 to fd00::a379
1789972101.730093;m3-214;[INFO: RPL       ] creating hop-by-hop option
1789972101.793922;m3-214;[INFO: RPL       ] packet sent to 0200.0000.0000.a379, status 0, tx 1, new link metric 128
1789972101.800285;m3-207;[INFO: RPL       ] ext hdr: packet from fd00::9567 to fd00::a379 going up, sender closer 0 (256 < 128), rank error 0, loop detected 0
1789972101.800322;m3-207;[INFO: RPL       ] ext hdr: packet from fd00::9567 to fd00::a379 going up, sender closer 0 (256 < 128), rank error 0, loop detected 0
1789972101.800347;m3-207;[INFO: App       ] Received request 'hello 22' from fd00::9567
1789972101.800367;m3-207;[INFO: App       ] Sending response.
1789972101.800385;m3-207;[INFO: RPL       ] SRH creating source routing header with destination fd00::9567 
1789972101.817373;m3-207;[INFO: RPL       ] SRH path len: 0, ComprI 15, ComprE 15, ext len 8 (padding 0)
1789972101.825870;m3-214;[INFO: App       ] Received response 'hello 22' from fd00::a379
1789972101.832093;m3-207;[INFO: RPL       ] packet sent to 0200.0000.0000.9567, status 0, tx 1, new link metric 130
1789972102.432050;m3-208;[INFO: App       ] Sending request 23 to fd00::a379
1789972102.432102;m3-208;[INFO: RPL       ] creating hop-by-hop option
1789972102.463823;m3-208;[INFO: RPL       ] packet sent to 0200.0000.0000.a379, status 0, tx 1, new link metric 146
1789972102.472195;m3-207;[INFO: RPL       ] ext hdr: packet from fd00::9076 to fd00::a379 going up, sender closer 0 (276 < 128), rank error 0, loop detected 0
1789972102.472234;m3-207;[INFO: RPL       ] ext hdr: packet from fd00::9076 to fd00::a379 going up, sender closer 0 (276 < 128), rank error 0, loop detected 0
1789972102.472259;m3-207;[INFO: App       ] Received request 'hello 23' from fd00::9076
1789972102.472280;m3-207;[INFO: App       ] Sending response.
1789972102.472298;m3-207;[INFO: RPL       ] SRH creating source routing header with destination fd00::9076 
1789972102.472334;m3-207;[INFO: RPL       ] SRH path len: 0, ComprI 15, ComprE 15, ext len 8 (padding 0)
1789972102.520094;m3-207;[INFO: RPL       ] packet sent to 0200.0000.0000.9076, status 0, tx 1, new link metric 129
1789972102.527790;m3-208;[INFO: App       ] Received response 'hello 23' from fd00::a379
1789972102.528542;m3-221;[INFO: App       ] Sending request 22 to fd00::a379
1789972102.528573;m3-221;[INFO: RPL       ] creating hop-by-hop option
1789972102.560482;m3-221;[INFO: RPL       ] packet sent to 0200.0000.0000.a379, status 0, tx 1, new link metric 128
1789972102.568151;m3-207;[INFO: RPL       ] ext hdr: packet from fd00::9981 to fd00::a379 going up, sender closer 0 (256 < 128), rank error 0, loop detected 0
1789972102.568192;m3-207;[INFO: RPL       ] ext hdr: packet from fd00::9981 to fd00::a379 going up, sender closer 0 (256 < 128), rank error 0, loop detected 0
1789972102.568217;m3-207;[INFO: App       ] Received request 'hello 22' from fd00::9981
1789972102.568237;m3-207;[INFO: App       ] Sending response.
1789972102.568255;m3-207;[INFO: RPL       ] SRH creating source routing header with destination fd00::9981 
1789972102.568290;m3-207;[INFO: RPL       ] SRH path len: 0, ComprI 15, ComprE 15, ext len 8 (padding 0)
1789972102.576459;m3-221;[INFO: App       ] Received response 'hello 22' from fd00::a379
1789972102.584068;m3-207;[INFO: RPL       ] packet sent to 0200.0000.0000.9981, status 0, tx 1, new link metric 130
1789972102.906748;m3-210;[INFO: App       ] Sending request 22 to fd00::a379
1789972102.906796;m3-210;[INFO: RPL       ] creating hop-by-hop option
1789972102.906820;m3-210;[INFO: RPL       ] packet sent to 0200.0000.0000.a379, status 0, tx 1, new link metric 129
1789972102.917362;m3-207;[INFO: RPL       ] ext hdr: packet from fd00::c081 to fd00::a379 going up, sender closer 0 (258 < 128), rank error 0, loop detected 0
1789972102.917400;m3-207;[INFO: RPL       ] ext hdr: packet from fd00::c081 to fd00::a379 going up, sender closer 0 (258 < 128), rank error 0, loop detected 0
1789972102.917425;m3-207;[INFO: App       ] Received request 'hello 22' from fd00::c081
1789972102.917446;m3-207;[INFO: App       ] Sending response.
1789972102.917465;m3-207;[INFO: RPL       ] SRH creating source routing header with destination fd00::c081 
1789972102.932054;m3-207;[INFO: RPL       ] SRH path len: 0, ComprI 15, ComprE 15, ext len 8 (padding 0)
1789972102.947986;m3-207;[INFO: RPL       ] packet sent to 0200.0000.0000.c081, status 0, tx 1, new link metric 130
1789972102.954518;m3-210;[INFO: App       ] Received response 'hello 22' from fd00::a379
1789972103.030632;m3-212;[INFO: App       ] Sending request 22 to fd00::a379
1789972103.046429;m3-212;[INFO: RPL       ] creating hop-by-hop option
1789972103.060108;m3-207;[INFO: RPL       ] ext hdr: packet from fd00::b280 to fd00::a379 going up, sender closer 0 (256 < 128), rank error 0, loop detected 0
1789972103.060146;m3-207;[INFO: RPL       ] ext hdr: packet from fd00::b280 to fd00::a379 going up, sender closer 0 (256 < 128), rank error 0, loop detected 0
1789972103.060188;m3-207;[INFO: App       ] Received request 'hello 22' from fd00::b280
1789972103.062402;m3-212;[INFO: RPL       ] packet sent to 0200.0000.0000.a379, status 0, tx 1, new link metric 128
1789972103.076091;m3-207;[INFO: App       ] Sending response.
1789972103.076128;m3-207;[INFO: RPL       ] SRH creating source routing header with destination fd00::b280 
1789972103.076150;m3-207;[INFO: RPL       ] SRH path len: 0, ComprI 15, ComprE 15, ext len 8 (padding 0)
1789972103.076170;m3-207;[INFO: RPL       ] packet sent to 0200.0000.0000.b280, status 0, tx 1, new link metric 130
1789972103.078515;m3-212;[INFO: App       ] Received response 'hello 22' from fd00::a379
1789972103.692443;m3-216;[INFO: RPL       ] sending a multicast-DIO with rank 256 to ff02::1a
1789972103.693539;m3-209;[INFO: RPL       ] received a multicast-DIO from fe80::b369, instance_id 0, DAG ID fd00::a379, version 240, dtsn 240, rank 256
1789972103.694804;m3-215;[INFO: RPL       ] received a multicast-DIO from fe80::b369, instance_id 0, DAG ID fd00::a379, version 240, dtsn 240, rank 256
1789972103.695684;m3-208;[INFO: RPL       ] received a multicast-DIO from fe80::b369, instance_id 0, DAG ID fd00::a379, version 240, dtsn 240, rank 256
1789972103.696460;m3-221;[INFO: RPL       ] received a multicast-DIO from fe80::b369, instance_id 0, DAG ID fd00::a379, version 240, dtsn 240, rank 256
1789972103.697664;m3-214;[INFO: RPL       ] received a multicast-DIO from fe80::b369, instance_id 0, DAG ID fd00::a379, version 240, dtsn 240, rank 256
1789972103.697828;m3-220;[INFO: RPL       ] received a multicast-DIO from fe80::b369, instance_id 0, DAG ID fd00::a379, version 240, dtsn 240, rank 256
1789972103.699589;m3-213;[INFO: RPL       ] received a multicast-DIO from fe80::b369, instance_id 0, DAG ID fd00::a379, version 240, dtsn 240, rank 256
1789972103.699985;m3-207;[INFO: RPL       ] received a multicast-DIO from fe80::b369, instance_id 0, DAG ID fd00::a379, version 240, dtsn 240, rank 256
1789972103.701790;m3-219;[INFO: RPL       ] received a multicast-DIO from fe80::b369, instance_id 0, DAG ID fd00::a379, version 240, dtsn 240, rank 256
1789972103.702320;m3-212;[INFO: RPL       ] received a multicast-DIO from fe80::b369, instance_id 0, DAG ID fd00::a379, version 240, dtsn 240, rank 256
1789972103.703651;m3-218;[INFO: RPL       ] received a multicast-DIO from fe80::b369, instance_id 0, DAG ID fd00::a379, version 240, dtsn 240, rank 256
1789972103.704763;m3-211;[INFO: RPL       ] received a multicast-DIO from fe80::b369, instance_id 0, DAG ID fd00::a379, version 240, dtsn 240, rank 256
1789972103.706250;m3-217;[INFO: RPL       ] received a multicast-DIO from fe80::b369, instance_id 0, DAG ID fd00::a379, version 240, dtsn 240, rank 256
1789972103.706414;m3-210;[INFO: RPL       ] received a multicast-DIO from fe80::b369, instance_id 0, DAG ID fd00::a379, version 240, dtsn 240, rank 256
1789972104.366930;m3-215;[INFO: App       ] Sending request 23 to fd00::a379
1789972104.367011;m3-215;[INFO: RPL       ] creating hop-by-hop option
1789972104.429360;m3-217;[INFO: App       ] Sending request 22 to fd00::a379
1789972104.429401;m3-217;[INFO: RPL       ] creating hop-by-hop option
1789972104.436141;m3-207;[INFO: RPL       ] ext hdr: packet from fd00::9871 to fd00::a379 going up, sender closer 0 (256 < 128), rank error 0, loop detected 0
1789972104.436182;m3-207;[INFO: RPL       ] ext hdr: packet from fd00::9871 to fd00::a379 going up, sender closer 0 (256 < 128), rank error 0, loop detected 0
1789972104.436207;m3-207;[INFO: App       ] Received request 'hello 22' from fd00::9871
1789972104.436227;m3-207;[INFO: App       ] Sending response.
1789972104.442318;m3-217;[INFO: RPL       ] packet sent to 0200.0000.0000.a379, status 0, tx 1, new link metric 128
1789972104.451920;m3-207;[INFO: RPL       ] SRH creating source routing header with destination fd00::9871 
1789972104.451953;m3-207;[INFO: RPL       ] SRH path len: 0, ComprI 15, ComprE 15, ext len 8 (padding 0)
1789972104.499880;m3-207;[INFO: RPL       ] packet sent to 0200.0000.0000.9871, status 0, tx 1, new link metric 130
1789972104.506287;m3-217;[INFO: App       ] Received response 'hello 22' from fd00::a379
1789972104.510743;m3-215;[INFO: RPL       ] packet sent to 0200.0000.0000.a379, status 0, tx 1, new link metric 128
1789972104.515925;m3-207;[INFO: RPL       ] ext hdr: packet from fd00::9175 to fd00::a379 going up, sender closer 0 (256 < 128), rank error 0, loop detected 0
1789972104.515962;m3-207;[INFO: RPL       ] ext hdr: packet from fd00::9175 to fd00::a379 going up, sender closer 0 (256 < 128), rank error 0, loop detected 0
1789972104.515987;m3-207;[INFO: App       ] Received request 'hello 23' from fd00::9175
1789972104.516007;m3-207;[INFO: App       ] Sending response.
1789972104.531859;m3-207;[INFO: RPL       ] SRH creating source routing header with destination fd00::9175 
1789972104.531892;m3-207;[INFO: RPL       ] SRH path len: 0, ComprI 15, ComprE 15, ext len 8 (padding 0)
1789972104.542722;m3-215;[INFO: App       ] Received response 'hello 23' from fd00::a379
1789972104.547780;m3-207;[INFO: RPL       ] packet sent to 0200.0000.0000.9175, status 0, tx 1, new link metric 129
1789972105.109685;m3-219;[INFO: App       ] Sending request 23 to fd00::a379
1789972105.109753;m3-219;[INFO: RPL       ] creating hop-by-hop option
1789972105.109778;m3-219;[INFO: RPL       ] packet sent to 0200.0000.0000.a379, status 0, tx 1, new link metric 128
1789972105.123411;m3-207;[INFO: RPL       ] ext hdr: packet from fd00::b481 to fd00::a379 going up, sender closer 0 (256 < 128), rank error 0, loop detected 0
1789972105.123448;m3-207;[INFO: RPL       ] ext hdr: packet from fd00::b481 to fd00::a379 going up, sender closer 0 (256 < 128), rank error 0, loop detected 0
1789972105.123472;m3-207;[INFO: App       ] Received request 'hello 23' from fd00::b481
1789972105.123492;m3-207;[INFO: App       ] Sending response.
1789972105.123510;m3-207;[INFO: RPL       ] SRH creating source routing header with destination fd00::b481 
1789972105.123545;m3-207;[INFO: RPL       ] SRH path len: 0, ComprI 15, ComprE 15, ext len 8 (padding 0)
1789972105.125480;m3-219;[INFO: App       ] Received response 'hello 23' from fd00::a379
1789972105.138840;m3-207;[INFO: RPL       ] packet sent to 0200.0000.0000.b481, status 0, tx 1, new link metric 129
1789972105.502664;m3-215;[INFO: RPL       ] sending a multicast-DIO with rank 256 to ff02::1a
1789972105.541497;m3-219;[INFO: RPL       ] received a multicast-DIO from fe80::9175, instance_id 0, DAG ID fd00::a379, version 240, dtsn 240, rank 256
1789972105.542199;m3-212;[INFO: RPL       ] received a multicast-DIO from fe80::9175, instance_id 0, DAG ID fd00::a379, version 240, dtsn 240, rank 256
1789972105.543582;m3-218;[INFO: RPL       ] received a multicast-DIO from fe80::9175, instance_id 0, DAG ID fd00::a379, version 240, dtsn 240, rank 256
1789972105.544614;m3-211;[INFO: RPL       ] received a multicast-DIO from fe80::9175, instance_id 0, DAG ID fd00::a379, version 240, dtsn 240, rank 256
1789972105.546262;m3-217;[INFO: RPL       ] received a multicast-DIO from fe80::9175, instance_id 0, DAG ID fd00::a379, version 240, dtsn 240, rank 256
1789972105.546471;m3-210;[INFO: RPL       ] received a multicast-DIO from fe80::9175, instance_id 0, DAG ID fd00::a379, version 240, dtsn 240, rank 256
1789972105.548265;m3-216;[INFO: RPL       ] received a multicast-DIO from fe80::9175, instance_id 0, DAG ID fd00::a379, version 240, dtsn 240, rank 256
1789972105.549368;m3-209;[INFO: RPL       ] received a multicast-DIO from fe80::9175, instance_id 0, DAG ID fd00::a379, version 240, dtsn 240, rank 256
1789972105.551544;m3-208;[INFO: RPL       ] received a multicast-DIO from fe80::9175, instance_id 0, DAG ID fd00::a379, version 240, dtsn 240, rank 256
1789972105.552315;m3-221;[INFO: RPL       ] received a multicast-DIO from fe80::9175, instance_id 0, DAG ID fd00::a379, version 240, dtsn 240, rank 256
1789972105.553478;m3-214;[INFO: RPL       ] received a multicast-DIO from fe80::9175, instance_id 0, DAG ID fd00::a379, version 240, dtsn 240, rank 256
1789972105.553611;m3-220;[INFO: RPL       ] received a multicast-DIO from fe80::9175, instance_id 0, DAG ID fd00::a379, version 240, dtsn 240, rank 256
1789972105.554564;m3-207;[INFO: RPL       ] received a multicast-DIO from fe80::9175, instance_id 0, DAG ID fd00::a379, version 240, dtsn 240, rank 256
1789972105.555270;m3-213;[INFO: RPL       ] received a multicast-DIO from fe80::9175, instance_id 0, DAG ID fd00::a379, version 240, dtsn 240, rank 256
1789972106.775226;m3-218;[INFO: App       ] Sending request 23 to fd00::a379
1789972106.775279;m3-218;[INFO: RPL       ] creating hop-by-hop option
1789972106.802907;m3-207;[INFO: RPL       ] ext hdr: packet from fd00::b582 to fd00::a379 going up, sender closer 0 (256 < 128), rank error 0, loop detected 0
1789972106.802946;m3-207;[INFO: RPL       ] ext hdr: packet from fd00::b582 to fd00::a379 going up, sender closer 0 (256 < 128), rank error 0, loop detected 0
1789972106.802972;m3-207;[INFO: App       ] Received request 'hello 23' from fd00::b582
1789972106.802992;m3-207;[INFO: App       ] Sending response.
1789972106.803010;m3-207;[INFO: RPL       ] SRH creating source routing header with destination fd00::b582 
1789972106.807182;m3-218;[INFO: RPL       ] packet sent to 0200.0000.0000.a379, status 0, tx 1, new link metric 128
1789972106.818695;m3-207;[INFO: RPL       ] SRH path len: 0, ComprI 15, ComprE 15, ext len 8 (padding 0)
1789972106.839152;m3-218;[INFO: App       ] Received response 'hello 23' from fd00::a379
1789972106.850622;m3-207;[INFO: RPL       ] packet sent to 0200.0000.0000.b582, status 0, tx 1, new link metric 129
1789972108.440258;m3-211;[INFO: App       ] Sending request 24 to fd00::a379
1789972108.450701;m3-207;[INFO: RPL       ] ext hdr: packet from fd00::8875 to fd00::a379 going up, sender closer 0 (256 < 128), rank error 0, loop detected 0
1789972108.450742;m3-207;[INFO: RPL       ] ext hdr: packet from fd00::8875 to fd00::a379 going up, sender closer 0 (256 < 128), rank error 0, loop detected 0
1789972108.457368;m3-211;[INFO: RPL       ] creating hop-by-hop option
1789972108.457404;m3-211;[INFO: RPL       ] packet sent to 0200.0000.0000.a379, status 0, tx 1, new link metric 128
1789972108.466561;m3-207;[INFO: App       ] Received request 'hello 24' from fd00::8875
1789972108.466594;m3-207;[INFO: App       ] Sending response.
1789972108.466614;m3-207;[INFO: RPL       ] SRH creating source routing header with destination fd00::8875 
1789972108.466636;m3-207;[INFO: RPL       ] SRH path len: 0, ComprI 15, ComprE 15, ext len 8 (padding 0)
1789972108.504004;m3-211;[INFO: App       ] Received response 'hello 24' from fd00::a379
1789972108.514422;m3-207;[INFO: RPL       ] packet sent to 0200.0000.0000.8875, status 0, tx 1, new link metric 128
1789972108.683833;m3-216;[INFO: App       ] Sending request 24 to fd00::a379
1789972108.683896;m3-216;[INFO: RPL       ] creating hop-by-hop option
1789972108.683921;m3-216;[INFO: RPL       ] packet sent to 0200.0000.0000.a379, status 0, tx 1, new link metric 128
1789972108.687461;m3-207;[INFO: RPL       ] ext hdr: packet from fd00::b369 to fd00::a379 going up, sender closer 0 (256 < 128), rank error 0, loop detected 0
1789972108.687514;m3-207;[INFO: RPL       ] ext hdr: packet from fd00::b369 to fd00::a379 going up, sender closer 0 (256 < 128), rank error 0, loop detected 0
1789972108.687539;m3-207;[INFO: App       ] Received request 'hello 24' from fd00::b369
1789972108.687560;m3-207;[INFO: App       ] Sending response.
1789972108.687578;m3-207;[INFO: RPL       ] SRH creating source routing header with destination fd00::b369 
1789972108.702437;m3-207;[INFO: RPL       ] SRH path len: 0, ComprI 15, ComprE 15, ext len 8 (padding 0)
1789972108.731687;m3-216;[INFO: App       ] Received response 'hello 24' from fd00::a379
1789972108.734425;m3-207;[INFO: RPL       ] packet sent to 0200.0000.0000.b369, status 0, tx 1, new link metric 128
1789972109.405028;m3-209;[INFO: App       ] Sending request 23 to fd00::a379
1789972109.405080;m3-209;[INFO: RPL       ] creating hop-by-hop option
1789972109.468754;m3-209;[INFO: RPL       ] packet sent to 0200.0000.0000.a379, status 0, tx 1, new link metric 128
1789972109.470434;m3-207;[INFO: RPL       ] ext hdr: packet from fd00::b379 to fd00::a379 going up, sender closer 0 (256 < 128), rank error 0, loop detected 0
1789972109.470485;m3-207;[INFO: RPL       ] ext hdr: packet from fd00::b379 to fd00::a379 going up, sender closer 0 (256 < 128), rank error 0, loop detected 0
1789972109.470510;m3-207;[INFO: App       ] Received request 'hello 23' from fd00::b379
1789972109.470531;m3-207;[INFO: App       ] Sending response.
1789972109.470567;m3-207;[INFO: RPL       ] SRH creating source routing header with destination fd00::b379 
1789972109.470586;m3-207;[INFO: RPL       ] SRH path len: 0, ComprI 15, ComprE 15, ext len 8 (padding 0)
1789972109.516736;m3-209;[INFO: App       ] Received response 'hello 23' from fd00::a379
1789972109.518295;m3-207;[INFO: RPL       ] packet sent to 0200.0000.0000.b379, status 0, tx 1, new link metric 129
1789972109.713161;m3-220;[INFO: App       ] Sending request 24 to fd00::a379
1789972109.713206;m3-220;[INFO: RPL       ] creating hop-by-hop option
1789972109.724275;m3-207;[INFO: RPL       ] ext hdr: packet from fd00::2160 to fd00::a379 going up, sender closer 0 (257 < 128), rank error 0, loop detected 0
1789972109.724313;m3-207;[INFO: RPL       ] ext hdr: packet from fd00::2160 to fd00::a379 going up, sender closer 0 (257 < 128), rank error 0, loop detected 0
1789972109.724338;m3-207;[INFO: App       ] Received request 'hello 24' from fd00::2160
1789972109.724358;m3-207;[INFO: App       ] Sending response.
1789972109.724377;m3-207;[INFO: RPL       ] SRH creating source routing header with destination fd00::2160 
1789972109.728968;m3-220;[INFO: RPL       ] packet sent to 0200.0000.0000.a379, status 0, tx 1, new link metric 128
1789972109.739269;m3-207;[INFO: RPL       ] SRH path len: 0, ComprI 15, ComprE 15, ext len 8 (padding 0)
1789972109.776933;m3-220;[INFO: App       ] Received response 'hello 24' from fd00::a379
1789972109.787272;m3-207;[INFO: RPL       ] packet sent to 0200.0000.0000.2160, status 0, tx 1, new link metric 128
1789972109.983248;m3-208;[INFO: RPL       ] sending a multicast-DIO with rank 274 to ff02::1a
1789972110.037268;m3-219;[INFO: RPL       ] received a multicast-DIO from fe80::9076, instance_id 0, DAG ID fd00::a379, version 240, dtsn 240, rank 274
1789972110.037766;m3-212;[INFO: RPL       ] received a multicast-DIO from fe80::9076, instance_id 0, DAG ID fd00::a379, version 240, dtsn 240, rank 274
1789972110.039059;m3-218;[INFO: RPL       ] received a multicast-DIO from fe80::9076, instance_id 0, DAG ID fd00::a379, version 240, dtsn 240, rank 274
1789972110.040008;m3-211;[INFO: RPL       ] received a multicast-DIO from fe80::9076, instance_id 0, DAG ID fd00::a379, version 240, dtsn 240, rank 274
1789972110.041865;m3-217;[INFO: RPL       ] received a multicast-DIO from fe80::9076, instance_id 0, DAG ID fd00::a379, version 240, dtsn 240, rank 274
1789972110.041910;m3-210;[INFO: RPL       ] received a multicast-DIO from fe80::9076, instance_id 0, DAG ID fd00::a379, version 240, dtsn 240, rank 274
1789972110.043265;m3-207;[INFO: RPL       ] received a multicast-DIO from fe80::9076, instance_id 0, DAG ID fd00::a379, version 240, dtsn 240, rank 274
1789972110.043571;m3-216;[INFO: RPL       ] received a multicast-DIO from fe80::9076, instance_id 0, DAG ID fd00::a379, version 240, dtsn 240, rank 274
1789972110.044623;m3-209;[INFO: RPL       ] received a multicast-DIO from fe80::9076, instance_id 0, DAG ID fd00::a379, version 240, dtsn 240, rank 274
1789972110.046051;m3-215;[INFO: RPL       ] received a multicast-DIO from fe80::9076, instance_id 0, DAG ID fd00::a379, version 240, dtsn 240, rank 274
1789972110.047801;m3-221;[INFO: RPL       ] received a multicast-DIO from fe80::9076, instance_id 0, DAG ID fd00::a379, version 240, dtsn 240, rank 274
1789972110.048860;m3-220;[INFO: RPL       ] received a multicast-DIO from fe80::9076, instance_id 0, DAG ID fd00::a379, version 240, dtsn 240, rank 274
1789972110.049155;m3-214;[INFO: RPL       ] received a multicast-DIO from fe80::9076, instance_id 0, DAG ID fd00::a379, version 240, dtsn 240, rank 274
1789972110.050661;m3-213;[INFO: RPL       ] received a multicast-DIO from fe80::9076, instance_id 0, DAG ID fd00::a379, version 240, dtsn 240, rank 274
1789972110.610884;m3-213;[INFO: App       ] Sending request 24 to fd00::a379
1789972110.610934;m3-213;[INFO: RPL       ] creating hop-by-hop option
1789972110.626757;m3-213;[INFO: RPL       ] packet sent to 0200.0000.0000.a379, status 0, tx 1, new link metric 132
1789972110.634899;m3-207;[INFO: RPL       ] ext hdr: packet from fd00::8472 to fd00::a379 going up, sender closer 0 (261 < 128), rank error 0, loop detected 0
1789972110.634939;m3-207;[INFO: RPL       ] ext hdr: packet from fd00::8472 to fd00::a379 going up, sender closer 0 (261 < 128), rank error 0, loop detected 0
1789972110.634965;m3-207;[INFO: App       ] Received request 'hello 24' from fd00::8472
1789972110.634985;m3-207;[INFO: App       ] Sending response.
1789972110.635003;m3-207;[INFO: RPL       ] SRH creating source routing header with destination fd00::8472 
1789972110.635039;m3-207;[INFO: RPL       ] SRH path len: 0, ComprI 15, ComprE 15, ext len 8 (padding 0)
1789972110.642709;m3-213;[INFO: App       ] Received response 'hello 24' from fd00::a379
1789972110.650253;m3-207;[INFO: RPL       ] packet sent to 0200.0000.0000.8472, status 0, tx 1, new link metric 133
1789972111.583041;m3-208;[INFO: App       ] Sending request 24 to fd00::a379
1789972111.583096;m3-208;[INFO: RPL       ] creating hop-by-hop option
1789972111.594303;m3-207;[INFO: RPL       ] ext hdr: packet from fd00::9076 to fd00::a379 going up, sender closer 0 (274 < 128), rank error 0, loop detected 0
1789972111.594342;m3-207;[INFO: RPL       ] ext hdr: packet from fd00::9076 to fd00::a379 going up, sender closer 0 (274 < 128), rank error 0, loop detected 0
1789972111.594367;m3-207;[INFO: App       ] Received request 'hello 24' from fd00::9076
1789972111.594387;m3-207;[INFO: App       ] Sending response.
1789972111.598872;m3-208;[INFO: RPL       ] packet sent to 0200.0000.0000.a379, status 0, tx 1, new link metric 144
1789972111.613379;m3-207;[INFO: RPL       ] SRH creating source routing header with destination fd00::9076 
1789972111.613424;m3-207;[INFO: RPL       ] SRH path len: 0, ComprI 15, ComprE 15, ext len 8 (padding 0)
1789972111.614816;m3-208;[INFO: App       ] Received response 'hello 24' from fd00::a379
1789972111.626091;m3-207;[INFO: RPL       ] packet sent to 0200.0000.0000.9076, status 0, tx 1, new link metric 128
1789972112.000846;m3-214;[INFO: App       ] Sending request 23 to fd00::a379
1789972112.000893;m3-214;[INFO: RPL       ] creating hop-by-hop option
1789972112.058161;m3-207;[INFO: RPL       ] ext hdr: packet from fd00::9567 to fd00::a379 going up, sender closer 0 (256 < 128), rank error 0, loop detected 0
1789972112.058206;m3-207;[INFO: RPL       ] ext hdr: packet from fd00::9567 to fd00::a379 going up, sender closer 0 (256 < 128), rank error 0, loop detected 0
1789972112.058232;m3-207;[INFO: App       ] Received request 'hello 23' from fd00::9567
1789972112.058253;m3-207;[INFO: App       ] Sending response.
1789972112.064761;m3-214;[INFO: RPL       ] packet sent to 0200.0000.0000.a379, status 0, tx 1, new link metric 128
1789972112.074045;m3-207;[INFO: RPL       ] SRH creating source routing header with destination fd00::9567 
1789972112.074079;m3-207;[INFO: RPL       ] SRH path len: 0, ComprI 15, ComprE 15, ext len 8 (padding 0)
1789972112.128913;m3-214;[INFO: App       ] Received response 'hello 23' from fd00::a379
1789972112.138197;m3-207;[INFO: RPL       ] packet sent to 0200.0000.0000.9567, status 0, tx 1, new link metric 129
1789972112.245327;m3-212;[INFO: App       ] Sending request 23 to fd00::a379
1789972112.245386;m3-212;[INFO: RPL       ] creating hop-by-hop option
1789972112.298131;m3-207;[INFO: RPL       ] ext hdr: packet from fd00::b280 to fd00::a379 going up, sender closer 0 (256 < 128), rank error 0, loop detected 0
1789972112.298172;m3-207;[INFO: RPL       ] ext hdr: packet from fd00::b280 to fd00::a379 going up, sender closer 0 (256 < 128), rank error 0, loop detected 0
1789972112.309254;m3-212;[INFO: RPL       ] packet sent to 0200.0000.0000.a379, status 0, tx 1, new link metric 128
1789972112.314106;m3-207;[INFO: App       ] Received request 'hello 23' from fd00::b280
1789972112.314139;m3-207;[INFO: App       ] Sending response.
1789972112.314160;m3-207;[INFO: RPL       ] SRH creating source routing header with destination fd00::b280 
1789972112.314181;m3-207;[INFO: RPL       ] SRH path len: 0, ComprI 15, ComprE 15, ext len 8 (padding 0)
1789972112.357305;m3-212;[INFO: App       ] Received response 'hello 23' from fd00::a379
1789972112.362122;m3-207;[INFO: RPL       ] packet sent to 0200.0000.0000.b280, status 0, tx 1, new link metric 129
1789972112.713785;m3-210;[INFO: App       ] Sending request 23 to fd00::a379
1789972112.713832;m3-210;[INFO: RPL       ] creating hop-by-hop option
1789972112.745576;m3-210;[INFO: RPL       ] packet sent to 0200.0000.0000.a379, status 0, tx 1, new link metric 128
1789972112.746003;m3-207;[INFO: RPL       ] ext hdr: packet from fd00::c081 to fd00::a379 going up, sender closer 0 (257 < 128), rank error 0, loop detected 0
1789972112.746050;m3-207;[INFO: RPL       ] ext hdr: packet from fd00::c081 to fd00::a379 going up, sender closer 0 (257 < 128), rank error 0, loop detected 0
1789972112.746075;m3-207;[INFO: App       ] Received request 'hello 23' from fd00::c081
1789972112.746096;m3-207;[INFO: App       ] Sending response.
1789972112.746114;m3-207;[INFO: RPL       ] SRH creating source routing header with destination fd00::c081 
1789972112.761040;m3-207;[INFO: RPL       ] SRH path len: 0, ComprI 15, ComprE 15, ext len 8 (padding 0)
1789972112.777072;m3-207;[INFO: RPL       ] packet sent to 0200.0000.0000.c081, status 0, tx 1, new link metric 129
1789972112.777449;m3-210;[INFO: App       ] Received response 'hello 23' from fd00::a379
1789972113.423506;m3-221;[INFO: App       ] Sending request 23 to fd00::a379
1789972113.423556;m3-221;[INFO: RPL       ] creating hop-by-hop option
1789972113.439344;m3-221;[INFO: RPL       ] packet sent to 0200.0000.0000.a379, status 0, tx 1, new link metric 128
1789972113.448655;m3-207;[INFO: RPL       ] ext hdr: packet from fd00::9981 to fd00::a379 going up, sender closer 0 (256 < 128), rank error 0, loop detected 0
1789972113.448694;m3-207;[INFO: RPL       ] ext hdr: packet from fd00::9981 to fd00::a379 going up, sender closer 0 (256 < 128), rank error 0, loop detected 0
1789972113.448720;m3-207;[INFO: App       ] Received request 'hello 23' from fd00::9981
1789972113.448740;m3-207;[INFO: App       ] Sending response.
1789972113.448759;m3-207;[INFO: RPL       ] SRH creating source routing header with destination fd00::9981 
1789972113.448794;m3-207;[INFO: RPL       ] SRH path len: 0, ComprI 15, ComprE 15, ext len 8 (padding 0)
1789972113.455273;m3-221;[INFO: App       ] Received response 'hello 23' from fd00::a379
1789972113.463869;m3-207;[INFO: RPL       ] packet sent to 0200.0000.0000.9981, status 0, tx 1, new link metric 129
1789972113.888736;m3-220;[INFO: RPL       ] sending a multicast-DIO with rank 256 to ff02::1a
1789972113.916415;m3-209;[INFO: RPL       ] received a multicast-DIO from fe80::2160, instance_id 0, DAG ID fd00::a379, version 240, dtsn 240, rank 256
1789972113.917702;m3-215;[INFO: RPL       ] received a multicast-DIO from fe80::2160, instance_id 0, DAG ID fd00::a379, version 240, dtsn 240, rank 256
1789972113.918744;m3-208;[INFO: RPL       ] received a multicast-DIO from fe80::2160, instance_id 0, DAG ID fd00::a379, version 240, dtsn 240, rank 256
1789972113.919147;m3-221;[INFO: RPL       ] received a multicast-DIO from fe80::2160, instance_id 0, DAG ID fd00::a379, version 240, dtsn 240, rank 256
1789972113.920773;m3-214;[INFO: RPL       ] received a multicast-DIO from fe80::2160, instance_id 0, DAG ID fd00::a379, version 240, dtsn 240, rank 256
1789972113.922554;m3-213;[INFO: RPL       ] received a multicast-DIO from fe80::2160, instance_id 0, DAG ID fd00::a379, version 240, dtsn 240, rank 256
1789972113.924774;m3-219;[INFO: RPL       ] received a multicast-DIO from fe80::2160, instance_id 0, DAG ID fd00::a379, version 240, dtsn 240, rank 256
1789972113.925311;m3-212;[INFO: RPL       ] received a multicast-DIO from fe80::2160, instance_id 0, DAG ID fd00::a379, version 240, dtsn 240, rank 256
1789972113.926440;m3-218;[INFO: RPL       ] received a multicast-DIO from fe80::2160, instance_id 0, DAG ID fd00::a379, version 240, dtsn 240, rank 256
1789972113.927535;m3-211;[INFO: RPL       ] received a multicast-DIO from fe80::2160, instance_id 0, DAG ID fd00::a379, version 240, dtsn 240, rank 256
1789972113.927799;m3-207;[INFO: RPL       ] received a multicast-DIO from fe80::2160, instance_id 0, DAG ID fd00::a379, version 240, dtsn 240, rank 256
1789972113.929365;m3-217;[INFO: RPL       ] received a multicast-DIO from fe80::2160, instance_id 0, DAG ID fd00::a379, version 240, dtsn 240, rank 256
1789972113.929405;m3-210;[INFO: RPL       ] received a multicast-DIO from fe80::2160, instance_id 0, DAG ID fd00::a379, version 240, dtsn 240, rank 256
1789972113.931109;m3-216;[INFO: RPL       ] received a multicast-DIO from fe80::2160, instance_id 0, DAG ID fd00::a379, version 240, dtsn 240, rank 256
1789972114.921264;m3-217;[INFO: App       ] Sending request 23 to fd00::a379
1789972114.921349;m3-217;[INFO: RPL       ] creating hop-by-hop option
1789972114.965099;m3-207;[INFO: RPL       ] ext hdr: packet from fd00::9871 to fd00::a379 going up, sender closer 0 (256 < 128), rank error 0, loop detected 0
1789972114.965142;m3-207;[INFO: RPL       ] ext hdr: packet from fd00::9871 to fd00::a379 going up, sender closer 0 (256 < 128), rank error 0, loop detected 0
1789972114.965168;m3-207;[INFO: App       ] Received request 'hello 23' from fd00::9871
1789972114.965189;m3-207;[INFO: App       ] Sending response.
1789972114.965223;m3-207;[INFO: RPL       ] SRH creating source routing header with destination fd00::9871 
1789972114.969126;m3-217;[INFO: RPL       ] packet sent to 0200.0000.0000.a379, status 0, tx 1, new link metric 128
1789972114.981376;m3-207;[INFO: RPL       ] SRH path len: 0, ComprI 15, ComprE 15, ext len 8 (padding 0)
1789972114.981412;m3-207;[INFO: RPL       ] packet sent to 0200.0000.0000.9871, status 0, tx 1, new link metric 129
1789972114.985094;m3-217;[INFO: App       ] Received response 'hello 23' from fd00::a379
1789972115.140623;m3-219;[INFO: App       ] Sending request 24 to fd00::a379
1789972115.140670;m3-219;[INFO: RPL       ] creating hop-by-hop option
1789972115.185304;m3-207;[INFO: RPL       ] ext hdr: packet from fd00::b481 to fd00::a379 going up, sender closer 0 (256 < 128), rank error 0, loop detected 0
1789972115.185354;m3-207;[INFO: RPL       ] ext hdr: packet from fd00::b481 to fd00::a379 going up, sender closer 0 (256 < 128), rank error 0, loop detected 0
1789972115.185381;m3-207;[INFO: App       ] Received request 'hello 24' from fd00::b481
1789972115.185402;m3-207;[INFO: App       ] Sending response.
1789972115.185422;m3-207;[INFO: RPL       ] SRH creating source routing header with destination fd00::b481 
1789972115.188434;m3-219;[INFO: RPL       ] packet sent to 0200.0000.0000.a379, status 0, tx 1, new link metric 128
1789972115.200660;m3-207;[INFO: RPL       ] SRH path len: 0, ComprI 15, ComprE 15, ext len 8 (padding 0)
1789972115.229409;m3-215;[INFO: App       ] Sending request 24 to fd00::a379
1789972115.229445;m3-215;[INFO: RPL       ] creating hop-by-hop option
1789972115.248693;m3-207;[INFO: RPL       ] packet sent to 0200.0000.0000.b481, status 0, tx 1, new link metric 128
1789972115.252405;m3-219;[INFO: App       ] Received response 'hello 24' from fd00::a379
1789972115.277393;m3-215;[INFO: RPL       ] packet sent to 0200.0000.0000.a379, status 0, tx 1, new link metric 128
1789972115.278339;m3-207;[INFO: RPL       ] ext hdr: packet from fd00::9175 to fd00::a379 going up, sender closer 0 (256 < 128), rank error 0, loop detected 0
1789972115.278377;m3-207;[INFO: RPL       ] ext hdr: packet from fd00::9175 to fd00::a379 going up, sender closer 0 (256 < 128), rank error 0, loop detected 0
1789972115.278403;m3-207;[INFO: App       ] Received request 'hello 24' from fd00::9175
1789972115.278423;m3-207;[INFO: App       ] Sending response.
1789972115.278452;m3-207;[INFO: RPL       ] SRH creating source routing header with destination fd00::9175 
1789972115.293607;m3-207;[INFO: RPL       ] SRH path len: 0, ComprI 15, ComprE 15, ext len 8 (padding 0)
1789972115.309324;m3-215;[INFO: App       ] Received response 'hello 24' from fd00::a379
1789972115.309591;m3-207;[INFO: RPL       ] packet sent to 0200.0000.0000.9175, status 0, tx 1, new link metric 128
1789972115.737276;m3-217;[INFO: RPL       ] sending a multicast-DIO with rank 256 to ff02::1a
1789972115.778336;m3-213;[INFO: RPL       ] received a multicast-DIO from fe80::9871, instance_id 0, DAG ID fd00::a379, version 240, dtsn 240, rank 256
1789972115.780460;m3-219;[INFO: RPL       ] received a multicast-DIO from fe80::9871, instance_id 0, DAG ID fd00::a379, version 240, dtsn 240, rank 256
1789972115.780964;m3-212;[INFO: RPL       ] received a multicast-DIO from fe80::9871, instance_id 0, DAG ID fd00::a379, version 240, dtsn 240, rank 256
1789972115.782264;m3-218;[INFO: RPL       ] received a multicast-DIO from fe80::9871, instance_id 0, DAG ID fd00::a379, version 240, dtsn 240, rank 256
1789972115.783393;m3-211;[INFO: RPL       ] received a multicast-DIO from fe80::9871, instance_id 0, DAG ID fd00::a379, version 240, dtsn 240, rank 256
1789972115.785332;m3-210;[INFO: RPL       ] received a multicast-DIO from fe80::9871, instance_id 0, DAG ID fd00::a379, version 240, dtsn 240, rank 256
1789972115.786950;m3-216;[INFO: RPL       ] received a multicast-DIO from fe80::9871, instance_id 0, DAG ID fd00::a379, version 240, dtsn 240, rank 256
1789972115.788284;m3-209;[INFO: RPL       ] received a multicast-DIO from fe80::9871, instance_id 0, DAG ID fd00::a379, version 240, dtsn 240, rank 256
1789972115.789299;m3-215;[INFO: RPL       ] received a multicast-DIO from fe80::9871, instance_id 0, DAG ID fd00::a379, version 240, dtsn 240, rank 256
1789972115.789650;m3-207;[INFO: RPL       ] received a multicast-DIO from fe80::9871, instance_id 0, DAG ID fd00::a379, version 240, dtsn 240, rank 256
1789972115.790321;m3-208;[INFO: RPL       ] received a multicast-DIO from fe80::9871, instance_id 0, DAG ID fd00::a379, version 240, dtsn 240, rank 256
1789972115.790961;m3-221;[INFO: RPL       ] received a multicast-DIO from fe80::9871, instance_id 0, DAG ID fd00::a379, version 240, dtsn 240, rank 256
1789972115.792136;m3-220;[INFO: RPL       ] received a multicast-DIO from fe80::9871, instance_id 0, DAG ID fd00::a379, version 240, dtsn 240, rank 256
1789972115.792376;m3-214;[INFO: RPL       ] received a multicast-DIO from fe80::9871, instance_id 0, DAG ID fd00::a379, version 240, dtsn 240, rank 256
1789972116.822191;m3-218;[INFO: App       ] Sending request 24 to fd00::a379
1789972116.822243;m3-218;[INFO: RPL       ] creating hop-by-hop option
1789972116.838065;m3-218;[INFO: RPL       ] packet sent to 0200.0000.0000.a379, status 0, tx 1, new link metric 128
1789972116.843385;m3-207;[INFO: RPL       ] ext hdr: packet from fd00::b582 to fd00::a379 going up, sender closer 0 (256 < 128), rank error 0, loop detected 0
1789972116.843423;m3-207;[INFO: RPL       ] ext hdr: packet from fd00::b582 to fd00::a379 going up, sender closer 0 (256 < 128), rank error 0, loop detected 0
1789972116.843448;m3-207;[INFO: App       ] Received request 'hello 24' from fd00::b582
1789972116.843468;m3-207;[INFO: App       ] Sending response.
1789972116.843486;m3-207;[INFO: RPL       ] SRH creating source routing header with destination fd00::b582 
1789972116.854019;m3-218;[INFO: App       ] Received response 'hello 24' from fd00::a379
1789972116.858553;m3-207;[INFO: RPL       ] SRH path len: 0, ComprI 15, ComprE 15, ext len 8 (padding 0)
1789972116.858586;m3-207;[INFO: RPL       ] packet sent to 0200.0000.0000.b582, status 0, tx 1, new link metric 128
1789972118.743134;m3-211;[INFO: App       ] Sending request 25 to fd00::a379
1789972118.743196;m3-211;[INFO: RPL       ] creating hop-by-hop option
1789972118.758959;m3-211;[INFO: RPL       ] packet sent to 0200.0000.0000.a379, status 0, tx 1, new link metric 128
1789972118.762588;m3-207;[INFO: RPL       ] ext hdr: packet from fd00::8875 to fd00::a379 going up, sender closer 0 (256 < 128), rank error 0, loop detected 0
1789972118.762626;m3-207;[INFO: RPL       ] ext hdr: packet from fd00::8875 to fd00::a379 going up, sender closer 0 (256 < 128), rank error 0, loop detected 0
1789972118.762651;m3-207;[INFO: App       ] Received request 'hello 25' from fd00::8875
1789972118.762671;m3-207;[INFO: App       ] Sending response.
1789972118.762689;m3-207;[INFO: RPL       ] SRH creating source routing header with destination fd00::8875 
1789972118.778329;m3-207;[INFO: RPL       ] SRH path len: 0, ComprI 15, ComprE 15, ext len 8 (padding 0)
1789972118.790889;m3-211;[INFO: App       ] Received response 'hello 25' from fd00::a379
1789972118.794301;m3-207;[INFO: RPL       ] packet sent to 0200.0000.0000.8875, status 0, tx 1, new link metric 128
1789972119.450622;m3-216;[INFO: App       ] Sending request 25 to fd00::a379
1789972119.450703;m3-216;[INFO: RPL       ] creating hop-by-hop option
1789972119.494533;m3-207;[INFO: RPL       ] ext hdr: packet from fd00::b369 to fd00::a379 going up, sender closer 0 (256 < 128), rank error 0, loop detected 0
1789972119.494592;m3-207;[INFO: RPL       ] ext hdr: packet from fd00::b369 to fd00::a379 going up, sender closer 0 (256 < 128), rank error 0, loop detected 0
1789972119.494619;m3-207;[INFO: App       ] Received request 'hello 25' from fd00::b369
1789972119.494640;m3-207;[INFO: App       ] Sending response.
1789972119.494659;m3-207;[INFO: RPL       ] SRH creating source routing header with destination fd00::b369 
1789972119.498382;m3-216;[INFO: RPL       ] packet sent to 0200.0000.0000.a379, status 0, tx 1, new link metric 128
1789972119.510298;m3-207;[INFO: RPL       ] SRH path len: 0, ComprI 15, ComprE 15, ext len 8 (padding 0)
1789972119.514367;m3-216;[INFO: App       ] Received response 'hello 25' from fd00::a379
1789972119.526286;m3-207;[INFO: RPL       ] packet sent to 0200.0000.0000.b369, status 0, tx 1, new link metric 128
1789972120.363829;m3-209;[INFO: App       ] Sending request 24 to fd00::a379
1789972120.363900;m3-209;[INFO: RPL       ] creating hop-by-hop option
1789972120.363926;m3-209;[INFO: RPL       ] packet sent to 0200.0000.0000.a379, status 0, tx 1, new link metric 128
1789972120.377391;m3-207;[INFO: RPL       ] ext hdr: packet from fd00::b379 to fd00::a379 going up, sender closer 0 (256 < 128), rank error 0, loop detected 0
1789972120.377434;m3-207;[INFO: RPL       ] ext hdr: packet from fd00::b379 to fd00::a379 going up, sender closer 0 (256 < 128), rank error 0, loop detected 0
1789972120.377460;m3-207;[INFO: App       ] Received request 'hello 24' from fd00::b379
1789972120.377480;m3-207;[INFO: App       ] Sending response.
1789972120.377499;m3-207;[INFO: RPL       ] SRH creating source routing header with destination fd00::b379 
1789972120.389280;m3-207;[INFO: RPL       ] SRH path len: 0, ComprI 15, ComprE 15, ext len 8 (padding 0)
1789972120.405241;m3-207;[INFO: RPL       ] packet sent to 0200.0000.0000.b379, status 0, tx 1, new link metric 128
1789972120.411616;m3-209;[INFO: App       ] Received response 'hello 24' from fd00::a379
1789972120.559890;m3-220;[INFO: App       ] Sending request 25 to fd00::a379
1789972120.559926;m3-220;[INFO: RPL       ] creating hop-by-hop option
1789972120.565120;m3-207;[INFO: RPL       ] ext hdr: packet from fd00::2160 to fd00::a379 going up, sender closer 0 (256 < 128), rank error 0, loop detected 0
1789972120.575715;m3-220;[INFO: RPL       ] packet sent to 0200.0000.0000.a379, status 0, tx 1, new link metric 128
1789972120.581197;m3-207;[INFO: RPL       ] ext hdr: packet from fd00::2160 to fd00::a379 going up, sender closer 0 (256 < 128), rank error 0, loop detected 0
1789972120.581243;m3-207;[INFO: App       ] Received request 'hello 25' from fd00::2160
1789972120.581279;m3-207;[INFO: App       ] Sending response.
1789972120.581298;m3-207;[INFO: RPL       ] SRH creating source routing header with destination fd00::2160 
1789972120.581335;m3-207;[INFO: RPL       ] SRH path len: 0, ComprI 15, ComprE 15, ext len 8 (padding 0)
1789972120.623657;m3-220;[INFO: App       ] Received response 'hello 25' from fd00::a379
1789972120.629095;m3-207;[INFO: RPL       ] packet sent to 0200.0000.0000.2160, status 0, tx 1, new link metric 128
1789972120.657828;m3-213;[INFO: App       ] Sending request 25 to fd00::a379
1789972120.657864;m3-213;[INFO: RPL       ] creating hop-by-hop option
1789972120.673631;m3-213;[INFO: RPL       ] packet sent to 0200.0000.0000.a379, status 0, tx 1, new link metric 131
1789972120.677177;m3-207;[INFO: RPL       ] ext hdr: packet from fd00::8472 to fd00::a379 going up, sender closer 0 (260 < 128), rank error 0, loop detected 0
1789972120.677211;m3-207;[INFO: RPL       ] ext hdr: packet from fd00::8472 to fd00::a379 going up, sender closer 0 (260 < 128), rank error 0, loop detected 0
1789972120.677235;m3-207;[INFO: App       ] Received request 'hello 25' from fd00::8472
1789972120.677254;m3-207;[INFO: App       ] Sending response.
1789972120.677272;m3-207;[INFO: RPL       ] SRH creating source routing header with destination fd00::8472 
1789972120.677308;m3-207;[INFO: RPL       ] SRH path len: 0, ComprI 15, ComprE 15, ext len 8 (padding 0)
1789972120.705575;m3-213;[INFO: App       ] Received response 'hello 25' from fd00::a379
1789972120.709082;m3-207;[INFO: RPL       ] packet sent to 0200.0000.0000.8472, status 0, tx 1, new link metric 132
1789972122.094059;m3-208;[INFO: App       ] Sending request 25 to fd00::a379
1789972122.094116;m3-208;[INFO: RPL       ] creating hop-by-hop option
1789972122.109845;m3-208;[INFO: RPL       ] packet sent to 0200.0000.0000.a379, status 0, tx 1, new link metric 142
1789972122.115300;m3-207;[INFO: RPL       ] ext hdr: packet from fd00::9076 to fd00::a379 going up, sender closer 0 (272 < 128), rank error 0, loop detected 0
1789972122.115339;m3-207;[INFO: RPL       ] ext hdr: packet from fd00::9076 to fd00::a379 going up, sender closer 0 (272 < 128), rank error 0, loop detected 0
1789972122.115365;m3-207;[INFO: App       ] Received request 'hello 25' from fd00::9076
1789972122.115385;m3-207;[INFO: App       ] Sending response.
1789972122.115403;m3-207;[INFO: RPL       ] SRH creating source routing header with destination fd00::9076 
1789972122.130096;m3-207;[INFO: RPL       ] SRH path len: 0, ComprI 15, ComprE 15, ext len 8 (padding 0)
1789972122.173722;m3-208;[INFO: App       ] Received response 'hello 25' from fd00::a379
1789972122.178059;m3-207;[INFO: RPL       ] packet sent to 0200.0000.0000.9076, status 0, tx 1, new link metric 128
1789972122.312659;m3-210;[INFO: App       ] Sending request 24 to fd00::a379
1789972122.328455;m3-210;[INFO: RPL       ] creating hop-by-hop option
1789972122.328490;m3-210;[INFO: RPL       ] packet sent to 0200.0000.0000.a379, status 0, tx 1, new link metric 128
1789972122.335693;m3-207;[INFO: RPL       ] ext hdr: packet from fd00::c081 to fd00::a379 going up, sender closer 0 (256 < 128), rank error 0, loop detected 0
1789972122.335729;m3-207;[INFO: RPL       ] ext hdr: packet from fd00::c081 to fd00::a379 going up, sender closer 0 (256 < 128), rank error 0, loop detected 0
1789972122.335754;m3-207;[INFO: App       ] Received request 'hello 24' from fd00::c081
1789972122.335774;m3-207;[INFO: App       ] Sending response.
1789972122.335792;m3-207;[INFO: RPL       ] SRH creating source routing header with destination fd00::c081 
1789972122.351038;m3-207;[INFO: RPL       ] SRH path len: 0, ComprI 15, ComprE 15, ext len 8 (padding 0)
1789972122.392432;m3-210;[INFO: App       ] Received response 'hello 24' from fd00::a379
1789972122.398889;m3-207;[INFO: RPL       ] packet sent to 0200.0000.0000.c081, status 0, tx 1, new link metric 128
1789972122.580468;m3-212;[INFO: App       ] Sending request 24 to fd00::a379
1789972122.580528;m3-212;[INFO: RPL       ] creating hop-by-hop option
1789972122.590965;m3-207;[INFO: RPL       ] ext hdr: packet from fd00::b280 to fd00::a379 going up, sender closer 0 (256 < 128), rank error 0, loop detected 0
1789972122.591001;m3-207;[INFO: RPL       ] ext hdr: packet from fd00::b280 to fd00::a379 going up, sender closer 0 (256 < 128), rank error 0, loop detected 0
1789972122.591025;m3-207;[INFO: App       ] Received request 'hello 24' from fd00::b280
1789972122.591045;m3-207;[INFO: App       ] Sending response.
1789972122.596297;m3-212;[INFO: RPL       ] packet sent to 0200.0000.0000.a379, status 0, tx 1, new link metric 128
1789972122.606994;m3-207;[INFO: RPL       ] SRH creating source routing header with destination fd00::b280 
1789972122.607029;m3-207;[INFO: RPL       ] SRH path len: 0, ComprI 15, ComprE 15, ext len 8 (padding 0)
1789972122.607051;m3-207;[INFO: RPL       ] packet sent to 0200.0000.0000.b280, status 0, tx 1, new link metric 128
1789972122.612267;m3-212;[INFO: App       ] Received response 'hello 24' from fd00::a379
1789972122.719912;m3-214;[INFO: App       ] Sending request 24 to fd00::a379
1789972122.719972;m3-214;[INFO: RPL       ] creating hop-by-hop option
1789972122.779503;m3-207;[INFO: RPL       ] ext hdr: packet from fd00::9567 to fd00::a379 going up, sender closer 0 (256 < 128), rank error 0, loop detected 0
1789972122.779546;m3-207;[INFO: RPL       ] ext hdr: packet from fd00::9567 to fd00::a379 going up, sender closer 0 (256 < 128), rank error 0, loop detected 0
1789972122.779572;m3-207;[INFO: App       ] Received request 'hello 24' from fd00::9567
1789972122.779592;m3-207;[INFO: App       ] Sending response.
1789972122.779610;m3-207;[INFO: RPL       ] SRH creating source routing header with destination fd00::9567 
1789972122.783668;m3-214;[INFO: RPL       ] packet sent to 0200.0000.0000.a379, status 0, tx 1, new link metric 128
1789972122.794871;m3-207;[INFO: RPL       ] SRH path len: 0, ComprI 15, ComprE 15, ext len 8 (padding 0)
1789972122.847654;m3-214;[INFO: App       ] Received response 'hello 24' from fd00::a379
1789972122.858871;m3-207;[INFO: RPL       ] packet sent to 0200.0000.0000.9567, status 0, tx 1, new link metric 128
1789972123.294221;m3-221;[INFO: App       ] Sending request 24 to fd00::a379
1789972123.294271;m3-221;[INFO: RPL       ] creating hop-by-hop option
1789972123.326452;m3-221;[INFO: RPL       ] packet sent to 0200.0000.0000.a379, status 0, tx 1, new link metric 128
1789972123.341376;m3-207;[INFO: RPL       ] ext hdr: packet from fd00::9981 to fd00::a379 going up, sender closer 0 (256 < 128), rank error 0, loop detected 0
1789972123.341411;m3-207;[INFO: RPL       ] ext hdr: packet from fd00::9981 to fd00::a379 going up, sender closer 0 (256 < 128), rank error 0, loop detected 0
1789972123.341433;m3-207;[INFO: App       ] Received request 'hello 24' from fd00::9981
1789972123.341453;m3-207;[INFO: App       ] Sending response.
1789972123.341470;m3-207;[INFO: RPL       ] SRH creating source routing header with destination fd00::9981 
1789972123.341489;m3-207;[INFO: RPL       ] SRH path len: 0, ComprI 15, ComprE 15, ext len 8 (padding 0)
1789972123.354903;m3-207;[INFO: RPL       ] packet sent to 0200.0000.0000.9981, status 0, tx 1, new link metric 128
1789972123.358304;m3-221;[INFO: App       ] Received response 'hello 24' from fd00::a379
1789972125.075793;m3-219;[INFO: App       ] Sending request 25 to fd00::a379
1789972125.075864;m3-219;[INFO: RPL       ] creating hop-by-hop option
1789972125.107656;m3-219;[INFO: RPL       ] packet sent to 0200.0000.0000.a379, status 0, tx 1, new link metric 128
1789972125.114934;m3-207;[INFO: RPL       ] ext hdr: packet from fd00::b481 to fd00::a379 going up, sender closer 0 (256 < 128), rank error 0, loop detected 0
1789972125.114972;m3-207;[INFO: RPL       ] ext hdr: packet from fd00::b481 to fd00::a379 going up, sender closer 0 (256 < 128), rank error 0, loop detected 0
1789972125.114997;m3-207;[INFO: App       ] Received request 'hello 25' from fd00::b481
1789972125.115017;m3-207;[INFO: App       ] Sending response.
1789972125.115035;m3-207;[INFO: RPL       ] SRH creating source routing header with destination fd00::b481 
1789972125.129836;m3-207;[INFO: RPL       ] SRH path len: 0, ComprI 15, ComprE 15, ext len 8 (padding 0)
1789972125.177719;m3-207;[INFO: RPL       ] packet sent to 0200.0000.0000.b481, status 0, tx 1, new link metric 128
1789972125.187375;m3-219;[INFO: App       ] Received response 'hello 25' from fd00::a379
1789972125.548494;m3-215;[INFO: App       ] Sending request 25 to fd00::a379
1789972125.548545;m3-215;[INFO: RPL       ] creating hop-by-hop option
1789972125.580155;m3-215;[INFO: RPL       ] packet sent to 0200.0000.0000.a379, status 0, tx 1, new link metric 128
1789972125.593195;m3-207;[INFO: RPL       ] ext hdr: packet from fd00::9175 to fd00::a379 going up, sender closer 0 (256 < 128), rank error 0, loop detected 0
1789972125.593233;m3-207;[INFO: RPL       ] ext hdr: packet from fd00::9175 to fd00::a379 going up, sender closer 0 (256 < 128), rank error 0, loop detected 0
1789972125.593258;m3-207;[INFO: App       ] Received request 'hello 25' from fd00::9175
1789972125.593279;m3-207;[INFO: App       ] Sending response.
1789972125.593297;m3-207;[INFO: RPL       ] SRH creating source routing header with destination fd00::9175 
1789972125.593333;m3-207;[INFO: RPL       ] SRH path len: 0, ComprI 15, ComprE 15, ext len 8 (padding 0)
1789972125.596194;m3-215;[INFO: App       ] Received response 'hello 25' from fd00::a379
1789972125.608604;m3-207;[INFO: RPL       ] packet sent to 0200.0000.0000.9175, status 0, tx 1, new link metric 128
1789972125.861125;m3-218;[INFO: App       ] Sending request 25 to fd00::a379
1789972125.861179;m3-218;[INFO: RPL       ] creating hop-by-hop option
1789972125.864671;m3-207;[INFO: RPL       ] ext hdr: packet from fd00::b582 to fd00::a379 going up, sender closer 0 (256 < 128), rank error 0, loop detected 0
1789972125.876990;m3-218;[INFO: RPL       ] packet sent to 0200.0000.0000.a379, status 0, tx 1, new link metric 128
1789972125.880298;m3-217;[INFO: App       ] Sending request 24 to fd00::a379
1789972125.880330;m3-217;[INFO: RPL       ] creating hop-by-hop option
1789972125.880575;m3-207;[INFO: RPL       ] ext hdr: packet from fd00::b582 to fd00::a379 going up, sender closer 0 (256 < 128), rank error 0, loop detected 0
1789972125.880604;m3-207;[INFO: App       ] Received request 'hello 25' from fd00::b582
1789972125.880626;m3-207;[INFO: App       ] Sending response.
1789972125.880645;m3-207;[INFO: RPL       ] SRH creating source routing header with destination fd00::b582 
1789972125.880665;m3-207;[INFO: RPL       ] SRH path len: 0, ComprI 15, ComprE 15, ext len 8 (padding 0)
1789972125.896155;m3-217;[INFO: RPL       ] packet sent to 0200.0000.0000.a379, status 0, tx 1, new link metric 128
1789972125.896517;m3-207;[INFO: RPL       ] ext hdr: packet from fd00::9871 to fd00::a379 going up, sender closer 0 (256 < 128), rank error 0, loop detected 0
1789972125.912636;m3-207;[INFO: RPL       ] ext hdr: packet from fd00::9871 to fd00::a379 going up, sender closer 0 (256 < 128), rank error 0, loop detected 0
1789972125.912675;m3-207;[INFO: App       ] Received request 'hello 24' from fd00::9871
1789972125.912698;m3-207;[INFO: App       ] Sending response.
1789972125.912718;m3-207;[INFO: RPL       ] SRH creating source routing header with destination fd00::9871 
1789972125.912738;m3-207;[INFO: RPL       ] SRH path len: 0, ComprI 15, ComprE 15, ext len 8 (padding 0)
1789972125.924904;m3-218;[INFO: App       ] Received response 'hello 25' from fd00::a379
1789972125.928584;m3-207;[INFO: RPL       ] packet sent to 0200.0000.0000.b582, status 0, tx 1, new link metric 128
1789972125.960092;m3-217;[INFO: App       ] Received response 'hello 24' from fd00::a379
1789972125.960492;m3-207;[INFO: RPL       ] packet sent to 0200.0000.0000.9871, status 0, tx 1, new link metric 128
1789972126.045376;m3-209;[INFO: RPL       ] probing fe80::9175  last tx 4 min ago
1789972126.059092;m3-209;[INFO: RPL       ] sending a unicast-DIO with rank 256 to fe80::9175
1789972126.059125;m3-209;[INFO: RPL       ] packet sent to 0200.0000.0000.9175, status 0, tx 1, new link metric 224
1789972126.060097;m3-215;[INFO: RPL       ] received a unicast-DIO from fe80::b379, instance_id 0, DAG ID fd00::a379, version 240, dtsn 240, rank 256
1789972126.543384;m3-214;[INFO: RPL       ] sending a multicast-DIO with rank 256 to ff02::1a
1789972126.601911;m3-216;[INFO: RPL       ] received a multicast-DIO from fe80::9567, instance_id 0, DAG ID fd00::a379, version 240, dtsn 240, rank 256
1789972126.602971;m3-209;[INFO: RPL       ] received a multicast-DIO from fe80::9567, instance_id 0, DAG ID fd00::a379, version 240, dtsn 240, rank 256
1789972126.604335;m3-215;[INFO: RPL       ] received a multicast-DIO from fe80::9567, instance_id 0, DAG ID fd00::a379, version 240, dtsn 240, rank 256
1789972126.605503;m3-208;[INFO: RPL       ] received a multicast-DIO from fe80::9567, instance_id 0, DAG ID fd00::a379, version 240, dtsn 240, rank 256
1789972126.605991;m3-221;[INFO: RPL       ] received a multicast-DIO from fe80::9567, instance_id 0, DAG ID fd00::a379, version 240, dtsn 240, rank 256
1789972126.607155;m3-220;[INFO: RPL       ] received a multicast-DIO from fe80::9567, instance_id 0, DAG ID fd00::a379, version 240, dtsn 240, rank 256
1789972126.609135;m3-213;[INFO: RPL       ] received a multicast-DIO from fe80::9567, instance_id 0, DAG ID fd00::a379, version 240, dtsn 240, rank 256
1789972126.611528;m3-219;[INFO: RPL       ] received a multicast-DIO from fe80::9567, instance_id 0, DAG ID fd00::a379, version 240, dtsn 240, rank 256
1789972126.611860;m3-212;[INFO: RPL       ] received a multicast-DIO from fe80::9567, instance_id 0, DAG ID fd00::a379, version 240, dtsn 240, rank 256
1789972126.612973;m3-218;[INFO: RPL       ] received a multicast-DIO from fe80::9567, instance_id 0, DAG ID fd00::a379, version 240, dtsn 240, rank 256
1789972126.614406;m3-211;[INFO: RPL       ] received a multicast-DIO from fe80::9567, instance_id 0, DAG ID fd00::a379, version 240, dtsn 240, rank 256
1789972126.615856;m3-217;[INFO: RPL       ] received a multicast-DIO from fe80::9567, instance_id 0, DAG ID fd00::a379, version 240, dtsn 240, rank 256
1789972126.615959;m3-210;[INFO: RPL       ] received a multicast-DIO from fe80::9567, instance_id 0, DAG ID fd00::a379, version 240, dtsn 240, rank 256
1789972126.616394;m3-207;[INFO: RPL       ] received a multicast-DIO from fe80::9567, instance_id 0, DAG ID fd00::a379, version 240, dtsn 240, rank 256
1789972126.803746;m3-212;[INFO: RPL       ] sending a multicast-DIO with rank 256 to ff02::1a
1789972126.825734;m3-216;[INFO: RPL       ] received a multicast-DIO from fe80::b280, instance_id 0, DAG ID fd00::a379, version 240, dtsn 240, rank 256
1789972126.826925;m3-209;[INFO: RPL       ] received a multicast-DIO from fe80::b280, instance_id 0, DAG ID fd00::a379, version 240, dtsn 240, rank 256
1789972126.828218;m3-215;[INFO: RPL       ] received a multicast-DIO from fe80::b280, instance_id 0, DAG ID fd00::a379, version 240, dtsn 240, rank 256
1789972126.829240;m3-208;[INFO: RPL       ] received a multicast-DIO from fe80::b280, instance_id 0, DAG ID fd00::a379, version 240, dtsn 240, rank 256
1789972126.829815;m3-221;[INFO: RPL       ] received a multicast-DIO from fe80::b280, instance_id 0, DAG ID fd00::a379, version 240, dtsn 240, rank 256
1789972126.830962;m3-220;[INFO: RPL       ] received a multicast-DIO from fe80::b280, instance_id 0, DAG ID fd00::a379, version 240, dtsn 240, rank 256
1789972126.831135;m3-214;[INFO: RPL       ] received a multicast-DIO from fe80::b280, instance_id 0, DAG ID fd00::a379, version 240, dtsn 240, rank 256
1789972126.832838;m3-213;[INFO: RPL       ] received a multicast-DIO from fe80::b280, instance_id 0, DAG ID fd00::a379, version 240, dtsn 240, rank 256
1789972126.835257;m3-219;[INFO: RPL       ] received a multicast-DIO from fe80::b280, instance_id 0, DAG ID fd00::a379, version 240, dtsn 240, rank 256
1789972126.836778;m3-218;[INFO: RPL       ] received a multicast-DIO from fe80::b280, instance_id 0, DAG ID fd00::a379, version 240, dtsn 240, rank 256
1789972126.838197;m3-211;[INFO: RPL       ] received a multicast-DIO from fe80::b280, instance_id 0, DAG ID fd00::a379, version 240, dtsn 240, rank 256
1789972126.839890;m3-217;[INFO: RPL       ] received a multicast-DIO from fe80::b280, instance_id 0, DAG ID fd00::a379, version 240, dtsn 240, rank 256
1789972126.839929;m3-210;[INFO: RPL       ] received a multicast-DIO from fe80::b280, instance_id 0, DAG ID fd00::a379, version 240, dtsn 240, rank 256
1789972126.840335;m3-207;[INFO: RPL       ] received a multicast-DIO from fe80::b280, instance_id 0, DAG ID fd00::a379, version 240, dtsn 240, rank 256
1789972128.422174;m3-211;[INFO: App       ] Sending request 26 to fd00::a379
1789972128.422230;m3-211;[INFO: RPL       ] creating hop-by-hop option
1789972128.489383;m3-211;[INFO: RPL       ] packet sent to 0200.0000.0000.a379, status 0, tx 1, new link metric 128
1789972128.489429;m3-207;[INFO: RPL       ] ext hdr: packet from fd00::8875 to fd00::a379 going up, sender closer 0 (256 < 128), rank error 0, loop detected 0
1789972128.489456;m3-207;[INFO: RPL       ] ext hdr: packet from fd00::8875 to fd00::a379 going up, sender closer 0 (256 < 128), rank error 0, loop detected 0
1789972128.489477;m3-207;[INFO: App       ] Received request 'hello 26' from fd00::8875
1789972128.489497;m3-207;[INFO: App       ] Sending response.
1789972128.489513;m3-207;[INFO: RPL       ] SRH creating source routing header with destination fd00::8875 
1789972128.489531;m3-207;[INFO: RPL       ] SRH path len: 0, ComprI 15, ComprE 15, ext len 8 (padding 0)
1789972128.501948;m3-211;[INFO: App       ] Received response 'hello 26' from fd00::a379
1789972128.503181;m3-207;[INFO: RPL       ] packet sent to 0200.0000.0000.8875, status 0, tx 1, new link metric 128
1789972128.809639;m3-216;[INFO: App       ] Sending request 26 to fd00::a379
1789972128.809688;m3-216;[INFO: RPL       ] creating hop-by-hop option
1789972128.839369;m3-207;[INFO: RPL       ] ext hdr: packet from fd00::b369 to fd00::a379 going up, sender closer 0 (256 < 128), rank error 0, loop detected 0
1789972128.839429;m3-207;[INFO: RPL       ] ext hdr: packet from fd00::b369 to fd00::a379 going up, sender closer 0 (256 < 128), rank error 0, loop detected 0
1789972128.841488;m3-216;[INFO: RPL       ] packet sent to 0200.0000.0000.a379, status 0, tx 1, new link metric 128
1789972128.855322;m3-207;[INFO: App       ] Received request 'hello 26' from fd00::b369
1789972128.855355;m3-207;[INFO: App       ] Sending response.
1789972128.855377;m3-207;[INFO: RPL       ] SRH creating source routing header with destination fd00::b369 
1789972128.855397;m3-207;[INFO: RPL       ] SRH path len: 0, ComprI 15, ComprE 15, ext len 8 (padding 0)
1789972128.855416;m3-207;[INFO: RPL       ] packet sent to 0200.0000.0000.b369, status 0, tx 1, new link metric 128
1789972128.857445;m3-216;[INFO: App       ] Received response 'hello 26' from fd00::a379
1789972130.720646;m3-213;[INFO: App       ] Sending request 26 to fd00::a379
1789972130.720723;m3-213;[INFO: RPL       ] creating hop-by-hop option
1789972130.736512;m3-213;[INFO: RPL       ] packet sent to 0200.0000.0000.a379, status 0, tx 1, new link metric 130
1789972130.739974;m3-207;[INFO: RPL       ] ext hdr: packet from fd00::8472 to fd00::a379 going up, sender closer 0 (259 < 128), rank error 0, loop detected 0
1789972130.740026;m3-207;[INFO: RPL       ] ext hdr: packet from fd00::8472 to fd00::a379 going up, sender closer 0 (259 < 128), rank error 0, loop detected 0
1789972130.740052;m3-207;[INFO: App       ] Received request 'hello 26' from fd00::8472
1789972130.740072;m3-207;[INFO: App       ] Sending response.
1789972130.740092;m3-207;[INFO: RPL       ] SRH creating source routing header with destination fd00::8472 
1789972130.755093;m3-207;[INFO: RPL       ] SRH path len: 0, ComprI 15, ComprE 15, ext len 8 (padding 0)
1789972130.768440;m3-213;[INFO: App       ] Received response 'hello 26' from fd00::a379
1789972130.771039;m3-207;[INFO: RPL       ] packet sent to 0200.0000.0000.8472, status 0, tx 1, new link metric 131
1789972130.874567;m3-209;[INFO: App       ] Sending request 25 to fd00::a379
1789972130.874614;m3-209;[INFO: RPL       ] creating hop-by-hop option
1789972130.894809;m3-220;[INFO: App       ] Sending request 26 to fd00::a379
1789972130.894845;m3-220;[INFO: RPL       ] creating hop-by-hop option
1789972130.915055;m3-207;[INFO: RPL       ] ext hdr: packet from fd00::2160 to fd00::a379 going up, sender closer 0 (256 < 128), rank error 0, loop detected 0
1789972130.926615;m3-220;[INFO: RPL       ] packet sent to 0200.0000.0000.a379, status 0, tx 1, new link metric 128
1789972130.928627;m3-207;[INFO: RPL       ] ext hdr: packet from fd00::2160 to fd00::a379 going up, sender closer 0 (256 < 128), rank error 0, loop detected 0
1789972130.928661;m3-207;[INFO: App       ] Received request 'hello 26' from fd00::2160
1789972130.928684;m3-207;[INFO: App       ] Sending response.
1789972130.928704;m3-207;[INFO: RPL       ] SRH creating source routing header with destination fd00::2160 
1789972130.928723;m3-207;[INFO: RPL       ] SRH path len: 0, ComprI 15, ComprE 15, ext len 8 (padding 0)
1789972130.928742;m3-207;[INFO: RPL       ] ext hdr: packet from fd00::b379 to fd00::a379 going up, sender closer 0 (256 < 128), rank error 0, loop detected 0
1789972130.944098;m3-207;[INFO: RPL       ] ext hdr: packet from fd00::b379 to fd00::a379 going up, sender closer 0 (256 < 128), rank error 0, loop detected 0
1789972130.944149;m3-207;[INFO: App       ] Received request 'hello 25' from fd00::b379
1789972130.944170;m3-207;[INFO: App       ] Sending response.
1789972130.944188;m3-207;[INFO: RPL       ] SRH creating source routing header with destination fd00::b379 
1789972130.944208;m3-207;[INFO: RPL       ] SRH path len: 0, ComprI 15, ComprE 15, ext len 8 (padding 0)
1789972130.970556;m3-209;[INFO: RPL       ] packet sent to 0200.0000.0000.a379, status 0, tx 2, new link metric 140
1789972130.986509;m3-209;[INFO: App       ] Received response 'hello 25' from fd00::a379
1789972130.992029;m3-207;[INFO: RPL       ] packet sent to 0200.0000.0000.b379, status 0, tx 1, new link metric 128
1789972131.104025;m3-207;[INFO: RPL       ] packet sent to 0200.0000.0000.2160, status 0, tx 1, new link metric 128
1789972131.118603;m3-220;[INFO: App       ] Received response 'hello 26' from fd00::a379
1789972131.806831;m3-214;[INFO: App       ] Sending request 25 to fd00::a379
1789972131.806897;m3-214;[INFO: RPL       ] creating hop-by-hop option
1789972131.807965;m3-207;[INFO: RPL       ] ext hdr: packet from fd00::b280 to fd00::a379 going up, sender closer 0 (256 < 128), rank error 0, loop detected 0
1789972131.811340;m3-212;[INFO: App       ] Sending request 25 to fd00::a379
1789972131.811371;m3-212;[INFO: RPL       ] creating hop-by-hop option
1789972131.811408;m3-212;[INFO: RPL       ] packet sent to 0200.0000.0000.a379, status 0, tx 1, new link metric 128
1789972131.823985;m3-207;[INFO: RPL       ] ext hdr: packet from fd00::b280 to fd00::a379 going up, sender closer 0 (256 < 128), rank error 0, loop detected 0
1789972131.824021;m3-207;[INFO: App       ] Received request 'hello 25' from fd00::b280
1789972131.824044;m3-207;[INFO: App       ] Sending response.
1789972131.824063;m3-207;[INFO: RPL       ] SRH creating source routing header with destination fd00::b280 
1789972131.824082;m3-207;[INFO: RPL       ] SRH path len: 0, ComprI 15, ComprE 15, ext len 8 (padding 0)
1789972131.854637;m3-214;[INFO: RPL       ] packet sent to 0200.0000.0000.a379, status 0, tx 1, new link metric 128
1789972131.855865;m3-207;[INFO: RPL       ] ext hdr: packet from fd00::9567 to fd00::a379 going up, sender closer 0 (256 < 128), rank error 0, loop detected 0
1789972131.855901;m3-207;[INFO: RPL       ] ext hdr: packet from fd00::9567 to fd00::a379 going up, sender closer 0 (256 < 128), rank error 0, loop detected 0
1789972131.855926;m3-207;[INFO: App       ] Received request 'hello 25' from fd00::9567
1789972131.855946;m3-207;[INFO: App       ] Sending response.
1789972131.871922;m3-207;[INFO: RPL       ] SRH creating source routing header with destination fd00::9567 
1789972131.871971;m3-207;[INFO: RPL       ] SRH path len: 0, ComprI 15, ComprE 15, ext len 8 (padding 0)
1789972131.871993;m3-207;[INFO: RPL       ] packet sent to 0200.0000.0000.b280, status 0, tx 1, new link metric 128
1789972131.875145;m3-212;[INFO: App       ] Received response 'hello 25' from fd00::a379
1789972131.902581;m3-214;[INFO: App       ] Received response 'hello 25' from fd00::a379
1789972131.903774;m3-207;[INFO: RPL       ] packet sent to 0200.0000.0000.9567, status 0, tx 1, new link metric 128
1789972132.151659;m3-210;[INFO: App       ] Sending request 25 to fd00::a379
1789972132.167439;m3-210;[INFO: RPL       ] creating hop-by-hop option
1789972132.176062;m3-207;[INFO: RPL       ] ext hdr: packet from fd00::c081 to fd00::a379 going up, sender closer 0 (256 < 128), rank error 0, loop detected 0
1789972132.185410;m3-210;[INFO: RPL       ] packet sent to 0200.0000.0000.a379, status 0, tx 1, new link metric 128
1789972132.191978;m3-207;[INFO: RPL       ] ext hdr: packet from fd00::c081 to fd00::a379 going up, sender closer 0 (256 < 128), rank error 0, loop detected 0
1789972132.192012;m3-207;[INFO: App       ] Received request 'hello 25' from fd00::c081
1789972132.192050;m3-207;[INFO: App       ] Sending response.
1789972132.192069;m3-207;[INFO: RPL       ] SRH creating source routing header with destination fd00::c081 
1789972132.192088;m3-207;[INFO: RPL       ] SRH path len: 0, ComprI 15, ComprE 15, ext len 8 (padding 0)
1789972132.247384;m3-210;[INFO: App       ] Received response 'hello 25' from fd00::a379
1789972132.255869;m3-207;[INFO: RPL       ] packet sent to 0200.0000.0000.c081, status 0, tx 1, new link metric 128
1789972132.380879;m3-208;[INFO: App       ] Sending request 26 to fd00::a379
1789972132.396680;m3-208;[INFO: RPL       ] creating hop-by-hop option
1789972132.415918;m3-207;[INFO: RPL       ] ext hdr: packet from fd00::9076 to fd00::a379 going up, sender closer 0 (270 < 128), rank error 0, loop detected 0
1789972132.428647;m3-208;[INFO: RPL       ] packet sent to 0200.0000.0000.a379, status 0, tx 1, new link metric 140
1789972132.431919;m3-207;[INFO: RPL       ] ext hdr: packet from fd00::9076 to fd00::a379 going up, sender closer 0 (270 < 128), rank error 0, loop detected 0
1789972132.431953;m3-207;[INFO: App       ] Received request 'hello 26' from fd00::9076
1789972132.431992;m3-207;[INFO: App       ] Sending response.
1789972132.432011;m3-207;[INFO: RPL       ] SRH creating source routing header with destination fd00::9076 
1789972132.432031;m3-207;[INFO: RPL       ] SRH path len: 0, ComprI 15, ComprE 15, ext len 8 (padding 0)
1789972132.476634;m3-208;[INFO: App       ] Received response 'hello 26' from fd00::a379
1789972132.479838;m3-207;[INFO: RPL       ] packet sent to 0200.0000.0000.9076, status 0, tx 1, new link metric 128
1789972134.173230;m3-221;[INFO: App       ] Sending request 25 to fd00::a379
1789972134.173300;m3-221;[INFO: RPL       ] creating hop-by-hop option
1789972134.189006;m3-221;[INFO: RPL       ] packet sent to 0200.0000.0000.a379, status 0, tx 1, new link metric 128
1789972134.191949;m3-207;[INFO: RPL       ] ext hdr: packet from fd00::9981 to fd00::a379 going up, sender closer 0 (256 < 128), rank error 0, loop detected 0
1789972134.191988;m3-207;[INFO: RPL       ] ext hdr: packet from fd00::9981 to fd00::a379 going up, sender closer 0 (256 < 128), rank error 0, loop detected 0
1789972134.192013;m3-207;[INFO: App       ] Received request 'hello 25' from fd00::9981
1789972134.192033;m3-207;[INFO: App       ] Sending response.
1789972134.192051;m3-207;[INFO: RPL       ] SRH creating source routing header with destination fd00::9981 
1789972134.207714;m3-207;[INFO: RPL       ] SRH path len: 0, ComprI 15, ComprE 15, ext len 8 (padding 0)
1789972134.253002;m3-221;[INFO: App       ] Received response 'hello 25' from fd00::a379
1789972134.255681;m3-207;[INFO: RPL       ] packet sent to 0200.0000.0000.9981, status 0, tx 1, new link metric 128
1789972134.562737;m3-219;[INFO: App       ] Sending request 26 to fd00::a379
1789972134.562788;m3-219;[INFO: RPL       ] creating hop-by-hop option
1789972134.594528;m3-219;[INFO: RPL       ] packet sent to 0200.0000.0000.a379, status 0, tx 1, new link metric 128
1789972134.604476;m3-207;[INFO: RPL       ] ext hdr: packet from fd00::b481 to fd00::a379 going up, sender closer 0 (256 < 128), rank error 0, loop detected 0
1789972134.604519;m3-207;[INFO: RPL       ] ext hdr: packet from fd00::b481 to fd00::a379 going up, sender closer 0 (256 < 128), rank error 0, loop detected 0
1789972134.604546;m3-207;[INFO: App       ] Received request 'hello 26' from fd00::b481
1789972134.604567;m3-207;[INFO: App       ] Sending response.
1789972134.604586;m3-207;[INFO: RPL       ] SRH creating source routing header with destination fd00::b481 
1789972134.619659;m3-207;[INFO: RPL       ] SRH path len: 0, ComprI 15, ComprE 15, ext len 8 (padding 0)
1789972134.626481;m3-219;[INFO: App       ] Received response 'hello 26' from fd00::a379
1789972134.635462;m3-215;[INFO: App       ] Sending request 26 to fd00::a379
1789972134.635499;m3-215;[INFO: RPL       ] creating hop-by-hop option
1789972134.637376;m3-207;[INFO: RPL       ] packet sent to 0200.0000.0000.b481, status 0, tx 1, new link metric 128
1789972134.649989;m3-207;[INFO: RPL       ] ext hdr: packet from fd00::9175 to fd00::a379 going up, sender closer 0 (256 < 128), rank error 0, loop detected 0
1789972134.650024;m3-207;[INFO: RPL       ] ext hdr: packet from fd00::9175 to fd00::a379 going up, sender closer 0 (256 < 128), rank error 0, loop detected 0
1789972134.650065;m3-207;[INFO: App       ] Received request 'hello 26' from fd00::9175
1789972134.650085;m3-207;[INFO: App       ] Sending response.
1789972134.650104;m3-207;[INFO: RPL       ] SRH creating source routing header with destination fd00::9175 
1789972134.651306;m3-215;[INFO: RPL       ] packet sent to 0200.0000.0000.a379, status 0, tx 1, new link metric 128
1789972134.665622;m3-207;[INFO: RPL       ] SRH path len: 0, ComprI 15, ComprE 15, ext len 8 (padding 0)
1789972134.697635;m3-207;[INFO: RPL       ] packet sent to 0200.0000.0000.9175, status 0, tx 1, new link metric 128
1789972134.699229;m3-215;[INFO: App       ] Received response 'hello 26' from fd00::a379
1789972135.911188;m3-217;[INFO: App       ] Sending request 25 to fd00::a379
1789972135.911257;m3-217;[INFO: RPL       ] creating hop-by-hop option
1789972135.974289;m3-207;[INFO: RPL       ] ext hdr: packet from fd00::9871 to fd00::a379 going up, sender closer 0 (256 < 128), rank error 0, loop detected 0
1789972135.974337;m3-207;[INFO: RPL       ] ext hdr: packet from fd00::9871 to fd00::a379 going up, sender closer 0 (256 < 128), rank error 0, loop detected 0
1789972135.974363;m3-207;[INFO: App       ] Received request 'hello 25' from fd00::9871
1789972135.974386;m3-207;[INFO: App       ] Sending response.
1789972135.974405;m3-207;[INFO: RPL       ] SRH creating source routing header with destination fd00::9871 
1789972135.974902;m3-217;[INFO: RPL       ] packet sent to 0200.0000.0000.a379, status 0, tx 1, new link metric 128
1789972135.989501;m3-207;[INFO: RPL       ] SRH path len: 0, ComprI 15, ComprE 15, ext len 8 (padding 0)
1789972136.022931;m3-217;[INFO: App       ] Received response 'hello 25' from fd00::a379
1789972136.037482;m3-207;[INFO: RPL       ] packet sent to 0200.0000.0000.9871, status 0, tx 1, new link metric 128
1789972136.835850;m3-218;[INFO: App       ] Sending request 26 to fd00::a379
1789972136.835919;m3-218;[INFO: RPL       ] creating hop-by-hop option
1789972136.882574;m3-207;[INFO: RPL       ] ext hdr: packet from fd00::b582 to fd00::a379 going up, sender closer 0 (256 < 128), rank error 0, loop detected 0
1789972136.882629;m3-207;[INFO: RPL       ] ext hdr: packet from fd00::b582 to fd00::a379 going up, sender closer 0 (256 < 128), rank error 0, loop detected 0
1789972136.882656;m3-207;[INFO: App       ] Received request 'hello 26' from fd00::b582
1789972136.882677;m3-207;[INFO: App       ] Sending response.
1789972136.882695;m3-207;[INFO: RPL       ] SRH creating source routing header with destination fd00::b582 
1789972136.883573;m3-218;[INFO: RPL       ] packet sent to 0200.0000.0000.a379, status 0, tx 1, new link metric 128
1789972136.897480;m3-207;[INFO: RPL       ] SRH path len: 0, ComprI 15, ComprE 15, ext len 8 (padding 0)
1789972136.913455;m3-207;[INFO: RPL       ] packet sent to 0200.0000.0000.b582, status 0, tx 1, new link metric 128
1789972136.915591;m3-218;[INFO: App       ] Received response 'hello 26' from fd00::a379
1789972138.453008;m3-211;[INFO: App       ] Sending request 27 to fd00::a379
1789972138.453061;m3-211;[INFO: RPL       ] creating hop-by-hop option
1789972138.464672;m3-207;[INFO: RPL       ] ext hdr: packet from fd00::8875 to fd00::a379 going up, sender closer 0 (256 < 128), rank error 0, loop detected 0
1789972138.464726;m3-207;[INFO: RPL       ] ext hdr: packet from fd00::8875 to fd00::a379 going up, sender closer 0 (256 < 128), rank error 0, loop detected 0
1789972138.464752;m3-207;[INFO: App       ] Received request 'hello 27' from fd00::8875
1789972138.464789;m3-207;[INFO: App       ] Sending response.
1789972138.464809;m3-207;[INFO: RPL       ] SRH creating source routing header with destination fd00::8875 
1789972138.468783;m3-211;[INFO: RPL       ] packet sent to 0200.0000.0000.a379, status 0, tx 1, new link metric 128
1789972138.480280;m3-207;[INFO: RPL       ] SRH path len: 0, ComprI 15, ComprE 15, ext len 8 (padding 0)
1789972138.516710;m3-211;[INFO: App       ] Received response 'hello 27' from fd00::a379
1789972138.528229;m3-207;[INFO: RPL       ] packet sent to 0200.0000.0000.8875, status 0, tx 1, new link metric 128
1789972138.956225;m3-208;[INFO: RPL       ] probing fe80::b369  last tx 4 min ago
1789972138.956277;m3-208;[INFO: RPL       ] sending a unicast-DIO with rank 268 to fe80::b369
1789972138.984589;m3-216;[INFO: RPL       ] received a unicast-DIO from fe80::9076, instance_id 0, DAG ID fd00::a379, version 240, dtsn 240, rank 268
1789972138.988076;m3-208;[INFO: RPL       ] packet sent to 0200.0000.0000.b369, status 0, tx 1, new link metric 224
1789972139.528313;m3-216;[INFO: App       ] Sending request 27 to fd00::a379
1789972139.528366;m3-216;[INFO: RPL       ] creating hop-by-hop option
1789972139.544211;m3-216;[INFO: RPL       ] packet sent to 0200.0000.0000.a379, status 0, tx 1, new link metric 128
1789972139.552289;m3-207;[INFO: RPL       ] ext hdr: packet from fd00::b369 to fd00::a379 going up, sender closer 0 (256 < 128), rank error 0, loop detected 0
1789972139.552335;m3-207;[INFO: RPL       ] ext hdr: packet from fd00::b369 to fd00::a379 going up, sender closer 0 (256 < 128), rank error 0, loop detected 0
1789972139.552361;m3-207;[INFO: App       ] Received request 'hello 27' from fd00::b369
1789972139.552382;m3-207;[INFO: App       ] Sending response.
1789972139.552400;m3-207;[INFO: RPL       ] SRH creating source routing header with destination fd00::b369 
1789972139.568124;m3-207;[INFO: RPL       ] SRH path len: 0, ComprI 15, ComprE 15, ext len 8 (padding 0)
1789972139.616092;m3-207;[INFO: RPL       ] packet sent to 0200.0000.0000.b369, status 0, tx 1, new link metric 128
1789972139.624162;m3-216;[INFO: App       ] Received response 'hello 27' from fd00::a379
1789972140.185788;m3-209;[INFO: App       ] Sending request 26 to fd00::a379
1789972140.185837;m3-209;[INFO: RPL       ] creating hop-by-hop option
1789972140.185862;m3-209;[INFO: RPL       ] packet sent to 0200.0000.0000.a379, status 0, tx 1, new link metric 138
1789972140.192310;m3-207;[INFO: RPL       ] ext hdr: packet from fd00::b379 to fd00::a379 going up, sender closer 0 (268 < 128), rank error 0, loop detected 0
1789972140.192348;m3-207;[INFO: RPL       ] ext hdr: packet from fd00::b379 to fd00::a379 going up, sender closer 0 (268 < 128), rank error 0, loop detected 0
1789972140.192372;m3-207;[INFO: App       ] Received request 'hello 26' from fd00::b379
1789972140.192392;m3-207;[INFO: App       ] Sending response.
1789972140.208116;m3-207;[INFO: RPL       ] SRH creating source routing header with destination fd00::b379 
1789972140.208148;m3-207;[INFO: RPL       ] SRH path len: 0, ComprI 15, ComprE 15, ext len 8 (padding 0)
1789972140.256052;m3-207;[INFO: RPL       ] packet sent to 0200.0000.0000.b379, status 0, tx 1, new link metric 128
1789972140.265542;m3-209;[INFO: App       ] Received response 'hello 26' from fd00::a379
1789972140.735564;m3-213;[INFO: App       ] Sending request 27 to fd00::a379
1789972140.751314;m3-213;[INFO: RPL       ] creating hop-by-hop option
1789972140.799287;m3-213;[INFO: RPL       ] packet sent to 0200.0000.0000.a379, status 0, tx 1, new link metric 129
1789972140.799422;m3-207;[INFO: RPL       ] ext hdr: packet from fd00::8472 to fd00::a379 going up, sender closer 0 (258 < 128), rank error 0, loop detected 0
1789972140.799457;m3-207;[INFO: RPL       ] ext hdr: packet from fd00::8472 to fd00::a379 going up, sender closer 0 (258 < 128), rank error 0, loop detected 0
1789972140.799482;m3-207;[INFO: App       ] Received request 'hello 27' from fd00::8472
1789972140.799503;m3-207;[INFO: App       ] Sending response.
1789972140.799538;m3-207;[INFO: RPL       ] SRH creating source routing header with destination fd00::8472 
1789972140.815051;m3-207;[INFO: RPL       ] SRH path len: 0, ComprI 15, ComprE 15, ext len 8 (padding 0)
1789972140.831019;m3-207;[INFO: RPL       ] packet sent to 0200.0000.0000.8472, status 0, tx 1, new link metric 130
1789972140.831207;m3-213;[INFO: App       ] Received response 'hello 27' from fd00::a379
1789972141.373556;m3-220;[INFO: App       ] Sending request 27 to fd00::a379
1789972141.373604;m3-220;[INFO: RPL       ] creating hop-by-hop option
1789972141.398521;m3-210;[INFO: App       ] Sending request 26 to fd00::a379
1789972141.398565;m3-210;[INFO: RPL       ] creating hop-by-hop option
1789972141.405351;m3-220;[INFO: RPL       ] packet sent to 0200.0000.0000.a379, status 0, tx 1, new link metric 128
1789972141.407101;m3-207;[INFO: RPL       ] ext hdr: packet from fd00::2160 to fd00::a379 going up, sender closer 0 (256 < 128), rank error 0, loop detected 0
1789972141.407136;m3-207;[INFO: RPL       ] ext hdr: packet from fd00::2160 to fd00::a379 going up, sender closer 0 (256 < 128), rank error 0, loop detected 0
1789972141.422958;m3-207;[INFO: App       ] Received request 'hello 27' from fd00::2160
1789972141.422990;m3-207;[INFO: App       ] Sending response.
1789972141.423028;m3-207;[INFO: RPL       ] SRH creating source routing header with destination fd00::2160 
1789972141.423054;m3-207;[INFO: RPL       ] SRH path len: 0, ComprI 15, ComprE 15, ext len 8 (padding 0)
1789972141.469299;m3-220;[INFO: App       ] Received response 'hello 27' from fd00::a379
1789972141.470877;m3-207;[INFO: RPL       ] packet sent to 0200.0000.0000.2160, status 0, tx 1, new link metric 128
1789972141.515661;m3-208;[INFO: App       ] Sending request 27 to fd00::a379
1789972141.515698;m3-208;[INFO: RPL       ] creating hop-by-hop option
1789972141.534850;m3-207;[INFO: RPL       ] ext hdr: packet from fd00::9076 to fd00::a379 going up, sender closer 0 (268 < 128), rank error 0, loop detected 0
1789972141.547658;m3-208;[INFO: RPL       ] packet sent to 0200.0000.0000.a379, status 0, tx 1, new link metric 138
1789972141.550924;m3-207;[INFO: RPL       ] ext hdr: packet from fd00::9076 to fd00::a379 going up, sender closer 0 (268 < 128), rank error 0, loop detected 0
1789972141.550956;m3-207;[INFO: App       ] Received request 'hello 27' from fd00::9076
1789972141.550993;m3-207;[INFO: App       ] Sending response.
1789972141.551012;m3-207;[INFO: RPL       ] SRH creating source routing header with destination fd00::9076 
1789972141.551031;m3-207;[INFO: RPL       ] SRH path len: 0, ComprI 15, ComprE 15, ext len 8 (padding 0)
1789972141.595674;m3-208;[INFO: App       ] Received response 'hello 27' from fd00::a379
1789972141.598836;m3-207;[INFO: RPL       ] packet sent to 0200.0000.0000.9076, status 0, tx 1, new link metric 128
1789972141.678912;m3-207;[INFO: RPL       ] ext hdr: packet from fd00::c081 to fd00::a379 going up, sender closer 0 (256 < 128), rank error 0, loop detected 0
1789972141.678969;m3-207;[INFO: RPL       ] ext hdr: packet from fd00::c081 to fd00::a379 going up, sender closer 0 (256 < 128), rank error 0, loop detected 0
1789972141.686321;m3-210;[INFO: RPL       ] packet sent to 0200.0000.0000.a379, status 0, tx 1, new link metric 128
1789972141.697364;m3-207;[INFO: App       ] Received request 'hello 26' from fd00::c081
1789972141.697393;m3-207;[INFO: App       ] Sending response.
1789972141.697414;m3-207;[INFO: RPL       ] SRH creating source routing header with destination fd00::c081 
1789972141.697433;m3-207;[INFO: RPL       ] SRH path len: 0, ComprI 15, ComprE 15, ext len 8 (padding 0)
1789972141.734217;m3-210;[INFO: App       ] Received response 'hello 26' from fd00::a379
1789972141.742839;m3-207;[INFO: RPL       ] packet sent to 0200.0000.0000.c081, status 0, tx 1, new link metric 128
1789972141.805893;m3-214;[INFO: App       ] Sending request 26 to fd00::a379
1789972141.805952;m3-214;[INFO: RPL       ] creating hop-by-hop option
1789972141.853616;m3-214;[INFO: RPL       ] packet sent to 0200.0000.0000.a379, status 0, tx 1, new link metric 128
1789972141.854950;m3-207;[INFO: RPL       ] ext hdr: packet from fd00::9567 to fd00::a379 going up, sender closer 0 (256 < 128), rank error 0, loop detected 0
1789972141.854987;m3-207;[INFO: RPL       ] ext hdr: packet from fd00::9567 to fd00::a379 going up, sender closer 0 (256 < 128), rank error 0, loop detected 0
1789972141.855012;m3-207;[INFO: App       ] Received request 'hello 26' from fd00::9567
1789972141.855039;m3-207;[INFO: App       ] Sending response.
1789972141.855058;m3-207;[INFO: RPL       ] SRH creating source routing header with destination fd00::9567 
1789972141.855078;m3-207;[INFO: RPL       ] SRH path len: 0, ComprI 15, ComprE 15, ext len 8 (padding 0)
1789972141.917604;m3-214;[INFO: App       ] Received response 'hello 26' from fd00::a379
1789972141.918754;m3-207;[INFO: RPL       ] packet sent to 0200.0000.0000.9567, status 0, tx 1, new link metric 128
1789972142.370175;m3-212;[INFO: App       ] Sending request 26 to fd00::a379
1789972142.370238;m3-212;[INFO: RPL       ] creating hop-by-hop option
1789972142.399073;m3-207;[INFO: RPL       ] ext hdr: packet from fd00::b280 to fd00::a379 going up, sender closer 0 (256 < 128), rank error 0, loop detected 0
1789972142.399111;m3-207;[INFO: RPL       ] ext hdr: packet from fd00::b280 to fd00::a379 going up, sender closer 0 (256 < 128), rank error 0, loop detected 0
1789972142.399136;m3-207;[INFO: App       ] Received request 'hello 26' from fd00::b280
1789972142.401946;m3-212;[INFO: RPL       ] packet sent to 0200.0000.0000.a379, status 0, tx 1, new link metric 128
1789972142.414964;m3-207;[INFO: App       ] Sending response.
1789972142.415009;m3-207;[INFO: RPL       ] SRH creating source routing header with destination fd00::b280 
1789972142.415050;m3-207;[INFO: RPL       ] SRH path len: 0, ComprI 15, ComprE 15, ext len 8 (padding 0)
1789972142.415072;m3-207;[INFO: RPL       ] packet sent to 0200.0000.0000.b280, status 0, tx 1, new link metric 128
1789972142.417898;m3-212;[INFO: App       ] Received response 'hello 26' from fd00::a379
1789972144.351188;m3-213;[INFO: RPL       ] probing fe80::b369  last tx 2 min ago
1789972144.359873;m3-216;[INFO: RPL       ] received a unicast-DIO from fe80::8472, instance_id 0, DAG ID fd00::a379, version 240, dtsn 240, rank 257
1789972144.366974;m3-213;[INFO: RPL       ] sending a unicast-DIO with rank 257 to fe80::b369
1789972144.367009;m3-213;[INFO: RPL       ] packet sent to 0200.0000.0000.b369, status 0, tx 1, new link metric 200
1789972144.523922;m3-221;[INFO: RPL       ] probing fe80::b481  last tx 2 min ago
1789972144.523970;m3-221;[INFO: RPL       ] sending a unicast-DIO with rank 256 to fe80::b481
1789972144.523994;m3-221;[INFO: RPL       ] packet sent to 0200.0000.0000.b481, status 0, tx 1, new link metric 182
1789972144.529710;m3-219;[INFO: RPL       ] received a unicast-DIO from fe80::9981, instance_id 0, DAG ID fd00::a379, version 240, dtsn 240, rank 256
1789972145.083891;m3-221;[INFO: App       ] Sending request 26 to fd00::a379
1789972145.083944;m3-221;[INFO: RPL       ] creating hop-by-hop option
1789972145.099812;m3-221;[INFO: RPL       ] packet sent to 0200.0000.0000.a379, status 0, tx 1, new link metric 128
1789972145.101991;m3-207;[INFO: RPL       ] ext hdr: packet from fd00::9981 to fd00::a379 going up, sender closer 0 (256 < 128), rank error 0, loop detected 0
1789972145.102030;m3-207;[INFO: RPL       ] ext hdr: packet from fd00::9981 to fd00::a379 going up, sender closer 0 (256 < 128), rank error 0, loop detected 0
1789972145.102055;m3-207;[INFO: App       ] Received request 'hello 26' from fd00::9981
1789972145.102076;m3-207;[INFO: App       ] Sending response.
1789972145.102095;m3-207;[INFO: RPL       ] SRH creating source routing header with destination fd00::9981 
1789972145.117537;m3-207;[INFO: RPL       ] SRH path len: 0, ComprI 15, ComprE 15, ext len 8 (padding 0)
1789972145.131837;m3-221;[INFO: App       ] Received response 'hello 26' from fd00::a379
1789972145.133503;m3-207;[INFO: RPL       ] packet sent to 0200.0000.0000.9981, status 0, tx 1, new link metric 128
1789972145.313493;m3-219;[INFO: App       ] Sending request 27 to fd00::a379
1789972145.313557;m3-219;[INFO: RPL       ] creating hop-by-hop option
1789972145.345404;m3-219;[INFO: RPL       ] packet sent to 0200.0000.0000.a379, status 0, tx 1, new link metric 128
1789972145.354118;m3-207;[INFO: RPL       ] ext hdr: packet from fd00::b481 to fd00::a379 going up, sender closer 0 (256 < 128), rank error 0, loop detected 0
1789972145.354170;m3-207;[INFO: RPL       ] ext hdr: packet from fd00::b481 to fd00::a379 going up, sender closer 0 (256 < 128), rank error 0, loop detected 0
1789972145.354195;m3-207;[INFO: App       ] Received request 'hello 27' from fd00::b481
1789972145.354215;m3-207;[INFO: App       ] Sending response.
1789972145.354233;m3-207;[INFO: RPL       ] SRH creating source routing header with destination fd00::b481 
1789972145.361354;m3-219;[INFO: App       ] Received response 'hello 27' from fd00::a379
1789972145.369493;m3-207;[INFO: RPL       ] SRH path len: 0, ComprI 15, ComprE 15, ext len 8 (padding 0)
1789972145.369528;m3-207;[INFO: RPL       ] packet sent to 0200.0000.0000.b481, status 0, tx 1, new link metric 128
1789972145.513415;m3-217;[INFO: App       ] Sending request 26 to fd00::a379
1789972145.513458;m3-217;[INFO: RPL       ] creating hop-by-hop option
1789972145.545550;m3-207;[INFO: RPL       ] ext hdr: packet from fd00::9871 to fd00::a379 going up, sender closer 0 (256 < 128), rank error 0, loop detected 0
1789972145.557944;m3-217;[INFO: RPL       ] packet sent to 0200.0000.0000.a379, status 0, tx 1, new link metric 128
1789972145.561554;m3-207;[INFO: RPL       ] ext hdr: packet from fd00::9871 to fd00::a379 going up, sender closer 0 (256 < 128), rank error 0, loop detected 0
1789972145.561590;m3-207;[INFO: App       ] Received request 'hello 26' from fd00::9871
1789972145.561613;m3-207;[INFO: App       ] Sending response.
1789972145.561632;m3-207;[INFO: RPL       ] SRH creating source routing header with destination fd00::9871 
1789972145.561652;m3-207;[INFO: RPL       ] SRH path len: 0, ComprI 15, ComprE 15, ext len 8 (padding 0)
1789972145.562128;m3-215;[INFO: App       ] Sending request 27 to fd00::a379
1789972145.562159;m3-215;[INFO: RPL       ] creating hop-by-hop option
1789972145.589917;m3-217;[INFO: App       ] Received response 'hello 26' from fd00::a379
1789972145.593475;m3-207;[INFO: RPL       ] packet sent to 0200.0000.0000.9871, status 0, tx 1, new link metric 128
1789972145.625612;m3-207;[INFO: RPL       ] ext hdr: packet from fd00::9175 to fd00::a379 going up, sender closer 0 (256 < 128), rank error 0, loop detected 0
1789972145.625650;m3-207;[INFO: RPL       ] ext hdr: packet from fd00::9175 to fd00::a379 going up, sender closer 0 (256 < 128), rank error 0, loop detected 0
1789972145.625674;m3-207;[INFO: App       ] Received request 'hello 27' from fd00::9175
1789972145.625695;m3-207;[INFO: App       ] Sending response.
1789972145.625714;m3-207;[INFO: RPL       ] SRH creating source routing header with destination fd00::9175 
1789972145.625966;m3-215;[INFO: RPL       ] packet sent to 0200.0000.0000.a379, status 0, tx 1, new link metric 128
1789972145.641446;m3-207;[INFO: RPL       ] SRH path len: 0, ComprI 15, ComprE 15, ext len 8 (padding 0)
1789972145.673447;m3-207;[INFO: RPL       ] packet sent to 0200.0000.0000.9175, status 0, tx 1, new link metric 128
1789972145.673896;m3-215;[INFO: App       ] Received response 'hello 27' from fd00::a379
1789972147.202743;m3-218;[INFO: App       ] Sending request 27 to fd00::a379
1789972147.202836;m3-218;[INFO: RPL       ] creating hop-by-hop option
1789972147.250485;m3-218;[INFO: RPL       ] packet sent to 0200.0000.0000.a379, status 0, tx 1, new link metric 128
1789972147.257060;m3-207;[INFO: RPL       ] ext hdr: packet from fd00::b582 to fd00::a379 going up, sender closer 0 (256 < 128), rank error 0, loop detected 0
1789972147.257115;m3-207;[INFO: RPL       ] ext hdr: packet from fd00::b582 to fd00::a379 going up, sender closer 0 (256 < 128), rank error 0, loop detected 0
1789972147.257140;m3-207;[INFO: App       ] Received request 'hello 27' from fd00::b582
1789972147.257160;m3-207;[INFO: App       ] Sending response.
1789972147.257179;m3-207;[INFO: RPL       ] SRH creating source routing header with destination fd00::b582 
1789972147.257198;m3-207;[INFO: RPL       ] SRH path len: 0, ComprI 15, ComprE 15, ext len 8 (padding 0)
1789972147.266432;m3-218;[INFO: App       ] Received response 'hello 27' from fd00::a379
1789972147.272221;m3-207;[INFO: RPL       ] packet sent to 0200.0000.0000.b582, status 0, tx 1, new link metric 128
1789972148.739870;m3-211;[INFO: App       ] Sending request 28 to fd00::a379
1789972148.739926;m3-211;[INFO: RPL       ] creating hop-by-hop option
1789972148.803614;m3-211;[INFO: RPL       ] packet sent to 0200.0000.0000.a379, status 0, tx 1, new link metric 128
1789972148.808163;m3-207;[INFO: RPL       ] ext hdr: packet from fd00::8875 to fd00::a379 going up, sender closer 0 (256 < 128), rank error 0, loop detected 0
1789972148.808204;m3-207;[INFO: RPL       ] ext hdr: packet from fd00::8875 to fd00::a379 going up, sender closer 0 (256 < 128), rank error 0, loop detected 0
1789972148.808230;m3-207;[INFO: App       ] Received request 'hello 28' from fd00::8875
1789972148.808250;m3-207;[INFO: App       ] Sending response.
1789972148.808269;m3-207;[INFO: RPL       ] SRH creating source routing header with destination fd00::8875 
1789972148.808288;m3-207;[INFO: RPL       ] SRH path len: 0, ComprI 15, ComprE 15, ext len 8 (padding 0)
1789972148.808311;m3-207;[INFO: RPL       ] packet sent to 0200.0000.0000.8875, status 0, tx 1, new link metric 128
1789972148.819571;m3-211;[INFO: App       ] Received response 'hello 28' from fd00::a379
1789972149.368777;m3-209;[INFO: App       ] Sending request 27 to fd00::a379
1789972149.384530;m3-209;[INFO: RPL       ] creating hop-by-hop option
1789972149.432424;m3-209;[INFO: RPL       ] packet sent to 0200.0000.0000.a379, status 0, tx 1, new link metric 137
1789972149.448212;m3-207;[INFO: RPL       ] ext hdr: packet from fd00::b379 to fd00::a379 going up, sender closer 0 (266 < 128), rank error 0, loop detected 0
1789972149.448266;m3-207;[INFO: RPL       ] ext hdr: packet from fd00::b379 to fd00::a379 going up, sender closer 0 (266 < 128), rank error 0, loop detected 0
1789972149.448292;m3-207;[INFO: App       ] Received request 'hello 27' from fd00::b379
1789972149.448312;m3-207;[INFO: App       ] Sending response.
1789972149.448330;m3-207;[INFO: RPL       ] SRH creating source routing header with destination fd00::b379 
1789972149.448350;m3-207;[INFO: RPL       ] SRH path len: 0, ComprI 15, ComprE 15, ext len 8 (padding 0)
1789972149.512081;m3-207;[INFO: RPL       ] packet sent to 0200.0000.0000.b379, status 0, tx 1, new link metric 128
1789972149.512408;m3-209;[INFO: App       ] Received response 'hello 27' from fd00::a379
1789972149.943294;m3-216;[INFO: App       ] Sending request 28 to fd00::a379
1789972149.943345;m3-216;[INFO: RPL       ] creating hop-by-hop option
1789972149.973102;m3-207;[INFO: RPL       ] ext hdr: packet from fd00::b369 to fd00::a379 going up, sender closer 0 (256 < 128), rank error 0, loop detected 0
1789972149.973163;m3-207;[INFO: RPL       ] ext hdr: packet from fd00::b369 to fd00::a379 going up, sender closer 0 (256 < 128), rank error 0, loop detected 0
1789972149.973189;m3-207;[INFO: App       ] Received request 'hello 28' from fd00::b369
1789972149.973210;m3-207;[INFO: App       ] Sending response.
1789972149.973228;m3-207;[INFO: RPL       ] SRH creating source routing header with destination fd00::b369 
1789972149.975100;m3-216;[INFO: RPL       ] packet sent to 0200.0000.0000.a379, status 0, tx 1, new link metric 128
1789972149.988067;m3-207;[INFO: RPL       ] SRH path len: 0, ComprI 15, ComprE 15, ext len 8 (padding 0)
1789972149.988099;m3-207;[INFO: RPL       ] packet sent to 0200.0000.0000.b369, status 0, tx 1, new link metric 128
1789972149.991050;m3-216;[INFO: App       ] Received response 'hello 28' from fd00::a379
1789972150.078563;m3-213;[INFO: App       ] Sending request 28 to fd00::a379
1789972150.078605;m3-213;[INFO: RPL       ] creating hop-by-hop option
1789972150.110240;m3-213;[INFO: RPL       ] packet sent to 0200.0000.0000.a379, status 0, tx 1, new link metric 128
1789972150.116117;m3-207;[INFO: RPL       ] ext hdr: packet from fd00::8472 to fd00::a379 going up, sender closer 0 (257 < 128), rank error 0, loop detected 0
1789972150.116168;m3-207;[INFO: RPL       ] ext hdr: packet from fd00::8472 to fd00::a379 going up, sender closer 0 (257 < 128), rank error 0, loop detected 0
1789972150.116193;m3-207;[INFO: App       ] Received request 'hello 28' from fd00::8472
1789972150.116213;m3-207;[INFO: App       ] Sending response.
1789972150.132042;m3-207;[INFO: RPL       ] SRH creating source routing header with destination fd00::8472 
1789972150.132074;m3-207;[INFO: RPL       ] SRH path len: 0, ComprI 15, ComprE 15, ext len 8 (padding 0)
1789972150.165395;m3-207;[INFO: RPL       ] packet sent to 0200.0000.0000.8472, status 0, tx 1, new link metric 129
1789972150.174403;m3-213;[INFO: App       ] Received response 'hello 28' from fd00::a379
1789972151.116829;m3-214;[INFO: App       ] Sending request 27 to fd00::a379
1789972151.116887;m3-214;[INFO: RPL       ] creating hop-by-hop option
1789972151.124085;m3-207;[INFO: RPL       ] ext hdr: packet from fd00::9567 to fd00::a379 going up, sender closer 0 (256 < 128), rank error 0, loop detected 0
1789972151.132625;m3-214;[INFO: RPL       ] packet sent to 0200.0000.0000.a379, status 0, tx 1, new link metric 128
1789972151.139984;m3-207;[INFO: RPL       ] ext hdr: packet from fd00::9567 to fd00::a379 going up, sender closer 0 (256 < 128), rank error 0, loop detected 0
1789972151.140021;m3-207;[INFO: App       ] Received request 'hello 27' from fd00::9567
1789972151.140044;m3-207;[INFO: App       ] Sending response.
1789972151.140064;m3-207;[INFO: RPL       ] SRH creating source routing header with destination fd00::9567 
1789972151.140083;m3-207;[INFO: RPL       ] SRH path len: 0, ComprI 15, ComprE 15, ext len 8 (padding 0)
1789972151.140118;m3-207;[INFO: RPL       ] packet sent to 0200.0000.0000.9567, status 0, tx 1, new link metric 128
1789972151.141510;m3-210;[INFO: RPL       ] probing fe80::b369  last tx 0 min ago
1789972151.148744;m3-214;[INFO: App       ] Received response 'hello 27' from fd00::a379
1789972151.157447;m3-210;[INFO: RPL       ] sending a unicast-DIO with rank 256 to fe80::b369
1789972151.157480;m3-210;[INFO: RPL       ] packet sent to 0200.0000.0000.b369, status 0, tx 1, new link metric 182
1789972151.159077;m3-216;[INFO: RPL       ] received a unicast-DIO from fe80::c081, instance_id 0, DAG ID fd00::a379, version 240, dtsn 240, rank 256
1789972151.301320;m3-210;[INFO: App       ] Sending request 27 to fd00::a379
1789972151.301373;m3-210;[INFO: RPL       ] creating hop-by-hop option
1789972151.344511;m3-207;[INFO: RPL       ] ext hdr: packet from fd00::c081 to fd00::a379 going up, sender closer 0 (256 < 128), rank error 0, loop detected 0
1789972151.344565;m3-207;[INFO: RPL       ] ext hdr: packet from fd00::c081 to fd00::a379 going up, sender closer 0 (256 < 128), rank error 0, loop detected 0
1789972151.344591;m3-207;[INFO: App       ] Received request 'hello 27' from fd00::c081
1789972151.344612;m3-207;[INFO: App       ] Sending response.
1789972151.344630;m3-207;[INFO: RPL       ] SRH creating source routing header with destination fd00::c081 
1789972151.349267;m3-210;[INFO: RPL       ] packet sent to 0200.0000.0000.a379, status 0, tx 1, new link metric 128
1789972151.359930;m3-207;[INFO: RPL       ] SRH path len: 0, ComprI 15, ComprE 15, ext len 8 (padding 0)
1789972151.359962;m3-207;[INFO: RPL       ] packet sent to 0200.0000.0000.c081, status 0, tx 1, new link metric 128
1789972151.365247;m3-210;[INFO: App       ] Received response 'hello 27' from fd00::a379
1789972151.553185;m3-212;[INFO: App       ] Sending request 27 to fd00::a379
1789972151.553244;m3-212;[INFO: RPL       ] creating hop-by-hop option
1789972151.585531;m3-207;[INFO: RPL       ] ext hdr: packet from fd00::b280 to fd00::a379 going up, sender closer 0 (256 < 128), rank error 0, loop detected 0
1789972151.585737;m3-212;[INFO: RPL       ] packet sent to 0200.0000.0000.a379, status 0, tx 1, new link metric 128
1789972151.599850;m3-207;[INFO: RPL       ] ext hdr: packet from fd00::b280 to fd00::a379 going up, sender closer 0 (256 < 128), rank error 0, loop detected 0
1789972151.599899;m3-207;[INFO: App       ] Received request 'hello 27' from fd00::b280
1789972151.599924;m3-207;[INFO: App       ] Sending response.
1789972151.599951;m3-207;[INFO: RPL       ] SRH creating source routing header with destination fd00::b280 
1789972151.599971;m3-207;[INFO: RPL       ] SRH path len: 0, ComprI 15, ComprE 15, ext len 8 (padding 0)
1789972151.631854;m3-207;[INFO: RPL       ] packet sent to 0200.0000.0000.b280, status 0, tx 1, new link metric 128
1789972151.632830;m3-212;[INFO: App       ] Received response 'hello 27' from fd00::a379
1789972151.820411;m3-220;[INFO: App       ] Sending request 28 to fd00::a379
1789972151.820457;m3-220;[INFO: RPL       ] creating hop-by-hop option
1789972151.855896;m3-207;[INFO: RPL       ] ext hdr: packet from fd00::2160 to fd00::a379 going up, sender closer 0 (256 < 128), rank error 0, loop detected 0
1789972151.868021;m3-220;[INFO: RPL       ] packet sent to 0200.0000.0000.a379, status 0, tx 1, new link metric 128
1789972151.868057;m3-220;[INFO: App       ] Received response 'hello 28' from fd00::a379
1789972151.871918;m3-207;[INFO: RPL       ] ext hdr: packet from fd00::2160 to fd00::a379 going up, sender closer 0 (256 < 128), rank error 0, loop detected 0
1789972151.871953;m3-207;[INFO: App       ] Received request 'hello 28' from fd00::2160
1789972151.871975;m3-207;[INFO: App       ] Sending response.
1789972151.871995;m3-207;[INFO: RPL       ] SRH creating source routing header with destination fd00::2160 
1789972151.872015;m3-207;[INFO: RPL       ] SRH path len: 0, ComprI 15, ComprE 15, ext len 8 (padding 0)
1789972151.872051;m3-207;[INFO: RPL       ] packet sent to 0200.0000.0000.2160, status 0, tx 1, new link metric 128
1789972152.090942;m3-208;[INFO: App       ] Sending request 28 to fd00::a379
1789972152.091004;m3-208;[INFO: RPL       ] creating hop-by-hop option
1789972152.154729;m3-208;[INFO: RPL       ] packet sent to 0200.0000.0000.a379, status 0, tx 1, new link metric 137
1789972152.159898;m3-207;[INFO: RPL       ] ext hdr: packet from fd00::9076 to fd00::a379 going up, sender closer 0 (266 < 128), rank error 0, loop detected 0
1789972152.159949;m3-207;[INFO: RPL       ] ext hdr: packet from fd00::9076 to fd00::a379 going up, sender closer 0 (266 < 128), rank error 0, loop detected 0
1789972152.159974;m3-207;[INFO: App       ] Received request 'hello 28' from fd00::9076
1789972152.159994;m3-207;[INFO: App       ] Sending response.
1789972152.160012;m3-207;[INFO: RPL       ] SRH creating source routing header with destination fd00::9076 
1789972152.160031;m3-207;[INFO: RPL       ] SRH path len: 0, ComprI 15, ComprE 15, ext len 8 (padding 0)
1789972152.202608;m3-208;[INFO: App       ] Received response 'hello 28' from fd00::a379
1789972152.207961;m3-207;[INFO: RPL       ] packet sent to 0200.0000.0000.9076, status 0, tx 1, new link metric 128
1789972154.762869;m3-221;[INFO: App       ] Sending request 27 to fd00::a379
1789972154.762946;m3-221;[INFO: RPL       ] creating hop-by-hop option
1789972154.778833;m3-221;[INFO: RPL       ] packet sent to 0200.0000.0000.a379, status 0, tx 1, new link metric 128
1789972154.781551;m3-207;[INFO: RPL       ] ext hdr: packet from fd00::9981 to fd00::a379 going up, sender closer 0 (256 < 128), rank error 0, loop detected 0
1789972154.781587;m3-207;[INFO: RPL       ] ext hdr: packet from fd00::9981 to fd00::a379 going up, sender closer 0 (256 < 128), rank error 0, loop detected 0
1789972154.781612;m3-207;[INFO: App       ] Received request 'hello 27' from fd00::9981
1789972154.781632;m3-207;[INFO: App       ] Sending response.
1789972154.781651;m3-207;[INFO: RPL       ] SRH creating source routing header with destination fd00::9981 
1789972154.797389;m3-207;[INFO: RPL       ] SRH path len: 0, ComprI 15, ComprE 15, ext len 8 (padding 0)
1789972154.826805;m3-221;[INFO: App       ] Received response 'hello 27' from fd00::a379
1789972154.828408;m3-207;[INFO: RPL       ] packet sent to 0200.0000.0000.9981, status 0, tx 1, new link metric 128
1789972155.225110;m3-215;[INFO: RPL       ] nbr: own state, addr fd00::9175, DAG state: reachable, MOP 1 OCP 1 rank 256 max-rank 1280, dioint 18, nbr count 14 (Periodic)
1789972155.225169;m3-215;[INFO: RPL       ] nbr: fe80::a379  128,   128 =>   256 -- 16 rbafp (last tx 0 min ago)
1789972155.226577;m3-208;[INFO: RPL       ] nbr: own state, addr fd00::9076, DAG state: reachable, MOP 1 OCP 1 rank 265 max-rank 1285, dioint 18, nbr count 14 (Periodic)
1789972155.226791;m3-221;[INFO: RPL       ] nbr: own state, addr fd00::9981, DAG state: reachable, MOP 1 OCP 1 rank 256 max-rank 1280, dioint 18, nbr count 14 (Periodic)
1789972155.227911;m3-220;[INFO: RPL       ] nbr: own state, addr fd00::2160, DAG state: reachable, MOP 1 OCP 1 rank 256 max-rank 1280, dioint 18, nbr count 14 (Periodic)
1789972155.228373;m3-214;[INFO: RPL       ] nbr: own state, addr fd00::9567, DAG state: reachable, MOP 1 OCP 1 rank 256 max-rank 1280, dioint 18, nbr count 14 (Periodic)
1789972155.228406;m3-214;[INFO: RPL       ] nbr: fe80::a379  128,   128 =>   256 -- 16 rbafp (last tx 0 min ago)
1789972155.228576;m3-207;[INFO: RPL       ] nbr: own state, addr fd00::a379, DAG state: reachable, MOP 1 OCP 1 rank 128 max-rank 65535, dioint 18, nbr count 14 (Periodic)
1789972155.228610;m3-207;[INFO: RPL       ] nbr: fe80::b481  256,   128 =>   384 -- 16   af  (last tx 0 min ago)
1789972155.230038;m3-213;[INFO: RPL       ] nbr: own state, addr fd00::8472, DAG state: reachable, MOP 1 OCP 1 rank 256 max-rank 1280, dioint 18, nbr count 14 (Periodic)
1789972155.230083;m3-213;[INFO: RPL       ] nbr: fe80::a379  128,   128 =>   256 -- 16 rbafp (last tx 0 min ago)
1789972155.232729;m3-219;[INFO: RPL       ] nbr: own state, addr fd00::b481, DAG state: reachable, MOP 1 OCP 1 rank 256 max-rank 1280, dioint 18, nbr count 14 (Periodic)
1789972155.232765;m3-219;[INFO: RPL       ] nbr: fe80::a379  128,   128 =>   256 -- 16 rbafp (last tx 0 min ago)
1789972155.232791;m3-212;[INFO: RPL       ] nbr: own state, addr fd00::b280, DAG state: reachable, MOP 1 OCP 1 rank 256 max-rank 1280, dioint 18, nbr count 14 (Periodic)
1789972155.232814;m3-212;[INFO: RPL       ] nbr: fe80::a379  128,   128 =>   256 -- 16 rbafp (last tx 0 min ago)
1789972155.233726;m3-218;[INFO: RPL       ] nbr: own state, addr fd00::b582, DAG state: reachable, MOP 1 OCP 1 rank 256 max-rank 1280, dioint 18, nbr count 14 (Periodic)
1789972155.233761;m3-218;[INFO: RPL       ] nbr: fe80::a379  128,   128 =>   256 -- 16 rbafp (last tx 0 min ago)
1789972155.235100;m3-211;[INFO: RPL       ] nbr: own state, addr fd00::8875, DAG state: reachable, MOP 1 OCP 1 rank 256 max-rank 1280, dioint 18, nbr count 14 (Periodic)
1789972155.235134;m3-211;[INFO: RPL       ] nbr: fe80::a379  128,   128 =>   256 -- 16 rbafp (last tx 0 min ago)
1789972155.235157;m3-211;[INFO: RPL       ] nbr: fe80::b369  256,   224 =>   480 --  1   a   (last tx 1 min ago)
1789972155.236964;m3-210;[INFO: RPL       ] nbr: own state, addr fd00::c081, DAG state: reachable, MOP 1 OCP 1 rank 256 max-rank 1280, dioint 18, nbr count 14 (Periodic)
1789972155.236995;m3-210;[INFO: RPL       ] nbr: fe80::a379  128,   128 =>   256 -- 16 rbafp (last tx 0 min ago)
1789972155.237016;m3-210;[INFO: RPL       ] nbr: fe80::b369  256,   182 =>   438 --  3   a   (last tx 0 min ago)
1789972155.237201;m3-217;[INFO: RPL       ] nbr: own state, addr fd00::9871, DAG state: reachable, MOP 1 OCP 1 rank 256 max-rank 1280, dioint 18, nbr count 14 (Periodic)
1789972155.237238;m3-217;[INFO: RPL       ] nbr: fe80::a379  128,   128 =>   256 -- 16 rbafp (last tx 0 min ago)
1789972155.237260;m3-217;[INFO: RPL       ] nbr: fe80::b369  256,   200 =>   456 --  2   a   (last tx 1 min ago)
1789972155.241368;m3-216;[INFO: RPL       ] nbr: own state, addr fd00::b369, DAG state: reachable, MOP 1 OCP 1 rank 256 max-rank 1280, dioint 18, nbr count 14 (Periodic)
1789972155.241407;m3-216;[INFO: RPL       ] nbr: fe80::a379  128,   128 =>   256 -- 16 rbafp (last tx 0 min ago)
1789972155.241430;m3-216;[INFO: RPL       ] nbr: fe80::b379  258,   200 =>   458 --  2   a   (last tx 2 min ago)
1789972155.241455;m3-209;[INFO: RPL       ] nbr: own state, addr fd00::b379, DAG state: reachable, MOP 1 OCP 1 rank 265 max-rank 1280, dioint 18, nbr count 14 (Periodic)
1789972155.241478;m3-209;[INFO: RPL       ] nbr: fe80::a379  128,   137 =>   265 -- 16 rbafp (last tx 0 min ago)
1789972155.241497;m3-209;[INFO: RPL       ] nbr: fe80::b369  256,   224 =>   480 --  1   a   (last tx 2 min ago)
1789972155.241520;m3-215;[INFO: RPL       ] nbr: fe80::b369  256,   224 =>   480 --  1   a   (last tx 0 min ago)
1789972155.241540;m3-215;[INFO: RPL       ] nbr: fe80::b379  256,   256 =>   512 --  0   a   (no tx)
1789972155.241567;m3-215;[INFO: RPL       ] nbr: fe80::b481  256,   256 =>   512 --  0   a   (no tx)
1789972155.242321;m3-208;[INFO: RPL       ] nbr: fe80::a379  128,   137 =>   265 -- 16 rbafp (last tx 0 min ago)
1789972155.242353;m3-208;[INFO: RPL       ] nbr: fe80::b369  256,   224 =>   480 --  1   a   (last tx 0 min ago)
1789972155.242375;m3-208;[INFO: RPL       ] nbr: fe80::b379  258,   256 =>   514 --  0   a   (no tx)
1789972155.242670;m3-221;[INFO: RPL       ] nbr: fe80::a379  128,   128 =>   256 -- 16 rbafp (last tx 0 min ago)
1789972155.242701;m3-221;[INFO: RPL       ] nbr: fe80::b369  256,   256 =>   512 --  0   a   (no tx)
1789972155.242723;m3-221;[INFO: RPL       ] nbr: fe80::b379  258,   256 =>   514 --  0   a   (no tx)
1789972155.243759;m3-220;[INFO: RPL       ] nbr: fe80::a379  128,   128 =>   256 -- 16 rbafp (last tx 0 min ago)
1789972155.243789;m3-220;[INFO: RPL       ] nbr: fe80::b369  256,   224 =>   480 --  1   a   (last tx 1 min ago)
1789972155.243811;m3-220;[INFO: RPL       ] nbr: fe80::b379  258,   256 =>   514 --  0   a   (no tx)
1789972155.244183;m3-214;[INFO: RPL       ] nbr: fe80::b369  256,   256 =>   512 --  0   a   (no tx)
1789972155.244211;m3-214;[INFO: RPL       ] nbr: fe80::b379  258,   256 =>   514 --  0   a   (no tx)
1789972155.244233;m3-214;[INFO: RPL       ] nbr: fe80::9175  256,   256 =>   512 --  0   a   (no tx)
1789972155.244471;m3-207;[INFO: RPL       ] nbr: fe80::b379  258,   128 =>   386 -- 16   af  (last tx 0 min ago)
1789972155.244501;m3-207;[INFO: RPL       ] nbr: fe80::2160  256,   128 =>   384 -- 16   af  (last tx 0 min ago)
1789972155.245840;m3-213;[INFO: RPL       ] nbr: fe80::b369  256,   200 =>   456 --  2   a   (last tx 0 min ago)
1789972155.245872;m3-213;[INFO: RPL       ] nbr: fe80::b379  258,   256 =>   514 --  0   a   (no tx)
1789972155.245893;m3-213;[INFO: RPL       ] nbr: fe80::9175  256,   256 =>   512 --  0   a   (no tx)
1789972155.248534;m3-219;[INFO: RPL       ] nbr: fe80::b369  256,   200 =>   456 --  2   a   (last tx 1 min ago)
1789972155.248566;m3-219;[INFO: RPL       ] nbr: fe80::b379  258,   256 =>   514 --  0   a   (no tx)
1789972155.248587;m3-219;[INFO: RPL       ] nbr: fe80::9175  256,   256 =>   512 --  0   a   (no tx)
1789972155.248610;m3-212;[INFO: RPL       ] nbr: fe80::b369  256,   200 =>   456 --  2   a   (last tx 1 min ago)
1789972155.248630;m3-212;[INFO: RPL       ] nbr: fe80::b379  258,   256 =>   514 --  0   a   (no tx)
1789972155.248665;m3-212;[INFO: RPL       ] nbr: fe80::9175  256,   256 =>   512 --  0   a   (no tx)
1789972155.249518;m3-218;[INFO: RPL       ] nbr: fe80::b369  256,   224 =>   480 --  1   a   (last tx 0 min ago)
1789972155.249550;m3-218;[INFO: RPL       ] nbr: fe80::b379  258,   256 =>   514 --  0   a   (no tx)
1789972155.249572;m3-218;[INFO: RPL       ] nbr: fe80::9175  256,   224 =>   480 --  1   a   (last tx 2 min ago)
1789972155.250951;m3-211;[INFO: RPL       ] nbr: fe80::b379  258,   256 =>   514 --  0   a   (no tx)
1789972155.250982;m3-211;[INFO: RPL       ] nbr: fe80::9175  256,   256 =>   512 --  0   a   (no tx)
1789972155.251004;m3-211;[INFO: RPL       ] nbr: fe80::b481  256,   200 =>   456 --  2   a   (last tx 1 min ago)
1789972155.252826;m3-210;[INFO: RPL       ] nbr: fe80::b379  258,   256 =>   514 --  0   a   (no tx)
1789972155.252855;m3-210;[INFO: RPL       ] nbr: fe80::9175  256,   256 =>   512 --  0   a   (no tx)
1789972155.252875;m3-210;[INFO: RPL       ] nbr: fe80::b481  256,   256 =>   512 --  0   a   (no tx)
1789972155.252944;m3-217;[INFO: RPL       ] nbr: fe80::b379  258,   256 =>   514 --  0   a   (no tx)
1789972155.252985;m3-217;[INFO: RPL       ] nbr: fe80::9175  256,   256 =>   512 --  0   a   (no tx)
1789972155.253005;m3-217;[INFO: RPL       ] nbr: fe80::b481  256,   256 =>   512 --  0   a   (no tx)
1789972155.254534;m3-216;[INFO: RPL       ] nbr: fe80::9175  256,   224 =>   480 --  1   a   (last tx 1 min ago)
1789972155.254567;m3-216;[INFO: RPL       ] nbr: fe80::b481  256,   256 =>   512 --  0   a   (no tx)
1789972155.254588;m3-216;[INFO: RPL       ] nbr: fe80::2160  256,   256 =>   512 --  0   a   (no tx)
1789972155.255869;m3-209;[INFO: RPL       ] nbr: fe80::9175  256,   224 =>   480 --  1   a   (last tx 0 min ago)
1789972155.255899;m3-209;[INFO: RPL       ] nbr: fe80::b481  256,   256 =>   512 --  0   a   (no tx)
1789972155.255919;m3-209;[INFO: RPL       ] nbr: fe80::2160  256,   256 =>   512 --  0   a   (no tx)
1789972155.255939;m3-209;[INFO: RPL       ] nbr: fe80::8472  262,   256 =>   518 --  0   a   (no tx)
1789972155.256862;m3-215;[INFO: RPL       ] nbr: fe80::2160  256,   200 =>   456 --  2   a   (last tx 2 min ago)
1789972155.256890;m3-215;[INFO: RPL       ] nbr: fe80::8472  262,   256 =>   518 --  0   a   (no tx)
1789972155.256913;m3-215;[INFO: RPL       ] nbr: fe80::9567  256,   256 =>   512 --  0   a   (no tx)
1789972155.258375;m3-208;[INFO: RPL       ] nbr: fe80::9175  256,   256 =>   512 --  0   a   (no tx)
1789972155.258423;m3-208;[INFO: RPL       ] nbr: fe80::b481  256,   200 =>   456 --  2   a   (last tx 1 min ago)
1789972155.258464;m3-208;[INFO: RPL       ] nbr: fe80::2160  256,   256 =>   512 --  0   a   (no tx)
1789972155.258634;m3-221;[INFO: RPL       ] nbr: fe80::9175  256,   256 =>   512 --  0   a   (no tx)
1789972155.258665;m3-221;[INFO: RPL       ] nbr: fe80::b481  256,   182 =>   438 --  3   a   (last tx 0 min ago)
1789972155.258687;m3-221;[INFO: RPL       ] nbr: fe80::2160  256,   256 =>   512 --  0   a   (no tx)
1789972155.259716;m3-220;[INFO: RPL       ] nbr: fe80::9175  256,   256 =>   512 --  0   a   (no tx)
1789972155.259746;m3-220;[INFO: RPL       ] nbr: fe80::b481  256,   256 =>   512 --  0   a   (no tx)
1789972155.259767;m3-220;[INFO: RPL       ] nbr: fe80::8472  262,   256 =>   518 --  0   a   (no tx)
1789972155.260128;m3-214;[INFO: RPL       ] nbr: fe80::b481  256,   200 =>   456 --  2   a   (last tx 1 min ago)
1789972155.260158;m3-214;[INFO: RPL       ] nbr: fe80::2160  256,   256 =>   512 --  0   a   (no tx)
1789972155.260180;m3-214;[INFO: RPL       ] nbr: fe80::8472  262,   256 =>   518 --  0   a   (no tx)
1789972155.260442;m3-207;[INFO: RPL       ] nbr: fe80::b369  256,   128 =>   384 -- 16   af  (last tx 0 min ago)
1789972155.260471;m3-207;[INFO: RPL       ] nbr: fe80::9076  274,   128 =>   402 -- 16   af  (last tx 0 min ago)
1789972155.260493;m3-207;[INFO: RPL       ] nbr: fe80::9175  256,   128 =>   384 -- 16   af  (last tx 0 min ago)
1789972155.261786;m3-213;[INFO: RPL       ] nbr: fe80::b481  256,   224 =>   480 --  1   a   (last tx 3 min ago)
1789972155.261817;m3-213;[INFO: RPL       ] nbr: fe80::2160  256,   256 =>   512 --  0   a   (no tx)
1789972155.261838;m3-213;[INFO: RPL       ] nbr: fe80::9567  256,   256 =>   512 --  0   a   (no tx)
1789972155.264547;m3-219;[INFO: RPL       ] nbr: fe80::2160  256,   256 =>   512 --  0   a   (no tx)
1789972155.264578;m3-219;[INFO: RPL       ] nbr: fe80::8472  262,   256 =>   518 --  0   a   (no tx)
1789972155.264598;m3-219;[INFO: RPL       ] nbr: fe80::9567  256,   256 =>   512 --  0   a   (no tx)
1789972155.264621;m3-212;[INFO: RPL       ] nbr: fe80::b481  256,   256 =>   512 --  0   a   (no tx)
1789972155.264640;m3-212;[INFO: RPL       ] nbr: fe80::2160  256,   256 =>   512 --  0   a   (no tx)
1789972155.264674;m3-212;[INFO: RPL       ] nbr: fe80::8472  262,   256 =>   518 --  0   a   (no tx)
1789972155.265444;m3-218;[INFO: RPL       ] nbr: fe80::b481  256,   256 =>   512 --  0   a   (no tx)
1789972155.265474;m3-218;[INFO: RPL       ] nbr: fe80::2160  256,   256 =>   512 --  0   a   (no tx)
1789972155.265495;m3-218;[INFO: RPL       ] nbr: fe80::8472  262,   256 =>   518 --  0   a   (no tx)
1789972155.265515;m3-218;[INFO: RPL       ] nbr: fe80::9567  256,   256 =>   512 --  0   a   (no tx)
1789972155.266968;m3-211;[INFO: RPL       ] nbr: fe80::2160  256,   256 =>   512 --  0   a   (no tx)
1789972155.267001;m3-211;[INFO: RPL       ] nbr: fe80::8472  262,   256 =>   518 --  0   a   (no tx)
1789972155.267022;m3-211;[INFO: RPL       ] nbr: fe80::9567  256,   256 =>   512 --  0   a   (no tx)
1789972155.268770;m3-210;[INFO: RPL       ] nbr: fe80::2160  256,   256 =>   512 --  0   a   (no tx)
1789972155.268798;m3-210;[INFO: RPL       ] nbr: fe80::8472  262,   256 =>   518 --  0   a   (no tx)
1789972155.268819;m3-210;[INFO: RPL       ] nbr: fe80::9567  256,   256 =>   512 --  0   a   (no tx)
1789972155.268910;m3-217;[INFO: RPL       ] nbr: fe80::2160  256,   256 =>   512 --  0   a   (no tx)
1789972155.268935;m3-217;[INFO: RPL       ] nbr: fe80::8472  262,   256 =>   518 --  0   a   (no tx)
1789972155.268955;m3-217;[INFO: RPL       ] nbr: fe80::9567  256,   256 =>   512 --  0   a   (no tx)
1789972155.270512;m3-216;[INFO: RPL       ] nbr: fe80::8472  257,   256 =>   513 --  0   a   (no tx)
1789972155.270545;m3-216;[INFO: RPL       ] nbr: fe80::9567  256,   256 =>   512 --  0   a   (no tx)
1789972155.270567;m3-216;[INFO: RPL       ] nbr: fe80::8875  256,   256 =>   512 --  0   a   (no tx)
1789972155.271825;m3-209;[INFO: RPL       ] nbr: fe80::9567  256,   256 =>   512 --  0   a   (no tx)
1789972155.271854;m3-209;[INFO: RPL       ] nbr: fe80::8875  256,   256 =>   512 --  0   a   (no tx)
1789972155.271875;m3-209;[INFO: RPL       ] nbr: fe80::9871  256,   256 =>   512 --  0   a   (no tx)
1789972155.272832;m3-215;[INFO: RPL       ] nbr: fe80::8875  256,   256 =>   512 --  0   a   (no tx)
1789972155.272861;m3-215;[INFO: RPL       ] nbr: fe80::9871  256,   256 =>   512 --  0   a   (no tx)
1789972155.272882;m3-215;[INFO: RPL       ] nbr: fe80::b280  256,   256 =>   512 --  0   a   (no tx)
1789972155.274335;m3-208;[INFO: RPL       ] nbr: fe80::8472  262,   256 =>   518 --  0   a   (no tx)
1789972155.274364;m3-208;[INFO: RPL       ] nbr: fe80::9567  256,   256 =>   512 --  0   a   (no tx)
1789972155.274384;m3-208;[INFO: RPL       ] nbr: fe80::8875  256,   256 =>   512 --  0   a   (no tx)
1789972155.274602;m3-221;[INFO: RPL       ] nbr: fe80::8472  262,   256 =>   518 --  0   a   (no tx)
1789972155.274632;m3-221;[INFO: RPL       ] nbr: fe80::9567  256,   256 =>   512 --  0   a   (no tx)
1789972155.274654;m3-221;[INFO: RPL       ] nbr: fe80::8875  256,   256 =>   512 --  0   a   (no tx)
1789972155.275683;m3-220;[INFO: RPL       ] nbr: fe80::9567  256,   256 =>   512 --  0   a   (no tx)
1789972155.275714;m3-220;[INFO: RPL       ] nbr: fe80::8875  256,   224 =>   480 --  1   a   (last tx 2 min ago)
1789972155.275737;m3-220;[INFO: RPL       ] nbr: fe80::9871  256,   256 =>   512 --  0   a   (no tx)
1789972155.276138;m3-214;[INFO: RPL       ] nbr: fe80::8875  256,   256 =>   512 --  0   a   (no tx)
1789972155.276168;m3-214;[INFO: RPL       ] nbr: fe80::9871  256,   256 =>   512 --  0   a   (no tx)
1789972155.276190;m3-214;[INFO: RPL       ] nbr: fe80::b280  256,   256 =>   512 --  0   a   (no tx)
1789972155.276383;m3-207;[INFO: RPL       ] nbr: fe80::9567  256,   128 =>   384 -- 16   af  (last tx 0 min ago)
1789972155.276413;m3-207;[INFO: RPL       ] nbr: fe80::8472  262,   129 =>   391 -- 16   af  (last tx 0 min ago)
1789972155.277756;m3-213;[INFO: RPL       ] nbr: fe80::8875  256,   256 =>   512 --  0   a   (no tx)
1789972155.277786;m3-213;[INFO: RPL       ] nbr: fe80::9871  256,   256 =>   512 --  0   a   (no tx)
1789972155.277807;m3-213;[INFO: RPL       ] nbr: fe80::b280  256,   256 =>   512 --  0   a   (no tx)
1789972155.280278;m3-219;[INFO: RPL       ] nbr: fe80::8875  256,   256 =>   512 --  0   a   (no tx)
1789972155.280308;m3-219;[INFO: RPL       ] nbr: fe80::9871  256,   256 =>   512 --  0   a   (no tx)
1789972155.280329;m3-219;[INFO: RPL       ] nbr: fe80::b280  256,   256 =>   512 --  0   a   (no tx)
1789972155.280461;m3-212;[INFO: RPL       ] nbr: fe80::9567  256,   256 =>   512 --  0   a   (no tx)
1789972155.280486;m3-212;[INFO: RPL       ] nbr: fe80::8875  256,   256 =>   512 --  0   a   (no tx)
1789972155.280507;m3-212;[INFO: RPL       ] nbr: fe80::9871  256,   256 =>   512 --  0   a   (no tx)
1789972155.281450;m3-218;[INFO: RPL       ] nbr: fe80::8875  256,   256 =>   512 --  0   a   (no tx)
1789972155.281480;m3-218;[INFO: RPL       ] nbr: fe80::9871  256,   256 =>   512 --  0   a   (no tx)
1789972155.281501;m3-218;[INFO: RPL       ] nbr: fe80::b280  256,   256 =>   512 --  0   a   (no tx)
1789972155.282904;m3-211;[INFO: RPL       ] nbr: fe80::9871  256,   256 =>   512 --  0   a   (no tx)
1789972155.282934;m3-211;[INFO: RPL       ] nbr: fe80::b280  256,   256 =>   512 --  0   a   (no tx)
1789972155.282956;m3-211;[INFO: RPL       ] nbr: fe80::9981  257,   256 =>   513 --  0   a   (no tx)
1789972155.284735;m3-210;[INFO: RPL       ] nbr: fe80::8875  256,   256 =>   512 --  0   a   (no tx)
1789972155.284763;m3-210;[INFO: RPL       ] nbr: fe80::9871  256,   256 =>   512 --  0   a   (no tx)
1789972155.284784;m3-210;[INFO: RPL       ] nbr: fe80::b280  256,   256 =>   512 --  0   a   (no tx)
1789972155.284893;m3-217;[INFO: RPL       ] nbr: fe80::8875  256,   256 =>   512 --  0   a   (no tx)
1789972155.284918;m3-217;[INFO: RPL       ] nbr: fe80::b280  256,   256 =>   512 --  0   a   (no tx)
1789972155.284940;m3-217;[INFO: RPL       ] nbr: fe80::9981  257,   256 =>   513 --  0   a   (no tx)
1789972155.286501;m3-216;[INFO: RPL       ] nbr: fe80::9871  256,   256 =>   512 --  0   a   (no tx)
1789972155.286535;m3-216;[INFO: RPL       ] nbr: fe80::b280  256,   256 =>   512 --  0   a   (no tx)
1789972155.286557;m3-216;[INFO: RPL       ] nbr: fe80::9981  257,   256 =>   513 --  0   a   (no tx)
1789972155.287832;m3-209;[INFO: RPL       ] nbr: fe80::b280  256,   256 =>   512 --  0   a   (no tx)
1789972155.287860;m3-209;[INFO: RPL       ] nbr: fe80::9981  257,   256 =>   513 --  0   a   (no tx)
1789972155.287880;m3-209;[INFO: RPL       ] nbr: fe80::9076  274,   256 =>   530 --  0   a   (no tx)
1789972155.288814;m3-215;[INFO: RPL       ] nbr: fe80::9981  257,   256 =>   513 --  0   a   (no tx)
1789972155.288843;m3-215;[INFO: RPL       ] nbr: fe80::9076  274,   256 =>   530 --  0   a   (no tx)
1789972155.288864;m3-215;[INFO: RPL       ] nbr: fe80::c081  258,   256 =>   514 --  0   a   (no tx)
1789972155.290324;m3-208;[INFO: RPL       ] nbr: fe80::9871  256,   256 =>   512 --  0   a   (no tx)
1789972155.290354;m3-208;[INFO: RPL       ] nbr: fe80::b280  256,   256 =>   512 --  0   a   (no tx)
1789972155.290375;m3-208;[INFO: RPL       ] nbr: fe80::9981  257,   256 =>   513 --  0   a   (no tx)
1789972155.290621;m3-221;[INFO: RPL       ] nbr: fe80::9871  256,   256 =>   512 --  0   a   (no tx)
1789972155.290651;m3-221;[INFO: RPL       ] nbr: fe80::b280  256,   256 =>   512 --  0   a   (no tx)
1789972155.290673;m3-221;[INFO: RPL       ] nbr: fe80::9076  274,   256 =>   530 --  0   a   (no tx)
1789972155.291670;m3-220;[INFO: RPL       ] nbr: fe80::b280  256,   256 =>   512 --  0   a   (no tx)
1789972155.291700;m3-220;[INFO: RPL       ] nbr: fe80::9981  257,   256 =>   513 --  0   a   (no tx)
1789972155.291722;m3-220;[INFO: RPL       ] nbr: fe80::9076  274,   256 =>   530 --  0   a   (no tx)
1789972155.292090;m3-214;[INFO: RPL       ] nbr: fe80::9981  257,   256 =>   513 --  0   a   (no tx)
1789972155.292120;m3-214;[INFO: RPL       ] nbr: fe80::9076  274,   256 =>   530 --  0   a   (no tx)
1789972155.292141;m3-214;[INFO: RPL       ] nbr: fe80::c081  258,   256 =>   514 --  0   a   (no tx)
1789972155.292389;m3-207;[INFO: RPL       ] nbr: fe80::9981  257,   128 =>   385 -- 16   af  (last tx 0 min ago)
1789972155.292418;m3-207;[INFO: RPL       ] nbr: fe80::b582  256,   128 =>   384 -- 16   af  (last tx 0 min ago)
1789972155.292440;m3-207;[INFO: RPL       ] nbr: fe80::8875  256,   128 =>   384 -- 16   af  (last tx 0 min ago)
1789972155.293745;m3-213;[INFO: RPL       ] nbr: fe80::9981  257,   256 =>   513 --  0   a   (no tx)
1789972155.293774;m3-213;[INFO: RPL       ] nbr: fe80::9076  274,   256 =>   530 --  0   a   (no tx)
1789972155.293795;m3-213;[INFO: RPL       ] nbr: fe80::c081  258,   256 =>   514 --  0   a   (no tx)
1789972155.296251;m3-219;[INFO: RPL       ] nbr: fe80::9981  256,   256 =>   512 --  0   a   (no tx)
1789972155.296281;m3-219;[INFO: RPL       ] nbr: fe80::9076  274,   256 =>   530 --  0   a   (no tx)
1789972155.296302;m3-219;[INFO: RPL       ] nbr: fe80::c081  258,   256 =>   514 --  0   a   (no tx)
1789972155.296449;m3-212;[INFO: RPL       ] nbr: fe80::9981  257,   256 =>   513 --  0   a   (no tx)
1789972155.296475;m3-212;[INFO: RPL       ] nbr: fe80::9076  274,   256 =>   530 --  0   a   (no tx)
1789972155.296496;m3-212;[INFO: RPL       ] nbr: fe80::c081  258,   256 =>   514 --  0   a   (no tx)
1789972155.297453;m3-218;[INFO: RPL       ] nbr: fe80::9981  257,   256 =>   513 --  0   a   (no tx)
1789972155.297484;m3-218;[INFO: RPL       ] nbr: fe80::9076  274,   256 =>   530 --  0   a   (no tx)
1789972155.297505;m3-218;[INFO: RPL       ] nbr: fe80::c081  258,   256 =>   514 --  0   a   (no tx)
1789972155.298913;m3-211;[INFO: RPL       ] nbr: fe80::9076  274,   256 =>   530 --  0   a   (no tx)
1789972155.298943;m3-211;[INFO: RPL       ] nbr: fe80::c081  258,   256 =>   514 --  0   a   (no tx)
1789972155.298964;m3-211;[INFO: RPL       ] nbr: fe80::b582  256,   256 =>   512 --  0   a   (no tx)
1789972155.298984;m3-211;[INFO: RPL       ] nbr: end of list
1789972155.300749;m3-210;[INFO: RPL       ] nbr: fe80::9981  257,   256 =>   513 --  0   a   (no tx)
1789972155.300778;m3-210;[INFO: RPL       ] nbr: fe80::9076  274,   256 =>   530 --  0   a   (no tx)
1789972155.300815;m3-210;[INFO: RPL       ] nbr: fe80::b582  256,   256 =>   512 --  0   a   (no tx)
1789972155.300835;m3-210;[INFO: RPL       ] nbr: end of list
1789972155.300873;m3-217;[INFO: RPL       ] nbr: fe80::9076  274,   256 =>   530 --  0   a   (no tx)
1789972155.300894;m3-217;[INFO: RPL       ] nbr: fe80::c081  258,   256 =>   514 --  0   a   (no tx)
1789972155.300913;m3-217;[INFO: RPL       ] nbr: fe80::b582  256,   256 =>   512 --  0   a   (no tx)
1789972155.300931;m3-217;[INFO: RPL       ] nbr: end of list
1789972155.302511;m3-216;[INFO: RPL       ] nbr: fe80::9076  268,   256 =>   524 --  0   a   (no tx)
1789972155.302543;m3-216;[INFO: RPL       ] nbr: fe80::c081  256,   256 =>   512 --  0   a   (no tx)
1789972155.302564;m3-216;[INFO: RPL       ] nbr: fe80::b582  256,   256 =>   512 --  0   a   (no tx)
1789972155.302610;m3-216;[INFO: RPL       ] nbr: end of list
1789972155.303819;m3-209;[INFO: RPL       ] nbr: fe80::c081  258,   256 =>   514 --  0   a   (no tx)
1789972155.303858;m3-209;[INFO: RPL       ] nbr: fe80::b582  256,   256 =>   512 --  0   a   (no tx)
1789972155.303878;m3-209;[INFO: RPL       ] nbr: end of list
1789972155.304780;m3-215;[INFO: RPL       ] nbr: fe80::b582  256,   256 =>   512 --  0   a   (no tx)
1789972155.304809;m3-215;[INFO: RPL       ] nbr: end of list
1789972155.306317;m3-208;[INFO: RPL       ] nbr: fe80::c081  258,   256 =>   514 --  0   a   (no tx)
1789972155.306346;m3-208;[INFO: RPL       ] nbr: fe80::b582  256,   256 =>   512 --  0   a   (no tx)
1789972155.306366;m3-208;[INFO: RPL       ] nbr: end of list
1789972155.306560;m3-221;[INFO: RPL       ] nbr: fe80::c081  258,   256 =>   514 --  0   a   (no tx)
1789972155.306590;m3-221;[INFO: RPL       ] nbr: fe80::b582  256,   256 =>   512 --  0   a   (no tx)
1789972155.306611;m3-221;[INFO: RPL       ] nbr: end of list
1789972155.307659;m3-220;[INFO: RPL       ] nbr: fe80::c081  258,   256 =>   514 --  0   a   (no tx)
1789972155.307688;m3-220;[INFO: RPL       ] nbr: fe80::b582  256,   256 =>   512 --  0   a   (no tx)
1789972155.307710;m3-220;[INFO: RPL       ] nbr: end of list
1789972155.308049;m3-214;[INFO: RPL       ] nbr: fe80::b582  256,   256 =>   512 --  0   a   (no tx)
1789972155.308079;m3-214;[INFO: RPL       ] nbr: end of list
1789972155.308361;m3-207;[INFO: RPL       ] nbr: fe80::c081  258,   128 =>   386 -- 16   af  (last tx 0 min ago)
1789972155.308391;m3-207;[INFO: RPL       ] nbr: fe80::b280  256,   128 =>   384 -- 16   af  (last tx 0 min ago)
1789972155.309709;m3-213;[INFO: RPL       ] nbr: fe80::b582  256,   256 =>   512 --  0   a   (no tx)
1789972155.309740;m3-213;[INFO: RPL       ] nbr: end of list
1789972155.312251;m3-219;[INFO: RPL       ] nbr: fe80::b582  256,   256 =>   512 --  0   a   (no tx)
1789972155.312281;m3-219;[INFO: RPL       ] nbr: end of list
1789972155.312300;m3-219;[INFO: App       ] Sending request 28 to fd00::a379
1789972155.312319;m3-219;[INFO: RPL       ] creating hop-by-hop option
1789972155.313543;m3-212;[INFO: RPL       ] nbr: fe80::b582  256,   256 =>   512 --  0   a   (no tx)
1789972155.313722;m3-212;[INFO: RPL       ] nbr: end of list
1789972155.313834;m3-218;[INFO: RPL       ] nbr: end of list
1789972155.321797;m3-207;[INFO: RPL       ] nbr: fe80::9871  256,   128 =>   384 -- 16  baf  (last tx 0 min ago)
1789972155.321846;m3-207;[INFO: RPL       ] nbr: end of list
1789972155.321867;m3-207;[INFO: RPL       ] links: 15 routing links in total (Periodic)
1789972155.321887;m3-207;[INFO: RPL       ] links: fd00::a379  (DODAG root) (lifetime: infinite)
1789972155.321905;m3-207;[INFO: RPL       ] links: fd00::b369  to fd00::a379 (lifetime: 1500 seconds)
1789972155.321923;m3-207;[INFO: RPL       ] links: fd00::b379  to fd00::a379 (lifetime: 1500 seconds)
1789972155.321942;m3-207;[INFO: RPL       ] links: fd00::9175  to fd00::a379 (lifetime: 1500 seconds)
1789972155.334182;m3-207;[INFO: RPL       ] links: fd00::2160  to fd00::a379 (lifetime: 1500 seconds)
1789972155.334219;m3-207;[INFO: RPL       ] links: fd00::b481  to fd00::a379 (lifetime: 1500 seconds)
1789972155.334241;m3-207;[INFO: RPL       ] links: fd00::8472  to fd00::a379 (lifetime: 1500 seconds)
1789972155.334261;m3-207;[INFO: RPL       ] links: fd00::8875  to fd00::a379 (lifetime: 1500 seconds)
1789972155.334280;m3-207;[INFO: RPL       ] links: fd00::9871  to fd00::a379 (lifetime: 1500 seconds)
1789972155.334298;m3-207;[INFO: RPL       ] links: fd00::9567  to fd00::a379 (lifetime: 1500 seconds)
1789972155.349580;m3-207;[INFO: RPL       ] links: fd00::b280  to fd00::a379 (lifetime: 1500 seconds)
1789972155.349617;m3-207;[INFO: RPL       ] links: fd00::9981  to fd00::a379 (lifetime: 1500 seconds)
1789972155.349639;m3-207;[INFO: RPL       ] links: fd00::9076  to fd00::a379 (lifetime: 1500 seconds)
1789972155.349660;m3-207;[INFO: RPL       ] links: fd00::c081  to fd00::a379 (lifetime: 1500 seconds)
1789972155.349679;m3-207;[INFO: RPL       ] links: fd00::b582  to fd00::a379 (lifetime: 1500 seconds)
1789972155.349698;m3-207;[INFO: RPL       ] links: end of list
1789972155.360303;m3-219;[INFO: RPL       ] packet sent to 0200.0000.0000.a379, status 0, tx 1, new link metric 128
1789972155.363368;m3-207;[INFO: RPL       ] ext hdr: packet from fd00::b481 to fd00::a379 going up, sender closer 0 (256 < 128), rank error 0, loop detected 0
1789972155.363402;m3-207;[INFO: RPL       ] ext hdr: packet from fd00::b481 to fd00::a379 going up, sender closer 0 (256 < 128), rank error 0, loop detected 0
1789972155.363425;m3-207;[INFO: App       ] Received request 'hello 28' from fd00::b481
1789972155.363446;m3-207;[INFO: App       ] Sending response.
1789972155.363464;m3-207;[INFO: RPL       ] SRH creating source routing header with destination fd00::b481 
1789972155.378425;m3-207;[INFO: RPL       ] SRH path len: 0, ComprI 15, ComprE 15, ext len 8 (padding 0)
1789972155.424287;m3-219;[INFO: App       ] Received response 'hello 28' from fd00::a379
1789972155.426465;m3-207;[INFO: RPL       ] packet sent to 0200.0000.0000.b481, status 0, tx 1, new link metric 128
1789972156.200988;m3-215;[INFO: App       ] Sending request 28 to fd00::a379
1789972156.201044;m3-215;[INFO: RPL       ] creating hop-by-hop option
1789972156.232831;m3-215;[INFO: RPL       ] packet sent to 0200.0000.0000.a379, status 0, tx 1, new link metric 128
1789972156.241938;m3-207;[INFO: RPL       ] ext hdr: packet from fd00::9175 to fd00::a379 going up, sender closer 0 (256 < 128), rank error 0, loop detected 0
1789972156.241993;m3-207;[INFO: RPL       ] ext hdr: packet from fd00::9175 to fd00::a379 going up, sender closer 0 (256 < 128), rank error 0, loop detected 0
1789972156.242019;m3-207;[INFO: App       ] Received request 'hello 28' from fd00::9175
1789972156.242039;m3-207;[INFO: App       ] Sending response.
1789972156.242058;m3-207;[INFO: RPL       ] SRH creating source routing header with destination fd00::9175 
1789972156.242076;m3-207;[INFO: RPL       ] SRH path len: 0, ComprI 15, ComprE 15, ext len 8 (padding 0)
1789972156.244979;m3-217;[INFO: App       ] Sending request 27 to fd00::a379
1789972156.245008;m3-217;[INFO: RPL       ] creating hop-by-hop option
1789972156.248834;m3-215;[INFO: App       ] Received response 'hello 28' from fd00::a379
1789972156.257376;m3-207;[INFO: RPL       ] packet sent to 0200.0000.0000.9175, status 0, tx 1, new link metric 128
1789972156.303269;m3-207;[INFO: RPL       ] ext hdr: packet from fd00::9871 to fd00::a379 going up, sender closer 0 (256 < 128), rank error 0, loop detected 0
1789972156.303318;m3-207;[INFO: RPL       ] ext hdr: packet from fd00::9871 to fd00::a379 going up, sender closer 0 (256 < 128), rank error 0, loop detected 0
1789972156.303344;m3-207;[INFO: App       ] Received request 'hello 27' from fd00::9871
1789972156.303365;m3-207;[INFO: App       ] Sending response.
1789972156.303383;m3-207;[INFO: RPL       ] SRH creating source routing header with destination fd00::9871 
1789972156.308863;m3-217;[INFO: RPL       ] packet sent to 0200.0000.0000.a379, status 0, tx 1, new link metric 128
1789972156.318264;m3-207;[INFO: RPL       ] SRH path len: 0, ComprI 15, ComprE 15, ext len 8 (padding 0)
1789972156.357023;m3-217;[INFO: App       ] Received response 'hello 27' from fd00::a379
1789972156.366256;m3-207;[INFO: RPL       ] packet sent to 0200.0000.0000.9871, status 0, tx 1, new link metric 128
1789972157.810919;m3-211;[INFO: App       ] Sending request 29 to fd00::a379
1789972157.810976;m3-211;[INFO: RPL       ] creating hop-by-hop option
1789972157.822437;m3-207;[INFO: RPL       ] ext hdr: packet from fd00::8875 to fd00::a379 going up, sender closer 0 (256 < 128), rank error 0, loop detected 0
1789972157.826731;m3-211;[INFO: RPL       ] packet sent to 0200.0000.0000.a379, status 0, tx 1, new link metric 128
1789972157.838360;m3-207;[INFO: RPL       ] ext hdr: packet from fd00::8875 to fd00::a379 going up, sender closer 0 (256 < 128), rank error 0, loop detected 0
1789972157.838413;m3-207;[INFO: App       ] Received request 'hello 29' from fd00::8875
1789972157.838436;m3-207;[INFO: App       ] Sending response.
1789972157.838456;m3-207;[INFO: RPL       ] SRH creating source routing header with destination fd00::8875 
1789972157.838475;m3-207;[INFO: RPL       ] SRH path len: 0, ComprI 15, ComprE 15, ext len 8 (padding 0)
1789972157.854257;m3-207;[INFO: RPL       ] packet sent to 0200.0000.0000.8875, status 0, tx 1, new link metric 128
1789972157.858638;m3-211;[INFO: App       ] Received response 'hello 29' from fd00::a379
1789972157.889296;m3-218;[INFO: App       ] Sending request 28 to fd00::a379
1789972157.889342;m3-218;[INFO: RPL       ] creating hop-by-hop option
1789972157.953168;m3-218;[INFO: RPL       ] packet sent to 0200.0000.0000.a379, status 0, tx 1, new link metric 128
1789972157.965955;m3-207;[INFO: RPL       ] ext hdr: packet from fd00::b582 to fd00::a379 going up, sender closer 0 (256 < 128), rank error 0, loop detected 0
1789972157.966008;m3-207;[INFO: RPL       ] ext hdr: packet from fd00::b582 to fd00::a379 going up, sender closer 0 (256 < 128), rank error 0, loop detected 0
1789972157.966033;m3-207;[INFO: App       ] Received request 'hello 28' from fd00::b582
1789972157.966053;m3-207;[INFO: App       ] Sending response.
1789972157.966087;m3-207;[INFO: RPL       ] SRH creating source routing header with destination fd00::b582 
1789972157.966107;m3-207;[INFO: RPL       ] SRH path len: 0, ComprI 15, ComprE 15, ext len 8 (padding 0)
1789972157.969130;m3-218;[INFO: App       ] Received response 'hello 28' from fd00::a379
1789972157.981095;m3-207;[INFO: RPL       ] packet sent to 0200.0000.0000.b582, status 0, tx 1, new link metric 128
1789972159.398331;m3-216;[INFO: App       ] Sending request 29 to fd00::a379
1789972159.398387;m3-216;[INFO: RPL       ] creating hop-by-hop option
1789972159.437311;m3-207;[INFO: RPL       ] ext hdr: packet from fd00::b369 to fd00::a379 going up, sender closer 0 (256 < 128), rank error 0, loop detected 0
1789972159.437376;m3-207;[INFO: RPL       ] ext hdr: packet from fd00::b369 to fd00::a379 going up, sender closer 0 (256 < 128), rank error 0, loop detected 0
1789972159.446008;m3-216;[INFO: RPL       ] packet sent to 0200.0000.0000.a379, status 0, tx 1, new link metric 128
1789972159.453173;m3-207;[INFO: App       ] Received request 'hello 29' from fd00::b369
1789972159.453207;m3-207;[INFO: App       ] Sending response.
1789972159.453245;m3-207;[INFO: RPL       ] SRH creating source routing header with destination fd00::b369 
1789972159.453267;m3-207;[INFO: RPL       ] SRH path len: 0, ComprI 15, ComprE 15, ext len 8 (padding 0)
1789972159.453287;m3-207;[INFO: RPL       ] packet sent to 0200.0000.0000.b369, status 0, tx 1, new link metric 128
1789972159.461937;m3-216;[INFO: App       ] Received response 'hello 29' from fd00::a379
1789972159.719552;m3-209;[INFO: App       ] Sending request 28 to fd00::a379
1789972159.719603;m3-209;[INFO: RPL       ] creating hop-by-hop option
1789972159.757121;m3-207;[INFO: RPL       ] ext hdr: packet from fd00::b379 to fd00::a379 going up, sender closer 0 (265 < 128), rank error 0, loop detected 0
1789972159.757184;m3-207;[INFO: RPL       ] ext hdr: packet from fd00::b379 to fd00::a379 going up, sender closer 0 (265 < 128), rank error 0, loop detected 0
1789972159.767283;m3-209;[INFO: RPL       ] packet sent to 0200.0000.0000.a379, status 0, tx 1, new link metric 136
1789972159.773079;m3-207;[INFO: App       ] Received request 'hello 28' from fd00::b379
1789972159.773114;m3-207;[INFO: App       ] Sending response.
1789972159.773136;m3-207;[INFO: RPL       ] SRH creating source routing header with destination fd00::b379 
1789972159.773156;m3-207;[INFO: RPL       ] SRH path len: 0, ComprI 15, ComprE 15, ext len 8 (padding 0)
1789972159.785374;m3-209;[INFO: App       ] Received response 'hello 28' from fd00::a379
1789972159.789030;m3-207;[INFO: RPL       ] packet sent to 0200.0000.0000.b379, status 0, tx 1, new link metric 128
1789972160.061436;m3-213;[INFO: App       ] Sending request 29 to fd00::a379
1789972160.061485;m3-213;[INFO: RPL       ] creating hop-by-hop option
1789972160.092506;m3-207;[INFO: RPL       ] ext hdr: packet from fd00::8472 to fd00::a379 going up, sender closer 0 (256 < 128), rank error 0, loop detected 0
1789972160.092563;m3-207;[INFO: RPL       ] ext hdr: packet from fd00::8472 to fd00::a379 going up, sender closer 0 (256 < 128), rank error 0, loop detected 0
1789972160.092589;m3-207;[INFO: App       ] Received request 'hello 29' from fd00::8472
1789972160.092608;m3-207;[INFO: App       ] Sending response.
1789972160.092627;m3-207;[INFO: RPL       ] SRH creating source routing header with destination fd00::8472 
1789972160.092645;m3-207;[INFO: RPL       ] SRH path len: 0, ComprI 15, ComprE 15, ext len 8 (padding 0)
1789972160.093118;m3-213;[INFO: RPL       ] packet sent to 0200.0000.0000.a379, status 0, tx 1, new link metric 128
1789972160.107881;m3-207;[INFO: RPL       ] packet sent to 0200.0000.0000.8472, status 0, tx 1, new link metric 128
1789972160.109080;m3-213;[INFO: App       ] Received response 'hello 29' from fd00::a379
1789972160.800164;m3-212;[INFO: App       ] Sending request 28 to fd00::a379
1789972160.800231;m3-212;[INFO: RPL       ] creating hop-by-hop option
1789972160.815947;m3-212;[INFO: RPL       ] packet sent to 0200.0000.0000.a379, status 0, tx 1, new link metric 128
1789972160.827989;m3-207;[INFO: RPL       ] ext hdr: packet from fd00::b280 to fd00::a379 going up, sender closer 0 (256 < 128), rank error 0, loop detected 0
1789972160.828041;m3-207;[INFO: RPL       ] ext hdr: packet from fd00::b280 to fd00::a379 going up, sender closer 0 (256 < 128), rank error 0, loop detected 0
1789972160.828066;m3-207;[INFO: App       ] Received request 'hello 28' from fd00::b280
1789972160.828086;m3-207;[INFO: App       ] Sending response.
1789972160.828104;m3-207;[INFO: RPL       ] SRH creating source routing header with destination fd00::b280 
1789972160.828123;m3-207;[INFO: RPL       ] SRH path len: 0, ComprI 15, ComprE 15, ext len 8 (padding 0)
1789972160.831902;m3-212;[INFO: App       ] Received response 'hello 28' from fd00::a379
1789972160.843889;m3-207;[INFO: RPL       ] packet sent to 0200.0000.0000.b280, status 0, tx 1, new link metric 128
1789972161.051232;m3-220;[INFO: App       ] Sending request 29 to fd00::a379
1789972161.051279;m3-220;[INFO: RPL       ] creating hop-by-hop option
1789972161.112110;m3-207;[INFO: RPL       ] ext hdr: packet from fd00::2160 to fd00::a379 going up, sender closer 0 (256 < 128), rank error 0, loop detected 0
1789972161.112167;m3-207;[INFO: RPL       ] ext hdr: packet from fd00::2160 to fd00::a379 going up, sender closer 0 (256 < 128), rank error 0, loop detected 0
1789972161.112193;m3-207;[INFO: App       ] Received request 'hello 29' from fd00::2160
1789972161.112213;m3-207;[INFO: App       ] Sending response.
1789972161.112232;m3-207;[INFO: RPL       ] SRH creating source routing header with destination fd00::2160 
1789972161.114975;m3-220;[INFO: RPL       ] packet sent to 0200.0000.0000.a379, status 0, tx 1, new link metric 128
1789972161.127856;m3-207;[INFO: RPL       ] SRH path len: 0, ComprI 15, ComprE 15, ext len 8 (padding 0)
1789972161.127893;m3-207;[INFO: RPL       ] packet sent to 0200.0000.0000.2160, status 0, tx 1, new link metric 128
1789972161.130928;m3-220;[INFO: App       ] Received response 'hello 29' from fd00::a379
1789972161.643846;m3-214;[INFO: App       ] Sending request 28 to fd00::a379
1789972161.643912;m3-214;[INFO: RPL       ] creating hop-by-hop option
1789972161.652350;m3-210;[INFO: App       ] Sending request 28 to fd00::a379
1789972161.652385;m3-210;[INFO: RPL       ] creating hop-by-hop option
1789972161.672047;m3-207;[INFO: RPL       ] ext hdr: packet from fd00::9567 to fd00::a379 going up, sender closer 0 (256 < 128), rank error 0, loop detected 0
1789972161.672081;m3-207;[INFO: RPL       ] ext hdr: packet from fd00::9567 to fd00::a379 going up, sender closer 0 (256 < 128), rank error 0, loop detected 0
1789972161.675518;m3-214;[INFO: RPL       ] packet sent to 0200.0000.0000.a379, status 0, tx 1, new link metric 128
1789972161.687927;m3-207;[INFO: App       ] Received request 'hello 28' from fd00::9567
1789972161.687976;m3-207;[INFO: App       ] Sending response.
1789972161.687998;m3-207;[INFO: RPL       ] SRH creating source routing header with destination fd00::9567 
1789972161.688018;m3-207;[INFO: RPL       ] SRH path len: 0, ComprI 15, ComprE 15, ext len 8 (padding 0)
1789972161.703836;m3-207;[INFO: RPL       ] packet sent to 0200.0000.0000.9567, status 0, tx 1, new link metric 128
1789972161.707467;m3-214;[INFO: App       ] Received response 'hello 28' from fd00::a379
1789972161.815723;m3-207;[INFO: RPL       ] ext hdr: packet from fd00::c081 to fd00::a379 going up, sender closer 0 (256 < 128), rank error 0, loop detected 0
1789972161.828047;m3-210;[INFO: RPL       ] packet sent to 0200.0000.0000.a379, status 0, tx 1, new link metric 128
1789972161.831764;m3-207;[INFO: RPL       ] ext hdr: packet from fd00::c081 to fd00::a379 going up, sender closer 0 (256 < 128), rank error 0, loop detected 0
1789972161.831803;m3-207;[INFO: App       ] Received request 'hello 28' from fd00::c081
1789972161.831827;m3-207;[INFO: App       ] Sending response.
1789972161.831848;m3-207;[INFO: RPL       ] SRH creating source routing header with destination fd00::c081 
1789972161.831868;m3-207;[INFO: RPL       ] SRH path len: 0, ComprI 15, ComprE 15, ext len 8 (padding 0)
1789972161.892081;m3-210;[INFO: App       ] Received response 'hello 28' from fd00::a379
1789972161.895689;m3-207;[INFO: RPL       ] packet sent to 0200.0000.0000.c081, status 0, tx 1, new link metric 128
1789972162.921774;m3-208;[INFO: App       ] Sending request 29 to fd00::a379
1789972162.921841;m3-208;[INFO: RPL       ] creating hop-by-hop option
1789972162.935860;m3-207;[INFO: RPL       ] ext hdr: packet from fd00::9076 to fd00::a379 going up, sender closer 0 (265 < 128), rank error 0, loop detected 0
1789972162.937595;m3-208;[INFO: RPL       ] packet sent to 0200.0000.0000.a379, status 0, tx 1, new link metric 136
1789972162.951761;m3-207;[INFO: RPL       ] ext hdr: packet from fd00::9076 to fd00::a379 going up, sender closer 0 (265 < 128), rank error 0, loop detected 0
1789972162.951814;m3-207;[INFO: App       ] Received request 'hello 29' from fd00::9076
1789972162.951838;m3-207;[INFO: App       ] Sending response.
1789972162.951859;m3-207;[INFO: RPL       ] SRH creating source routing header with destination fd00::9076 
1789972162.951878;m3-207;[INFO: RPL       ] SRH path len: 0, ComprI 15, ComprE 15, ext len 8 (padding 0)
1789972162.983662;m3-207;[INFO: RPL       ] packet sent to 0200.0000.0000.9076, status 0, tx 1, new link metric 128
1789972162.985520;m3-208;[INFO: App       ] Received response 'hello 29' from fd00::a379
1789972163.690783;m3-220;[INFO: RPL       ] probing fe80::b369  last tx 1 min ago
1789972163.690844;m3-220;[INFO: RPL       ] sending a unicast-DIO with rank 256 to fe80::b369
1789972163.733644;m3-216;[INFO: RPL       ] received a unicast-DIO from fe80::2160, instance_id 0, DAG ID fd00::a379, version 240, dtsn 240, rank 256
1789972163.738548;m3-220;[INFO: RPL       ] packet sent to 0200.0000.0000.b369, status 0, tx 1, new link metric 200
1789972164.543642;m3-219;[INFO: App       ] Sending request 29 to fd00::a379
1789972164.543719;m3-219;[INFO: RPL       ] creating hop-by-hop option
1789972164.567767;m3-207;[INFO: RPL       ] ext hdr: packet from fd00::b481 to fd00::a379 going up, sender closer 0 (256 < 128), rank error 0, loop detected 0
1789972164.567830;m3-207;[INFO: RPL       ] ext hdr: packet from fd00::b481 to fd00::a379 going up, sender closer 0 (256 < 128), rank error 0, loop detected 0
1789972164.575426;m3-219;[INFO: RPL       ] packet sent to 0200.0000.0000.a379, status 0, tx 1, new link metric 128
1789972164.583581;m3-207;[INFO: App       ] Received request 'hello 29' from fd00::b481
1789972164.583613;m3-207;[INFO: App       ] Sending response.
1789972164.583651;m3-207;[INFO: RPL       ] SRH creating source routing header with destination fd00::b481 
1789972164.583672;m3-207;[INFO: RPL       ] SRH path len: 0, ComprI 15, ComprE 15, ext len 8 (padding 0)
1789972164.583691;m3-207;[INFO: RPL       ] packet sent to 0200.0000.0000.b481, status 0, tx 1, new link metric 128
1789972164.591346;m3-219;[INFO: App       ] Received response 'hello 29' from fd00::a379
1789972164.857858;m3-221;[INFO: App       ] Sending request 28 to fd00::a379
1789972164.873635;m3-221;[INFO: RPL       ] creating hop-by-hop option
1789972164.887616;m3-207;[INFO: RPL       ] ext hdr: packet from fd00::9981 to fd00::a379 going up, sender closer 0 (256 < 128), rank error 0, loop detected 0
1789972164.887654;m3-207;[INFO: RPL       ] ext hdr: packet from fd00::9981 to fd00::a379 going up, sender closer 0 (256 < 128), rank error 0, loop detected 0
1789972164.887680;m3-207;[INFO: App       ] Received request 'hello 28' from fd00::9981
1789972164.887700;m3-207;[INFO: App       ] Sending response.
1789972164.889687;m3-221;[INFO: RPL       ] packet sent to 0200.0000.0000.a379, status 0, tx 1, new link metric 128
1789972164.903495;m3-207;[INFO: RPL       ] SRH creating source routing header with destination fd00::9981 
1789972164.903530;m3-207;[INFO: RPL       ] SRH path len: 0, ComprI 15, ComprE 15, ext len 8 (padding 0)
1789972164.921381;m3-207;[INFO: RPL       ] packet sent to 0200.0000.0000.9981, status 0, tx 1, new link metric 128
1789972164.921652;m3-221;[INFO: App       ] Received response 'hello 28' from fd00::a379
1789972166.407699;m3-215;[INFO: App       ] Sending request 29 to fd00::a379
1789972166.407761;m3-215;[INFO: RPL       ] creating hop-by-hop option
1789972166.439520;m3-207;[INFO: RPL       ] ext hdr: packet from fd00::9175 to fd00::a379 going up, sender closer 0 (256 < 128), rank error 0, loop detected 0
1789972166.439583;m3-215;[INFO: RPL       ] packet sent to 0200.0000.0000.a379, status 0, tx 1, new link metric 128
1789972166.455408;m3-207;[INFO: RPL       ] ext hdr: packet from fd00::9175 to fd00::a379 going up, sender closer 0 (256 < 128), rank error 0, loop detected 0
1789972166.455460;m3-207;[INFO: App       ] Received request 'hello 29' from fd00::9175
1789972166.455483;m3-207;[INFO: App       ] Sending response.
1789972166.455503;m3-207;[INFO: RPL       ] SRH creating source routing header with destination fd00::9175 
1789972166.455554;m3-207;[INFO: RPL       ] SRH path len: 0, ComprI 15, ComprE 15, ext len 8 (padding 0)
1789972166.455575;m3-207;[INFO: RPL       ] packet sent to 0200.0000.0000.9175, status 0, tx 1, new link metric 128
1789972166.455604;m3-215;[INFO: App       ] Received response 'hello 29' from fd00::a379
1789972167.188021;m3-217;[INFO: App       ] Sending request 28 to fd00::a379
1789972167.188093;m3-217;[INFO: RPL       ] creating hop-by-hop option
1789972167.200441;m3-218;[INFO: App       ] Sending request 29 to fd00::a379
1789972167.200477;m3-218;[INFO: RPL       ] creating hop-by-hop option
1789972167.203779;m3-217;[INFO: RPL       ] packet sent to 0200.0000.0000.a379, status 0, tx 1, new link metric 128
1789972167.207473;m3-207;[INFO: RPL       ] ext hdr: packet from fd00::9871 to fd00::a379 going up, sender closer 0 (256 < 128), rank error 0, loop detected 0
1789972167.207506;m3-207;[INFO: RPL       ] ext hdr: packet from fd00::9871 to fd00::a379 going up, sender closer 0 (256 < 128), rank error 0, loop detected 0
1789972167.223321;m3-207;[INFO: App       ] Received request 'hello 28' from fd00::9871
1789972167.223354;m3-207;[INFO: App       ] Sending response.
1789972167.223391;m3-207;[INFO: RPL       ] SRH creating source routing header with destination fd00::9871 
1789972167.223413;m3-207;[INFO: RPL       ] SRH path len: 0, ComprI 15, ComprE 15, ext len 8 (padding 0)
1789972167.248174;m3-218;[INFO: RPL       ] packet sent to 0200.0000.0000.a379, status 0, tx 1, new link metric 128
1789972167.251566;m3-207;[INFO: RPL       ] ext hdr: packet from fd00::b582 to fd00::a379 going up, sender closer 0 (256 < 128), rank error 0, loop detected 0
1789972167.251617;m3-207;[INFO: RPL       ] ext hdr: packet from fd00::b582 to fd00::a379 going up, sender closer 0 (256 < 128), rank error 0, loop detected 0
1789972167.251642;m3-207;[INFO: App       ] Received request 'hello 29' from fd00::b582
1789972167.251662;m3-207;[INFO: App       ] Sending response.
1789972167.251680;m3-207;[INFO: RPL       ] SRH creating source routing header with destination fd00::b582 
1789972167.267237;m3-207;[INFO: RPL       ] SRH path len: 0, ComprI 15, ComprE 15, ext len 8 (padding 0)
1789972167.280165;m3-218;[INFO: App       ] Received response 'hello 29' from fd00::a379
1789972167.283255;m3-207;[INFO: RPL       ] packet sent to 0200.0000.0000.b582, status 0, tx 1, new link metric 128
1789972167.283288;m3-207;[INFO: RPL       ] packet sent to 0200.0000.0000.9871, status 0, tx 1, new link metric 128
1789972167.283666;m3-217;[INFO: App       ] Received response 'hello 28' from fd00::a379
1789972167.809801;m3-211;[INFO: App       ] Tx/Rx/MissedTx: 30/30/0
1789972167.809876;m3-211;[INFO: App       ] Sending request 30 to fd00::a379
1789972167.809902;m3-211;[INFO: RPL       ] creating hop-by-hop option
1789972167.873504;m3-211;[INFO: RPL       ] packet sent to 0200.0000.0000.a379, status 0, tx 1, new link metric 128
1789972167.875125;m3-207;[INFO: RPL       ] ext hdr: packet from fd00::8875 to fd00::a379 going up, sender closer 0 (256 < 128), rank error 0, loop detected 0
1789972167.875191;m3-207;[INFO: RPL       ] ext hdr: packet from fd00::8875 to fd00::a379 going up, sender closer 0 (256 < 128), rank error 0, loop detected 0
1789972167.875217;m3-207;[INFO: App       ] Received request 'hello 30' from fd00::8875
1789972167.875238;m3-207;[INFO: App       ] Sending response.
1789972167.875257;m3-207;[INFO: RPL       ] SRH creating source routing header with destination fd00::8875 
1789972167.875277;m3-207;[INFO: RPL       ] SRH path len: 0, ComprI 15, ComprE 15, ext len 8 (padding 0)
1789972167.925401;m3-211;[INFO: App       ] Received response 'hello 30' from fd00::a379
1789972167.925446;m3-207;[INFO: RPL       ] packet sent to 0200.0000.0000.8875, status 0, tx 1, new link metric 128
1789972169.045243;m3-216;[INFO: App       ] Tx/Rx/MissedTx: 30/30/0
1789972169.045297;m3-216;[INFO: App       ] Sending request 30 to fd00::a379
1789972169.045322;m3-216;[INFO: RPL       ] creating hop-by-hop option
1789972169.075181;m3-207;[INFO: RPL       ] ext hdr: packet from fd00::b369 to fd00::a379 going up, sender closer 0 (256 < 128), rank error 0, loop detected 0
1789972169.076970;m3-216;[INFO: RPL       ] packet sent to 0200.0000.0000.a379, status 0, tx 1, new link metric 128
1789972169.091107;m3-207;[INFO: RPL       ] ext hdr: packet from fd00::b369 to fd00::a379 going up, sender closer 0 (256 < 128), rank error 0, loop detected 0
1789972169.091167;m3-207;[INFO: App       ] Received request 'hello 30' from fd00::b369
1789972169.091191;m3-207;[INFO: App       ] Sending response.
1789972169.091212;m3-207;[INFO: RPL       ] SRH creating source routing header with destination fd00::b369 
1789972169.091232;m3-207;[INFO: RPL       ] SRH path len: 0, ComprI 15, ComprE 15, ext len 8 (padding 0)
1789972169.091251;m3-207;[INFO: RPL       ] packet sent to 0200.0000.0000.b369, status 0, tx 1, new link metric 128
1789972169.092885;m3-216;[INFO: App       ] Received response 'hello 30' from fd00::a379
1789972169.274997;m3-214;[INFO: RPL       ] probing fe80::b369  last tx 5 min ago
1789972169.275062;m3-214;[INFO: RPL       ] sending a unicast-DIO with rank 256 to fe80::b369
1789972169.285089;m3-216;[INFO: RPL       ] received a unicast-DIO from fe80::9567, instance_id 0, DAG ID fd00::a379, version 240, dtsn 240, rank 256
1789972169.290687;m3-214;[INFO: RPL       ] packet sent to 0200.0000.0000.b369, status 0, tx 1, new link metric 224
1789972169.676469;m3-213;[INFO: App       ] Tx/Rx/MissedTx: 30/30/0
1789972169.676519;m3-213;[INFO: App       ] Sending request 30 to fd00::a379
1789972169.676544;m3-213;[INFO: RPL       ] creating hop-by-hop option
1789972169.699051;m3-207;[INFO: RPL       ] ext hdr: packet from fd00::8472 to fd00::a379 going up, sender closer 0 (256 < 128), rank error 0, loop detected 0
1789972169.708230;m3-213;[INFO: RPL       ] packet sent to 0200.0000.0000.a379, status 0, tx 1, new link metric 128
1789972169.715028;m3-207;[INFO: RPL       ] ext hdr: packet from fd00::8472 to fd00::a379 going up, sender closer 0 (256 < 128), rank error 0, loop detected 0
1789972169.715061;m3-207;[INFO: App       ] Received request 'hello 30' from fd00::8472
1789972169.715099;m3-207;[INFO: App       ] Sending response.
1789972169.715118;m3-207;[INFO: RPL       ] SRH creating source routing header with destination fd00::8472 
1789972169.715138;m3-207;[INFO: RPL       ] SRH path len: 0, ComprI 15, ComprE 15, ext len 8 (padding 0)
1789972169.715157;m3-207;[INFO: RPL       ] packet sent to 0200.0000.0000.8472, status 0, tx 1, new link metric 128
1789972169.724188;m3-213;[INFO: App       ] Received response 'hello 30' from fd00::a379
1789972170.186258;m3-220;[INFO: App       ] Tx/Rx/MissedTx: 30/30/0
1789972170.186309;m3-220;[INFO: App       ] Sending request 30 to fd00::a379
1789972170.186333;m3-220;[INFO: RPL       ] creating hop-by-hop option
1789972170.233909;m3-220;[INFO: RPL       ] packet sent to 0200.0000.0000.a379, status 0, tx 1, new link metric 128
1789972170.241881;m3-207;[INFO: RPL       ] ext hdr: packet from fd00::2160 to fd00::a379 going up, sender closer 0 (256 < 128), rank error 0, loop detected 0
1789972170.241921;m3-207;[INFO: RPL       ] ext hdr: packet from fd00::2160 to fd00::a379 going up, sender closer 0 (256 < 128), rank error 0, loop detected 0
1789972170.241947;m3-207;[INFO: App       ] Received request 'hello 30' from fd00::2160
1789972170.241968;m3-207;[INFO: App       ] Sending response.
1789972170.241987;m3-207;[INFO: RPL       ] SRH creating source routing header with destination fd00::2160 
1789972170.256932;m3-207;[INFO: RPL       ] SRH path len: 0, ComprI 15, ComprE 15, ext len 8 (padding 0)
1789972170.304923;m3-207;[INFO: RPL       ] packet sent to 0200.0000.0000.2160, status 0, tx 1, new link metric 128
1789972170.313931;m3-220;[INFO: App       ] Received response 'hello 30' from fd00::a379
1789972170.598517;m3-209;[INFO: App       ] Sending request 29 to fd00::a379
1789972170.614282;m3-209;[INFO: RPL       ] creating hop-by-hop option
1789972170.625022;m3-207;[INFO: RPL       ] ext hdr: packet from fd00::b379 to fd00::a379 going up, sender closer 0 (264 < 128), rank error 0, loop detected 0
1789972170.630226;m3-209;[INFO: RPL       ] packet sent to 0200.0000.0000.a379, status 0, tx 1, new link metric 135
1789972170.640967;m3-207;[INFO: RPL       ] ext hdr: packet from fd00::b379 to fd00::a379 going up, sender closer 0 (264 < 128), rank error 0, loop detected 0
1789972170.641002;m3-207;[INFO: App       ] Received request 'hello 29' from fd00::b379
1789972170.641025;m3-207;[INFO: App       ] Sending response.
1789972170.641044;m3-207;[INFO: RPL       ] SRH creating source routing header with destination fd00::b379 
1789972170.641063;m3-207;[INFO: RPL       ] SRH path len: 0, ComprI 15, ComprE 15, ext len 8 (padding 0)
1789972170.662216;m3-209;[INFO: App       ] Received response 'hello 29' from fd00::a379
1789972170.671190;m3-212;[INFO: App       ] Sending request 29 to fd00::a379
1789972170.671224;m3-212;[INFO: RPL       ] creating hop-by-hop option
1789972170.672892;m3-207;[INFO: RPL       ] packet sent to 0200.0000.0000.b379, status 0, tx 1, new link metric 128
1789972170.701731;m3-207;[INFO: RPL       ] ext hdr: packet from fd00::b280 to fd00::a379 going up, sender closer 0 (256 < 128), rank error 0, loop detected 0
1789972170.701771;m3-207;[INFO: RPL       ] ext hdr: packet from fd00::b280 to fd00::a379 going up, sender closer 0 (256 < 128), rank error 0, loop detected 0
1789972170.701796;m3-207;[INFO: App       ] Received request 'hello 29' from fd00::b280
1789972170.701815;m3-207;[INFO: App       ] Sending response.
1789972170.701833;m3-207;[INFO: RPL       ] SRH creating source routing header with destination fd00::b280 
1789972170.702909;m3-212;[INFO: RPL       ] packet sent to 0200.0000.0000.a379, status 0, tx 1, new link metric 128
1789972170.716866;m3-207;[INFO: RPL       ] SRH path len: 0, ComprI 15, ComprE 15, ext len 8 (padding 0)
1789972170.764864;m3-207;[INFO: RPL       ] packet sent to 0200.0000.0000.b280, status 0, tx 1, new link metric 128
1789972170.766902;m3-212;[INFO: App       ] Received response 'hello 29' from fd00::a379
1789972170.803262;m3-210;[INFO: App       ] Sending request 29 to fd00::a379
1789972170.803298;m3-210;[INFO: RPL       ] creating hop-by-hop option
1789972170.835032;m3-210;[INFO: RPL       ] packet sent to 0200.0000.0000.a379, status 0, tx 1, new link metric 128
1789972170.843585;m3-207;[INFO: RPL       ] ext hdr: packet from fd00::c081 to fd00::a379 going up, sender closer 0 (256 < 128), rank error 0, loop detected 0
1789972170.843624;m3-207;[INFO: RPL       ] ext hdr: packet from fd00::c081 to fd00::a379 going up, sender closer 0 (256 < 128), rank error 0, loop detected 0
1789972170.843666;m3-207;[INFO: App       ] Received request 'hello 29' from fd00::c081
1789972170.843687;m3-207;[INFO: App       ] Sending response.
1789972170.843706;m3-207;[INFO: RPL       ] SRH creating source routing header with destination fd00::c081 
1789972170.858866;m3-207;[INFO: RPL       ] SRH path len: 0, ComprI 15, ComprE 15, ext len 8 (padding 0)
1789972170.858901;m3-207;[INFO: RPL       ] packet sent to 0200.0000.0000.c081, status 0, tx 1, new link metric 128
1789972170.866955;m3-210;[INFO: App       ] Received response 'hello 29' from fd00::a379
1789972172.474621;m3-214;[INFO: App       ] Sending request 29 to fd00::a379
1789972172.474679;m3-214;[INFO: RPL       ] creating hop-by-hop option
1789972172.537478;m3-207;[INFO: RPL       ] ext hdr: packet from fd00::9567 to fd00::a379 going up, sender closer 0 (256 < 128), rank error 0, loop detected 0
1789972172.537522;m3-207;[INFO: RPL       ] ext hdr: packet from fd00::9567 to fd00::a379 going up, sender closer 0 (256 < 128), rank error 0, loop detected 0
1789972172.537548;m3-207;[INFO: App       ] Received request 'hello 29' from fd00::9567
1789972172.537568;m3-207;[INFO: App       ] Sending response.
1789972172.537603;m3-207;[INFO: RPL       ] SRH creating source routing header with destination fd00::9567 
1789972172.538295;m3-214;[INFO: RPL       ] packet sent to 0200.0000.0000.a379, status 0, tx 1, new link metric 128
1789972172.552727;m3-207;[INFO: RPL       ] SRH path len: 0, ComprI 15, ComprE 15, ext len 8 (padding 0)
1789972172.602380;m3-214;[INFO: App       ] Received response 'hello 29' from fd00::a379
1789972172.617373;m3-207;[INFO: RPL       ] packet sent to 0200.0000.0000.9567, status 0, tx 1, new link metric 128
1789972173.624695;m3-208;[INFO: App       ] Tx/Rx/MissedTx: 30/30/0
1789972173.624748;m3-208;[INFO: App       ] Sending request 30 to fd00::a379
1789972173.624774;m3-208;[INFO: RPL       ] creating hop-by-hop option
1789972173.672471;m3-208;[INFO: RPL       ] packet sent to 0200.0000.0000.a379, status 0, tx 1, new link metric 135
1789972173.672650;m3-207;[INFO: RPL       ] ext hdr: packet from fd00::9076 to fd00::a379 going up, sender closer 0 (264 < 128), rank error 0, loop detected 0
1789972173.672684;m3-207;[INFO: RPL       ] ext hdr: packet from fd00::9076 to fd00::a379 going up, sender closer 0 (264 < 128), rank error 0, loop detected 0
1789972173.672709;m3-207;[INFO: App       ] Received request 'hello 30' from fd00::9076
1789972173.672730;m3-207;[INFO: App       ] Sending response.
1789972173.672748;m3-207;[INFO: RPL       ] SRH creating source routing header with destination fd00::9076 
1789972173.688551;m3-207;[INFO: RPL       ] SRH path len: 0, ComprI 15, ComprE 15, ext len 8 (padding 0)
1789972173.736401;m3-208;[INFO: App       ] Received response 'hello 30' from fd00::a379
1789972173.736445;m3-207;[INFO: RPL       ] packet sent to 0200.0000.0000.9076, status 0, tx 1, new link metric 128
1789972174.910561;m3-219;[INFO: App       ] Tx/Rx/MissedTx: 30/30/0
1789972174.910647;m3-219;[INFO: App       ] Sending request 30 to fd00::a379
1789972174.913373;m3-219;[INFO: RPL       ] creating hop-by-hop option
1789972174.926348;m3-219;[INFO: RPL       ] packet sent to 0200.0000.0000.a379, status 0, tx 1, new link metric 128
1789972174.932884;m3-207;[INFO: RPL       ] ext hdr: packet from fd00::b481 to fd00::a379 going up, sender closer 0 (256 < 128), rank error 0, loop detected 0
1789972174.932921;m3-207;[INFO: RPL       ] ext hdr: packet from fd00::b481 to fd00::a379 going up, sender closer 0 (256 < 128), rank error 0, loop detected 0
1789972174.932945;m3-207;[INFO: App       ] Received request 'hello 30' from fd00::b481
1789972174.932965;m3-207;[INFO: App       ] Sending response.
1789972174.932982;m3-207;[INFO: RPL       ] SRH creating source routing header with destination fd00::b481 
1789972174.942292;m3-219;[INFO: App       ] Received response 'hello 30' from fd00::a379
1789972174.948402;m3-207;[INFO: RPL       ] SRH path len: 0, ComprI 15, ComprE 15, ext len 8 (padding 0)
1789972174.948434;m3-207;[INFO: RPL       ] packet sent to 0200.0000.0000.b481, status 0, tx 1, new link metric 128
1789972175.392953;m3-211;[INFO: RPL       ] probing fe80::b481  last tx 2 min ago
1789972175.393004;m3-211;[INFO: RPL       ] sending a unicast-DIO with rank 256 to fe80::b481
1789972175.406316;m3-219;[INFO: RPL       ] received a unicast-DIO from fe80::8875, instance_id 0, DAG ID fd00::a379, version 240, dtsn 240, rank 256
1789972175.408750;m3-211;[INFO: RPL       ] packet sent to 0200.0000.0000.b481, status 0, tx 1, new link metric 182
1789972175.736789;m3-221;[INFO: App       ] Sending request 29 to fd00::a379
1789972175.752587;m3-221;[INFO: RPL       ] creating hop-by-hop option
1789972175.796448;m3-207;[INFO: RPL       ] ext hdr: packet from fd00::9981 to fd00::a379 going up, sender closer 0 (256 < 128), rank error 0, loop detected 0
1789972175.796488;m3-207;[INFO: RPL       ] ext hdr: packet from fd00::9981 to fd00::a379 going up, sender closer 0 (256 < 128), rank error 0, loop detected 0
1789972175.796513;m3-207;[INFO: App       ] Received request 'hello 29' from fd00::9981
1789972175.800545;m3-221;[INFO: RPL       ] packet sent to 0200.0000.0000.a379, status 0, tx 1, new link metric 128
1789972175.812376;m3-207;[INFO: App       ] Sending response.
1789972175.812410;m3-207;[INFO: RPL       ] SRH creating source routing header with destination fd00::9981 
1789972175.812433;m3-207;[INFO: RPL       ] SRH path len: 0, ComprI 15, ComprE 15, ext len 8 (padding 0)
1789972175.844348;m3-207;[INFO: RPL       ] packet sent to 0200.0000.0000.9981, status 0, tx 1, new link metric 128
1789972175.848553;m3-221;[INFO: App       ] Received response 'hello 29' from fd00::a379
1789972176.950716;m3-215;[INFO: App       ] Tx/Rx/MissedTx: 30/30/0
1789972176.950770;m3-215;[INFO: App       ] Sending request 30 to fd00::a379
1789972176.950796;m3-215;[INFO: RPL       ] creating hop-by-hop option
1789972176.966519;m3-215;[INFO: RPL       ] packet sent to 0200.0000.0000.a379, status 0, tx 1, new link metric 128
1789972176.979786;m3-207;[INFO: RPL       ] ext hdr: packet from fd00::9175 to fd00::a379 going up, sender closer 0 (256 < 128), rank error 0, loop detected 0
1789972176.979823;m3-207;[INFO: RPL       ] ext hdr: packet from fd00::9175 to fd00::a379 going up, sender closer 0 (256 < 128), rank error 0, loop detected 0
1789972176.979848;m3-207;[INFO: App       ] Received request 'hello 30' from fd00::9175
1789972176.979867;m3-207;[INFO: App       ] Sending response.
1789972176.979885;m3-207;[INFO: RPL       ] SRH creating source routing header with destination fd00::9175 
1789972176.979920;m3-207;[INFO: RPL       ] SRH path len: 0, ComprI 15, ComprE 15, ext len 8 (padding 0)
1789972176.982516;m3-215;[INFO: App       ] Received response 'hello 30' from fd00::a379
1789972176.995148;m3-207;[INFO: RPL       ] packet sent to 0200.0000.0000.9175, status 0, tx 1, new link metric 128
1789972177.120693;m3-211;[INFO: App       ] Sending request 31 to fd00::a379
1789972177.120739;m3-211;[INFO: RPL       ] creating hop-by-hop option
1789972177.168562;m3-211;[INFO: RPL       ] packet sent to 0200.0000.0000.a379, status 0, tx 1, new link metric 128
1789972177.170365;m3-207;[INFO: RPL       ] ext hdr: packet from fd00::8875 to fd00::a379 going up, sender closer 0 (256 < 128), rank error 0, loop detected 0
1789972177.170402;m3-207;[INFO: RPL       ] ext hdr: packet from fd00::8875 to fd00::a379 going up, sender closer 0 (256 < 128), rank error 0, loop detected 0
1789972177.170426;m3-207;[INFO: App       ] Received request 'hello 31' from fd00::8875
1789972177.170464;m3-207;[INFO: App       ] Sending response.
1789972177.170482;m3-207;[INFO: RPL       ] SRH creating source routing header with destination fd00::8875 
1789972177.170866;m3-217;[INFO: App       ] Sending request 29 to fd00::a379
1789972177.170896;m3-217;[INFO: RPL       ] creating hop-by-hop option
1789972177.183965;m3-207;[INFO: RPL       ] SRH path len: 0, ComprI 15, ComprE 15, ext len 8 (padding 0)
1789972177.184000;m3-207;[INFO: RPL       ] ext hdr: packet from fd00::9871 to fd00::a379 going up, sender closer 0 (256 < 128), rank error 0, loop detected 0
1789972177.184024;m3-207;[INFO: RPL       ] ext hdr: packet from fd00::9871 to fd00::a379 going up, sender closer 0 (256 < 128), rank error 0, loop detected 0
1789972177.184045;m3-207;[INFO: App       ] Received request 'hello 29' from fd00::9871
1789972177.184064;m3-207;[INFO: App       ] Sending response.
1789972177.184097;m3-207;[INFO: RPL       ] SRH creating source routing header with destination fd00::9871 
1789972177.199067;m3-207;[INFO: RPL       ] SRH path len: 0, ComprI 15, ComprE 15, ext len 8 (padding 0)
1789972177.199103;m3-207;[INFO: RPL       ] packet sent to 0200.0000.0000.8875, status 0, tx 1, new link metric 128
1789972177.200659;m3-211;[INFO: App       ] Received response 'hello 31' from fd00::a379
1789972177.215264;m3-207;[INFO: RPL       ] packet sent to 0200.0000.0000.9871, status 0, tx 1, new link metric 128
1789972177.218910;m3-217;[INFO: App       ] Received response 'hello 29' from fd00::a379
1789972177.314825;m3-217;[INFO: RPL       ] packet sent to 0200.0000.0000.a379, status 0, tx 2, new link metric 140
1789972177.823055;m3-218;[INFO: App       ] Tx/Rx/MissedTx: 30/30/0
1789972177.823105;m3-218;[INFO: App       ] Sending request 30 to fd00::a379
1789972177.823130;m3-218;[INFO: RPL       ] creating hop-by-hop option
1789972177.889403;m3-218;[INFO: RPL       ] packet sent to 0200.0000.0000.a379, status 0, tx 1, new link metric 128
1789972177.889448;m3-207;[INFO: RPL       ] ext hdr: packet from fd00::b582 to fd00::a379 going up, sender closer 0 (256 < 128), rank error 0, loop detected 0
1789972177.889476;m3-207;[INFO: RPL       ] ext hdr: packet from fd00::b582 to fd00::a379 going up, sender closer 0 (256 < 128), rank error 0, loop detected 0
1789972177.889500;m3-207;[INFO: App       ] Received request 'hello 30' from fd00::b582
1789972177.889521;m3-207;[INFO: App       ] Sending response.
1789972177.903034;m3-207;[INFO: RPL       ] SRH creating source routing header with destination fd00::b582 
1789972177.903071;m3-207;[INFO: RPL       ] SRH path len: 0, ComprI 15, ComprE 15, ext len 8 (padding 0)
1789972177.918800;m3-218;[INFO: App       ] Received response 'hello 30' from fd00::a379
1789972177.919047;m3-207;[INFO: RPL       ] packet sent to 0200.0000.0000.b582, status 0, tx 1, new link metric 128
1789972178.292132;m3-216;[INFO: App       ] Sending request 31 to fd00::a379
1789972178.292178;m3-216;[INFO: RPL       ] creating hop-by-hop option
1789972178.319306;m3-207;[INFO: RPL       ] ext hdr: packet from fd00::b369 to fd00::a379 going up, sender closer 0 (256 < 128), rank error 0, loop detected 0
1789972178.319351;m3-207;[INFO: RPL       ] ext hdr: packet from fd00::b369 to fd00::a379 going up, sender closer 0 (256 < 128), rank error 0, loop detected 0
1789972178.319377;m3-207;[INFO: App       ] Received request 'hello 31' from fd00::b369
1789972178.319397;m3-207;[INFO: App       ] Sending response.
1789972178.323957;m3-216;[INFO: RPL       ] packet sent to 0200.0000.0000.a379, status 0, tx 1, new link metric 128
1789972178.335169;m3-207;[INFO: RPL       ] SRH creating source routing header with destination fd00::b369 
1789972178.335203;m3-207;[INFO: RPL       ] SRH path len: 0, ComprI 15, ComprE 15, ext len 8 (padding 0)
1789972178.371833;m3-216;[INFO: App       ] Received response 'hello 31' from fd00::a379
1789972178.383122;m3-207;[INFO: RPL       ] packet sent to 0200.0000.0000.b369, status 0, tx 1, new link metric 128
1789972179.227340;m3-213;[INFO: App       ] Sending request 31 to fd00::a379
1789972179.227392;m3-213;[INFO: RPL       ] creating hop-by-hop option
1789972179.241167;m3-220;[INFO: App       ] Sending request 31 to fd00::a379
1789972179.241202;m3-220;[INFO: RPL       ] creating hop-by-hop option
1789972179.256941;m3-220;[INFO: RPL       ] packet sent to 0200.0000.0000.a379, status 0, tx 1, new link metric 128
1789972179.261562;m3-207;[INFO: RPL       ] ext hdr: packet from fd00::2160 to fd00::a379 going up, sender closer 0 (256 < 128), rank error 0, loop detected 0
1789972179.261601;m3-207;[INFO: RPL       ] ext hdr: packet from fd00::2160 to fd00::a379 going up, sender closer 0 (256 < 128), rank error 0, loop detected 0
1789972179.261643;m3-207;[INFO: App       ] Received request 'hello 31' from fd00::2160
1789972179.261664;m3-207;[INFO: App       ] Sending response.
1789972179.261682;m3-207;[INFO: RPL       ] SRH creating source routing header with destination fd00::2160 
1789972179.276982;m3-207;[INFO: RPL       ] SRH path len: 0, ComprI 15, ComprE 15, ext len 8 (padding 0)
1789972179.291118;m3-213;[INFO: RPL       ] packet sent to 0200.0000.0000.a379, status 0, tx 1, new link metric 128
1789972179.293025;m3-207;[INFO: RPL       ] ext hdr: packet from fd00::8472 to fd00::a379 going up, sender closer 0 (256 < 128), rank error 0, loop detected 0
1789972179.293059;m3-207;[INFO: RPL       ] ext hdr: packet from fd00::8472 to fd00::a379 going up, sender closer 0 (256 < 128), rank error 0, loop detected 0
1789972179.293082;m3-207;[INFO: App       ] Received request 'hello 31' from fd00::8472
1789972179.293102;m3-207;[INFO: App       ] Sending response.
1789972179.293120;m3-207;[INFO: RPL       ] SRH creating source routing header with destination fd00::8472 
1789972179.293155;m3-207;[INFO: RPL       ] SRH path len: 0, ComprI 15, ComprE 15, ext len 8 (padding 0)
1789972179.320869;m3-220;[INFO: App       ] Received response 'hello 31' from fd00::a379
1789972179.322987;m3-213;[INFO: App       ] Received response 'hello 31' from fd00::a379
1789972179.325010;m3-207;[INFO: RPL       ] packet sent to 0200.0000.0000.8472, status 0, tx 1, new link metric 128
1789972179.325041;m3-207;[INFO: RPL       ] packet sent to 0200.0000.0000.2160, status 0, tx 1, new link metric 128
1789972179.842226;m3-210;[INFO: App       ] Tx/Rx/MissedTx: 30/30/0
1789972179.842283;m3-210;[INFO: App       ] Sending request 30 to fd00::a379
1789972179.842309;m3-210;[INFO: RPL       ] creating hop-by-hop option
1789972179.858024;m3-210;[INFO: RPL       ] packet sent to 0200.0000.0000.a379, status 0, tx 1, new link metric 128
1789972179.868586;m3-207;[INFO: RPL       ] ext hdr: packet from fd00::c081 to fd00::a379 going up, sender closer 0 (256 < 128), rank error 0, loop detected 0
1789972179.868626;m3-207;[INFO: RPL       ] ext hdr: packet from fd00::c081 to fd00::a379 going up, sender closer 0 (256 < 128), rank error 0, loop detected 0
1789972179.868652;m3-207;[INFO: App       ] Received request 'hello 30' from fd00::c081
1789972179.868673;m3-207;[INFO: App       ] Sending response.
1789972179.868691;m3-207;[INFO: RPL       ] SRH creating source routing header with destination fd00::c081 
1789972179.868711;m3-207;[INFO: RPL       ] SRH path len: 0, ComprI 15, ComprE 15, ext len 8 (padding 0)
1789972179.873916;m3-210;[INFO: App       ] Received response 'hello 30' from fd00::a379
1789972179.883830;m3-207;[INFO: RPL       ] packet sent to 0200.0000.0000.c081, status 0, tx 1, new link metric 128
1789972180.709331;m3-209;[INFO: App       ] Tx/Rx/MissedTx: 30/30/0
1789972180.709394;m3-209;[INFO: App       ] Sending request 30 to fd00::a379
1789972180.715926;m3-207;[INFO: RPL       ] ext hdr: packet from fd00::b379 to fd00::a379 going up, sender closer 0 (263 < 128), rank error 0, loop detected 0
1789972180.725120;m3-209;[INFO: RPL       ] creating hop-by-hop option
1789972180.725153;m3-209;[INFO: RPL       ] packet sent to 0200.0000.0000.a379, status 0, tx 1, new link metric 134
1789972180.733356;m3-207;[INFO: RPL       ] ext hdr: packet from fd00::b379 to fd00::a379 going up, sender closer 0 (263 < 128), rank error 0, loop detected 0
1789972180.733407;m3-207;[INFO: App       ] Received request 'hello 30' from fd00::b379
1789972180.733428;m3-207;[INFO: App       ] Sending response.
1789972180.733448;m3-207;[INFO: RPL       ] SRH creating source routing header with destination fd00::b379 
1789972180.733468;m3-207;[INFO: RPL       ] SRH path len: 0, ComprI 15, ComprE 15, ext len 8 (padding 0)
1789972180.773076;m3-209;[INFO: App       ] Received response 'hello 30' from fd00::a379
1789972180.779755;m3-207;[INFO: RPL       ] packet sent to 0200.0000.0000.b379, status 0, tx 1, new link metric 128
1789972181.038037;m3-212;[INFO: App       ] Tx/Rx/MissedTx: 30/30/0
1789972181.038084;m3-212;[INFO: App       ] Sending request 30 to fd00::a379
1789972181.038108;m3-212;[INFO: RPL       ] creating hop-by-hop option
1789972181.083784;m3-207;[INFO: RPL       ] ext hdr: packet from fd00::b280 to fd00::a379 going up, sender closer 0 (256 < 128), rank error 0, loop detected 0
1789972181.085802;m3-212;[INFO: RPL       ] packet sent to 0200.0000.0000.a379, status 0, tx 1, new link metric 128
1789972181.099792;m3-207;[INFO: RPL       ] ext hdr: packet from fd00::b280 to fd00::a379 going up, sender closer 0 (256 < 128), rank error 0, loop detected 0
1789972181.099829;m3-207;[INFO: App       ] Received request 'hello 30' from fd00::b280
1789972181.099852;m3-207;[INFO: App       ] Sending response.
1789972181.099871;m3-207;[INFO: RPL       ] SRH creating source routing header with destination fd00::b280 
1789972181.099891;m3-207;[INFO: RPL       ] SRH path len: 0, ComprI 15, ComprE 15, ext len 8 (padding 0)
1789972181.101748;m3-212;[INFO: App       ] Received response 'hello 30' from fd00::a379
1789972181.115717;m3-207;[INFO: RPL       ] packet sent to 0200.0000.0000.b280, status 0, tx 1, new link metric 128
1789972182.665705;m3-214;[INFO: App       ] Tx/Rx/MissedTx: 30/30/0
1789972182.665761;m3-214;[INFO: App       ] Sending request 30 to fd00::a379
1789972182.665787;m3-214;[INFO: RPL       ] creating hop-by-hop option
1789972182.697528;m3-214;[INFO: RPL       ] packet sent to 0200.0000.0000.a379, status 0, tx 1, new link metric 128
1789972182.699642;m3-207;[INFO: RPL       ] ext hdr: packet from fd00::9567 to fd00::a379 going up, sender closer 0 (256 < 128), rank error 0, loop detected 0
1789972182.715684;m3-207;[INFO: RPL       ] ext hdr: packet from fd00::9567 to fd00::a379 going up, sender closer 0 (256 < 128), rank error 0, loop detected 0
1789972182.715720;m3-207;[INFO: App       ] Received request 'hello 30' from fd00::9567
1789972182.715743;m3-207;[INFO: App       ] Sending response.
1789972182.715762;m3-207;[INFO: RPL       ] SRH creating source routing header with destination fd00::9567 
1789972182.715782;m3-207;[INFO: RPL       ] SRH path len: 0, ComprI 15, ComprE 15, ext len 8 (padding 0)
1789972182.761313;m3-214;[INFO: App       ] Received response 'hello 30' from fd00::a379
1789972182.763564;m3-207;[INFO: RPL       ] packet sent to 0200.0000.0000.9567, status 0, tx 1, new link metric 128
1789972183.847679;m3-208;[INFO: App       ] Sending request 31 to fd00::a379
1789972183.847734;m3-208;[INFO: RPL       ] creating hop-by-hop option
1789972183.881356;m3-208;[INFO: RPL       ] packet sent to 0200.0000.0000.a379, status 0, tx 1, new link metric 134
1789972183.882481;m3-207;[INFO: RPL       ] ext hdr: packet from fd00::9076 to fd00::a379 going up, sender closer 0 (263 < 128), rank error 0, loop detected 0
1789972183.882518;m3-207;[INFO: RPL       ] ext hdr: packet from fd00::9076 to fd00::a379 going up, sender closer 0 (263 < 128), rank error 0, loop detected 0
1789972183.882543;m3-207;[INFO: App       ] Received request 'hello 31' from fd00::9076
1789972183.882564;m3-207;[INFO: App       ] Sending response.
1789972183.882582;m3-207;[INFO: RPL       ] SRH creating source routing header with destination fd00::9076 
1789972183.895425;m3-208;[INFO: App       ] Received response 'hello 31' from fd00::a379
1789972183.897486;m3-207;[INFO: RPL       ] SRH path len: 0, ComprI 15, ComprE 15, ext len 8 (padding 0)
1789972183.897519;m3-207;[INFO: RPL       ] packet sent to 0200.0000.0000.9076, status 0, tx 1, new link metric 128
1789972183.901505;m3-219;[INFO: App       ] Sending request 31 to fd00::a379
1789972183.901539;m3-219;[INFO: RPL       ] creating hop-by-hop option
1789972183.933346;m3-219;[INFO: RPL       ] packet sent to 0200.0000.0000.a379, status 0, tx 1, new link metric 128
1789972183.942339;m3-207;[INFO: RPL       ] ext hdr: packet from fd00::b481 to fd00::a379 going up, sender closer 0 (256 < 128), rank error 0, loop detected 0
1789972183.942374;m3-207;[INFO: RPL       ] ext hdr: packet from fd00::b481 to fd00::a379 going up, sender closer 0 (256 < 128), rank error 0, loop detected 0
1789972183.942399;m3-207;[INFO: App       ] Received request 'hello 31' from fd00::b481
1789972183.942419;m3-207;[INFO: App       ] Sending response.
1789972183.942437;m3-207;[INFO: RPL       ] SRH creating source routing header with destination fd00::b481 
1789972183.957489;m3-207;[INFO: RPL       ] SRH path len: 0, ComprI 15, ComprE 15, ext len 8 (padding 0)
1789972183.997299;m3-219;[INFO: App       ] Received response 'hello 31' from fd00::a379
1789972184.005441;m3-207;[INFO: RPL       ] packet sent to 0200.0000.0000.b481, status 0, tx 1, new link metric 128
1789972186.567528;m3-221;[INFO: App       ] Tx/Rx/MissedTx: 30/30/0
1789972186.567590;m3-221;[INFO: App       ] Sending request 30 to fd00::a379
1789972186.581314;m3-207;[INFO: RPL       ] ext hdr: packet from fd00::9981 to fd00::a379 going up, sender closer 0 (256 < 128), rank error 0, loop detected 0
1789972186.583321;m3-221;[INFO: RPL       ] creating hop-by-hop option
1789972186.583353;m3-221;[INFO: RPL       ] packet sent to 0200.0000.0000.a379, status 0, tx 1, new link metric 128
1789972186.597269;m3-207;[INFO: RPL       ] ext hdr: packet from fd00::9981 to fd00::a379 going up, sender closer 0 (256 < 128), rank error 0, loop detected 0
1789972186.597309;m3-207;[INFO: App       ] Received request 'hello 30' from fd00::9981
1789972186.597333;m3-207;[INFO: App       ] Sending response.
1789972186.597362;m3-207;[INFO: RPL       ] SRH creating source routing header with destination fd00::9981 
1789972186.597382;m3-207;[INFO: RPL       ] SRH path len: 0, ComprI 15, ComprE 15, ext len 8 (padding 0)
1789972186.629161;m3-207;[INFO: RPL       ] packet sent to 0200.0000.0000.9981, status 0, tx 1, new link metric 128
1789972186.631295;m3-221;[INFO: App       ] Received response 'hello 30' from fd00::a379
1789972186.677608;m3-215;[INFO: App       ] Sending request 31 to fd00::a379
1789972186.677651;m3-215;[INFO: RPL       ] creating hop-by-hop option
1789972186.725193;m3-207;[INFO: RPL       ] ext hdr: packet from fd00::9175 to fd00::a379 going up, sender closer 0 (256 < 128), rank error 0, loop detected 0
1789972186.725235;m3-207;[INFO: RPL       ] ext hdr: packet from fd00::9175 to fd00::a379 going up, sender closer 0 (256 < 128), rank error 0, loop detected 0
1789972186.725277;m3-207;[INFO: App       ] Received request 'hello 31' from fd00::9175
1789972186.725313;m3-207;[INFO: App       ] Sending response.
1789972186.725342;m3-207;[INFO: RPL       ] SRH creating source routing header with destination fd00::9175 
1789972186.725377;m3-215;[INFO: RPL       ] packet sent to 0200.0000.0000.a379, status 0, tx 1, new link metric 128
1789972186.740116;m3-207;[INFO: RPL       ] SRH path len: 0, ComprI 15, ComprE 15, ext len 8 (padding 0)
1789972186.772134;m3-207;[INFO: RPL       ] packet sent to 0200.0000.0000.9175, status 0, tx 1, new link metric 128
1789972186.773286;m3-215;[INFO: App       ] Received response 'hello 31' from fd00::a379
1789972186.879661;m3-211;[INFO: App       ] Sending request 32 to fd00::a379
1789972186.879701;m3-211;[INFO: RPL       ] creating hop-by-hop option
1789972186.927475;m3-211;[INFO: RPL       ] packet sent to 0200.0000.0000.a379, status 0, tx 1, new link metric 128
1789972186.929837;m3-207;[INFO: RPL       ] ext hdr: packet from fd00::8875 to fd00::a379 going up, sender closer 0 (256 < 128), rank error 0, loop detected 0
1789972186.929875;m3-207;[INFO: RPL       ] ext hdr: packet from fd00::8875 to fd00::a379 going up, sender closer 0 (256 < 128), rank error 0, loop detected 0
1789972186.929899;m3-207;[INFO: App       ] Received request 'hello 32' from fd00::8875
1789972186.929920;m3-207;[INFO: App       ] Sending response.
1789972186.929938;m3-207;[INFO: RPL       ] SRH creating source routing header with destination fd00::8875 
1789972186.945098;m3-207;[INFO: RPL       ] SRH path len: 0, ComprI 15, ComprE 15, ext len 8 (padding 0)
1789972186.991420;m3-211;[INFO: App       ] Received response 'hello 32' from fd00::a379
1789972186.993098;m3-207;[INFO: RPL       ] packet sent to 0200.0000.0000.8875, status 0, tx 1, new link metric 128
1789972187.651148;m3-216;[INFO: App       ] Sending request 32 to fd00::a379
1789972187.651198;m3-216;[INFO: RPL       ] creating hop-by-hop option
1789972187.697265;m3-207;[INFO: RPL       ] ext hdr: packet from fd00::b369 to fd00::a379 going up, sender closer 0 (256 < 128), rank error 0, loop detected 0
1789972187.697306;m3-207;[INFO: RPL       ] ext hdr: packet from fd00::b369 to fd00::a379 going up, sender closer 0 (256 < 128), rank error 0, loop detected 0
1789972187.697349;m3-207;[INFO: App       ] Received request 'hello 32' from fd00::b369
1789972187.698949;m3-216;[INFO: RPL       ] packet sent to 0200.0000.0000.a379, status 0, tx 1, new link metric 128
1789972187.713174;m3-207;[INFO: App       ] Sending response.
1789972187.713209;m3-207;[INFO: RPL       ] SRH creating source routing header with destination fd00::b369 
1789972187.713233;m3-207;[INFO: RPL       ] SRH path len: 0, ComprI 15, ComprE 15, ext len 8 (padding 0)
1789972187.729063;m3-207;[INFO: RPL       ] packet sent to 0200.0000.0000.b369, status 0, tx 1, new link metric 128
1789972187.730906;m3-216;[INFO: App       ] Received response 'hello 32' from fd00::a379
1789972187.861365;m3-217;[INFO: App       ] Tx/Rx/MissedTx: 30/30/0
1789972187.873109;m3-207;[INFO: RPL       ] ext hdr: packet from fd00::9871 to fd00::a379 going up, sender closer 0 (268 < 128), rank error 0, loop detected 0
1789972187.873148;m3-207;[INFO: RPL       ] ext hdr: packet from fd00::9871 to fd00::a379 going up, sender closer 0 (268 < 128), rank error 0, loop detected 0
1789972187.873174;m3-207;[INFO: App       ] Received request 'hello 30' from fd00::9871
1789972187.873195;m3-207;[INFO: App       ] Sending response.
1789972187.873587;m3-217;[INFO: App       ] Sending request 30 to fd00::a379
1789972187.873623;m3-217;[INFO: RPL       ] creating hop-by-hop option
1789972187.873645;m3-217;[INFO: RPL       ] packet sent to 0200.0000.0000.a379, status 0, tx 1, new link metric 138
1789972187.889014;m3-207;[INFO: RPL       ] SRH creating source routing header with destination fd00::9871 
1789972187.889048;m3-207;[INFO: RPL       ] SRH path len: 0, ComprI 15, ComprE 15, ext len 8 (padding 0)
1789972187.905089;m3-207;[INFO: RPL       ] packet sent to 0200.0000.0000.9871, status 0, tx 1, new link metric 128
1789972187.905444;m3-217;[INFO: App       ] Received response 'hello 30' from fd00::a379
1789972188.493834;m3-218;[INFO: App       ] Sending request 31 to fd00::a379
1789972188.493898;m3-218;[INFO: RPL       ] creating hop-by-hop option
1789972188.509648;m3-218;[INFO: RPL       ] packet sent to 0200.0000.0000.a379, status 0, tx 1, new link metric 128
1789972188.510376;m3-207;[INFO: RPL       ] ext hdr: packet from fd00::b582 to fd00::a379 going up, sender closer 0 (256 < 128), rank error 0, loop detected 0
1789972188.510412;m3-207;[INFO: RPL       ] ext hdr: packet from fd00::b582 to fd00::a379 going up, sender closer 0 (256 < 128), rank error 0, loop detected 0
1789972188.510438;m3-207;[INFO: App       ] Received request 'hello 31' from fd00::b582
1789972188.510459;m3-207;[INFO: App       ] Sending response.
1789972188.510478;m3-207;[INFO: RPL       ] SRH creating source routing header with destination fd00::b582 
1789972188.525926;m3-207;[INFO: RPL       ] SRH path len: 0, ComprI 15, ComprE 15, ext len 8 (padding 0)
1789972188.557595;m3-218;[INFO: App       ] Received response 'hello 31' from fd00::a379
1789972188.557862;m3-207;[INFO: RPL       ] packet sent to 0200.0000.0000.b582, status 0, tx 1, new link metric 128
1789972188.865275;m3-210;[INFO: App       ] Sending request 31 to fd00::a379
1789972188.865324;m3-210;[INFO: RPL       ] creating hop-by-hop option
1789972188.892941;m3-207;[INFO: RPL       ] ext hdr: packet from fd00::c081 to fd00::a379 going up, sender closer 0 (256 < 128), rank error 0, loop detected 0
1789972188.892982;m3-207;[INFO: RPL       ] ext hdr: packet from fd00::c081 to fd00::a379 going up, sender closer 0 (256 < 128), rank error 0, loop detected 0
1789972188.893025;m3-207;[INFO: App       ] Received request 'hello 31' from fd00::c081
1789972188.893047;m3-207;[INFO: App       ] Sending response.
1789972188.893065;m3-207;[INFO: RPL       ] SRH creating source routing header with destination fd00::c081 
1789972188.897055;m3-210;[INFO: RPL       ] packet sent to 0200.0000.0000.a379, status 0, tx 1, new link metric 128
1789972188.907935;m3-207;[INFO: RPL       ] SRH path len: 0, ComprI 15, ComprE 15, ext len 8 (padding 0)
1789972188.923922;m3-207;[INFO: RPL       ] packet sent to 0200.0000.0000.c081, status 0, tx 1, new link metric 128
1789972188.929017;m3-210;[INFO: App       ] Received response 'hello 31' from fd00::a379
1789972188.968010;m3-220;[INFO: App       ] Sending request 32 to fd00::a379
1789972188.968049;m3-220;[INFO: RPL       ] creating hop-by-hop option
1789972188.983769;m3-220;[INFO: RPL       ] packet sent to 0200.0000.0000.a379, status 0, tx 1, new link metric 128
1789972188.987973;m3-207;[INFO: RPL       ] ext hdr: packet from fd00::2160 to fd00::a379 going up, sender closer 0 (256 < 128), rank error 0, loop detected 0
1789972188.988008;m3-207;[INFO: RPL       ] ext hdr: packet from fd00::2160 to fd00::a379 going up, sender closer 0 (256 < 128), rank error 0, loop detected 0
1789972188.988033;m3-207;[INFO: App       ] Received request 'hello 32' from fd00::2160
1789972188.988053;m3-207;[INFO: App       ] Sending response.
1789972189.003919;m3-207;[INFO: RPL       ] SRH creating source routing header with destination fd00::2160 
1789972189.003954;m3-207;[INFO: RPL       ] SRH path len: 0, ComprI 15, ComprE 15, ext len 8 (padding 0)
1789972189.047713;m3-220;[INFO: App       ] Received response 'hello 32' from fd00::a379
1789972189.051895;m3-207;[INFO: RPL       ] packet sent to 0200.0000.0000.2160, status 0, tx 1, new link metric 128
1789972189.898183;m3-213;[INFO: App       ] Sending request 32 to fd00::a379
1789972189.898238;m3-213;[INFO: RPL       ] creating hop-by-hop option
1789972189.898264;m3-213;[INFO: RPL       ] packet sent to 0200.0000.0000.a379, status 0, tx 1, new link metric 128
1789972189.900054;m3-207;[INFO: RPL       ] ext hdr: packet from fd00::8472 to fd00::a379 going up, sender closer 0 (256 < 128), rank error 0, loop detected 0
1789972189.900089;m3-207;[INFO: RPL       ] ext hdr: packet from fd00::8472 to fd00::a379 going up, sender closer 0 (256 < 128), rank error 0, loop detected 0
1789972189.900114;m3-207;[INFO: App       ] Received request 'hello 32' from fd00::8472
1789972189.900135;m3-207;[INFO: App       ] Sending response.
1789972189.900154;m3-207;[INFO: RPL       ] SRH creating source routing header with destination fd00::8472 
1789972189.915792;m3-207;[INFO: RPL       ] SRH path len: 0, ComprI 15, ComprE 15, ext len 8 (padding 0)
1789972189.929940;m3-213;[INFO: App       ] Received response 'hello 32' from fd00::a379
1789972189.931717;m3-207;[INFO: RPL       ] packet sent to 0200.0000.0000.8472, status 0, tx 1, new link metric 128
1789972190.892665;m3-212;[INFO: App       ] Sending request 31 to fd00::a379
1789972190.892718;m3-212;[INFO: RPL       ] creating hop-by-hop option
1789972190.921061;m3-207;[INFO: RPL       ] ext hdr: packet from fd00::b280 to fd00::a379 going up, sender closer 0 (256 < 128), rank error 0, loop detected 0
1789972190.921121;m3-207;[INFO: RPL       ] ext hdr: packet from fd00::b280 to fd00::a379 going up, sender closer 0 (256 < 128), rank error 0, loop detected 0
1789972190.921147;m3-207;[INFO: App       ] Received request 'hello 31' from fd00::b280
1789972190.921169;m3-207;[INFO: App       ] Sending response.
1789972190.921188;m3-207;[INFO: RPL       ] SRH creating source routing header with destination fd00::b280 
1789972190.924606;m3-212;[INFO: RPL       ] packet sent to 0200.0000.0000.a379, status 0, tx 1, new link metric 128
1789972190.936766;m3-207;[INFO: RPL       ] SRH path len: 0, ComprI 15, ComprE 15, ext len 8 (padding 0)
1789972190.936806;m3-207;[INFO: RPL       ] packet sent to 0200.0000.0000.b280, status 0, tx 1, new link metric 128
1789972190.940578;m3-212;[INFO: App       ] Received response 'hello 31' from fd00::a379
1789972190.948258;m3-209;[INFO: App       ] Sending request 31 to fd00::a379
1789972190.948290;m3-209;[INFO: RPL       ] creating hop-by-hop option
1789972190.964073;m3-209;[INFO: RPL       ] packet sent to 0200.0000.0000.a379, status 0, tx 1, new link metric 133
1789972190.968828;m3-207;[INFO: RPL       ] ext hdr: packet from fd00::b379 to fd00::a379 going up, sender closer 0 (262 < 128), rank error 0, loop detected 0
1789972190.968865;m3-207;[INFO: RPL       ] ext hdr: packet from fd00::b379 to fd00::a379 going up, sender closer 0 (262 < 128), rank error 0, loop detected 0
1789972190.968906;m3-207;[INFO: App       ] Received request 'hello 31' from fd00::b379
1789972190.968926;m3-207;[INFO: App       ] Sending response.
1789972190.984718;m3-207;[INFO: RPL       ] SRH creating source routing header with destination fd00::b379 
1789972190.984751;m3-207;[INFO: RPL       ] SRH path len: 0, ComprI 15, ComprE 15, ext len 8 (padding 0)
1789972191.012000;m3-209;[INFO: App       ] Received response 'hello 31' from fd00::a379
1789972191.016673;m3-207;[INFO: RPL       ] packet sent to 0200.0000.0000.b379, status 0, tx 1, new link metric 128
1789972193.512454;m3-214;[INFO: App       ] Sending request 31 to fd00::a379
1789972193.528261;m3-214;[INFO: RPL       ] creating hop-by-hop option
1789972193.528304;m3-214;[INFO: RPL       ] packet sent to 0200.0000.0000.a379, status 0, tx 1, new link metric 128
1789972193.528592;m3-207;[INFO: RPL       ] ext hdr: packet from fd00::9567 to fd00::a379 going up, sender closer 0 (256 < 128), rank error 0, loop detected 0
1789972193.544611;m3-207;[INFO: RPL       ] ext hdr: packet from fd00::9567 to fd00::a379 going up, sender closer 0 (256 < 128), rank error 0, loop detected 0
1789972193.544650;m3-207;[INFO: App       ] Received request 'hello 31' from fd00::9567
1789972193.544678;m3-207;[INFO: App       ] Sending response.
1789972193.544697;m3-207;[INFO: RPL       ] SRH creating source routing header with destination fd00::9567 
1789972193.544717;m3-207;[INFO: RPL       ] SRH path len: 0, ComprI 15, ComprE 15, ext len 8 (padding 0)
1789972193.592211;m3-214;[INFO: App       ] Received response 'hello 31' from fd00::a379
1789972193.592268;m3-207;[INFO: RPL       ] packet sent to 0200.0000.0000.9567, status 0, tx 1, new link metric 128
1789972194.610388;m3-216;[INFO: RPL       ] probing fe80::b481  last tx 5 min ago
1789972194.626207;m3-216;[INFO: RPL       ] sending a unicast-DIO with rank 256 to fe80::b481
1789972194.626247;m3-216;[INFO: RPL       ] packet sent to 0200.0000.0000.b481, status 0, tx 1, new link metric 224
1789972194.636482;m3-219;[INFO: RPL       ] received a unicast-DIO from fe80::b369, instance_id 0, DAG ID fd00::a379, version 240, dtsn 240, rank 256
1789972194.678391;m3-208;[INFO: App       ] Sending request 32 to fd00::a379
1789972194.694258;m3-208;[INFO: RPL       ] creating hop-by-hop option
1789972194.694293;m3-208;[INFO: RPL       ] packet sent to 0200.0000.0000.a379, status 0, tx 1, new link metric 133
1789972194.694584;m3-207;[INFO: RPL       ] ext hdr: packet from fd00::9076 to fd00::a379 going up, sender closer 0 (262 < 128), rank error 0, loop detected 0
1789972194.694614;m3-207;[INFO: RPL       ] ext hdr: packet from fd00::9076 to fd00::a379 going up, sender closer 0 (262 < 128), rank error 0, loop detected 0
1789972194.694638;m3-207;[INFO: App       ] Received request 'hello 32' from fd00::9076
1789972194.694659;m3-207;[INFO: App       ] Sending response.
1789972194.694677;m3-207;[INFO: RPL       ] SRH creating source routing header with destination fd00::9076 
1789972194.710196;m3-208;[INFO: App       ] Received response 'hello 32' from fd00::a379
1789972194.710249;m3-207;[INFO: RPL       ] SRH path len: 0, ComprI 15, ComprE 15, ext len 8 (padding 0)
1789972194.710273;m3-207;[INFO: RPL       ] packet sent to 0200.0000.0000.9076, status 0, tx 1, new link metric 128
1789972194.780221;m3-219;[INFO: App       ] Sending request 32 to fd00::a379
1789972194.780280;m3-219;[INFO: RPL       ] creating hop-by-hop option
1789972194.828207;m3-219;[INFO: RPL       ] packet sent to 0200.0000.0000.a379, status 0, tx 1, new link metric 128
1789972194.838417;m3-207;[INFO: RPL       ] ext hdr: packet from fd00::b481 to fd00::a379 going up, sender closer 0 (256 < 128), rank error 0, loop detected 0
1789972194.838464;m3-207;[INFO: RPL       ] ext hdr: packet from fd00::b481 to fd00::a379 going up, sender closer 0 (256 < 128), rank error 0, loop detected 0
1789972194.838490;m3-207;[INFO: App       ] Received request 'hello 32' from fd00::b481
1789972194.838511;m3-207;[INFO: App       ] Sending response.
1789972194.838530;m3-207;[INFO: RPL       ] SRH creating source routing header with destination fd00::b481 
1789972194.838549;m3-207;[INFO: RPL       ] SRH path len: 0, ComprI 15, ComprE 15, ext len 8 (padding 0)
1789972194.886438;m3-207;[INFO: RPL       ] packet sent to 0200.0000.0000.b481, status 0, tx 1, new link metric 128
1789972194.892219;m3-219;[INFO: App       ] Received response 'hello 32' from fd00::a379
1789972195.966620;m3-211;[INFO: App       ] Sending request 33 to fd00::a379
1789972195.966673;m3-211;[INFO: RPL       ] creating hop-by-hop option
1789972196.014400;m3-211;[INFO: RPL       ] packet sent to 0200.0000.0000.a379, status 0, tx 1, new link metric 128
1789972196.019670;m3-207;[INFO: RPL       ] ext hdr: packet from fd00::8875 to fd00::a379 going up, sender closer 0 (256 < 128), rank error 0, loop detected 0
1789972196.019708;m3-207;[INFO: RPL       ] ext hdr: packet from fd00::8875 to fd00::a379 going up, sender closer 0 (256 < 128), rank error 0, loop detected 0
1789972196.019732;m3-207;[INFO: App       ] Received request 'hello 33' from fd00::8875
1789972196.019753;m3-207;[INFO: App       ] Sending response.
1789972196.019771;m3-207;[INFO: RPL       ] SRH creating source routing header with destination fd00::8875 
1789972196.035179;m3-207;[INFO: RPL       ] SRH path len: 0, ComprI 15, ComprE 15, ext len 8 (padding 0)
1789972196.078368;m3-211;[INFO: App       ] Received response 'hello 33' from fd00::a379
1789972196.083200;m3-207;[INFO: RPL       ] packet sent to 0200.0000.0000.8875, status 0, tx 1, new link metric 128
1789972196.198521;m3-221;[INFO: App       ] Sending request 31 to fd00::a379
1789972196.198561;m3-221;[INFO: RPL       ] creating hop-by-hop option
1789972196.243201;m3-207;[INFO: RPL       ] ext hdr: packet from fd00::9981 to fd00::a379 going up, sender closer 0 (256 < 128), rank error 0, loop detected 0
1789972196.246442;m3-221;[INFO: RPL       ] packet sent to 0200.0000.0000.a379, status 0, tx 1, new link metric 128
1789972196.259350;m3-207;[INFO: RPL       ] ext hdr: packet from fd00::9981 to fd00::a379 going up, sender closer 0 (256 < 128), rank error 0, loop detected 0
1789972196.259388;m3-207;[INFO: App       ] Received request 'hello 31' from fd00::9981
1789972196.259412;m3-207;[INFO: App       ] Sending response.
1789972196.259432;m3-207;[INFO: RPL       ] SRH creating source routing header with destination fd00::9981 
1789972196.259451;m3-207;[INFO: RPL       ] SRH path len: 0, ComprI 15, ComprE 15, ext len 8 (padding 0)
1789972196.259487;m3-207;[INFO: RPL       ] packet sent to 0200.0000.0000.9981, status 0, tx 1, new link metric 128
1789972196.262296;m3-221;[INFO: App       ] Received response 'hello 31' from fd00::a379
1789972197.172432;m3-215;[INFO: App       ] Sending request 32 to fd00::a379
1789972197.172490;m3-215;[INFO: RPL       ] creating hop-by-hop option
1789972197.219233;m3-207;[INFO: RPL       ] ext hdr: packet from fd00::9175 to fd00::a379 going up, sender closer 0 (256 < 128), rank error 0, loop detected 0
1789972197.219278;m3-207;[INFO: RPL       ] ext hdr: packet from fd00::9175 to fd00::a379 going up, sender closer 0 (256 < 128), rank error 0, loop detected 0
1789972197.220141;m3-215;[INFO: RPL       ] packet sent to 0200.0000.0000.a379, status 0, tx 1, new link metric 128
1789972197.235191;m3-207;[INFO: App       ] Received request 'hello 32' from fd00::9175
1789972197.235226;m3-207;[INFO: App       ] Sending response.
1789972197.235248;m3-207;[INFO: RPL       ] SRH creating source routing header with destination fd00::9175 
1789972197.235268;m3-207;[INFO: RPL       ] SRH path len: 0, ComprI 15, ComprE 15, ext len 8 (padding 0)
1789972197.235288;m3-207;[INFO: RPL       ] packet sent to 0200.0000.0000.9175, status 0, tx 1, new link metric 128
1789972197.236244;m3-215;[INFO: App       ] Received response 'hello 32' from fd00::a379
1789972197.520822;m3-217;[INFO: App       ] Sending request 31 to fd00::a379
1789972197.520868;m3-217;[INFO: RPL       ] creating hop-by-hop option
1789972197.536604;m3-217;[INFO: RPL       ] packet sent to 0200.0000.0000.a379, status 0, tx 1, new link metric 137
1789972197.539192;m3-207;[INFO: RPL       ] ext hdr: packet from fd00::9871 to fd00::a379 going up, sender closer 0 (266 < 128), rank error 0, loop detected 0
1789972197.539227;m3-207;[INFO: RPL       ] ext hdr: packet from fd00::9871 to fd00::a379 going up, sender closer 0 (266 < 128), rank error 0, loop detected 0
1789972197.539252;m3-207;[INFO: App       ] Received request 'hello 31' from fd00::9871
1789972197.539272;m3-207;[INFO: App       ] Sending response.
1789972197.555011;m3-207;[INFO: RPL       ] SRH creating source routing header with destination fd00::9871 
1789972197.555044;m3-207;[INFO: RPL       ] SRH path len: 0, ComprI 15, ComprE 15, ext len 8 (padding 0)
1789972197.570964;m3-207;[INFO: RPL       ] packet sent to 0200.0000.0000.9871, status 0, tx 1, new link metric 128
1789972197.584597;m3-217;[INFO: App       ] Received response 'hello 31' from fd00::a379
1789972197.762022;m3-216;[INFO: App       ] Sending request 33 to fd00::a379
1789972197.762067;m3-216;[INFO: RPL       ] creating hop-by-hop option
1789972197.791162;m3-207;[INFO: RPL       ] ext hdr: packet from fd00::b369 to fd00::a379 going up, sender closer 0 (256 < 128), rank error 0, loop detected 0
1789972197.791201;m3-207;[INFO: RPL       ] ext hdr: packet from fd00::b369 to fd00::a379 going up, sender closer 0 (256 < 128), rank error 0, loop detected 0
1789972197.791226;m3-207;[INFO: App       ] Received request 'hello 33' from fd00::b369
1789972197.791245;m3-207;[INFO: App       ] Sending response.
1789972197.791264;m3-207;[INFO: RPL       ] SRH creating source routing header with destination fd00::b369 
1789972197.797355;m3-216;[INFO: RPL       ] packet sent to 0200.0000.0000.a379, status 0, tx 1, new link metric 128
1789972197.806925;m3-207;[INFO: RPL       ] SRH path len: 0, ComprI 15, ComprE 15, ext len 8 (padding 0)
1789972197.822927;m3-207;[INFO: RPL       ] packet sent to 0200.0000.0000.b369, status 0, tx 1, new link metric 128
1789972197.825737;m3-216;[INFO: App       ] Received response 'hello 33' from fd00::a379
1789972198.668620;m3-218;[INFO: App       ] Sending request 32 to fd00::a379
1789972198.668689;m3-218;[INFO: RPL       ] creating hop-by-hop option
1789972198.699975;m3-207;[INFO: RPL       ] ext hdr: packet from fd00::b582 to fd00::a379 going up, sender closer 0 (256 < 128), rank error 0, loop detected 0
1789972198.700014;m3-207;[INFO: RPL       ] ext hdr: packet from fd00::b582 to fd00::a379 going up, sender closer 0 (256 < 128), rank error 0, loop detected 0
1789972198.700039;m3-207;[INFO: App       ] Received request 'hello 32' from fd00::b582
1789972198.700058;m3-207;[INFO: App       ] Sending response.
1789972198.700077;m3-207;[INFO: RPL       ] SRH creating source routing header with destination fd00::b582 
1789972198.700296;m3-218;[INFO: RPL       ] packet sent to 0200.0000.0000.a379, status 0, tx 1, new link metric 128
1789972198.714945;m3-207;[INFO: RPL       ] SRH path len: 0, ComprI 15, ComprE 15, ext len 8 (padding 0)
1789972198.762934;m3-207;[INFO: RPL       ] packet sent to 0200.0000.0000.b582, status 0, tx 1, new link metric 128
1789972198.764328;m3-218;[INFO: App       ] Received response 'hello 32' from fd00::a379
1789972199.017122;m3-213;[INFO: App       ] Sending request 33 to fd00::a379
1789972199.017170;m3-213;[INFO: RPL       ] creating hop-by-hop option
1789972199.049058;m3-213;[INFO: RPL       ] packet sent to 0200.0000.0000.a379, status 0, tx 1, new link metric 128
1789972199.050972;m3-207;[INFO: RPL       ] ext hdr: packet from fd00::8472 to fd00::a379 going up, sender closer 0 (256 < 128), rank error 0, loop detected 0
1789972199.066946;m3-207;[INFO: RPL       ] ext hdr: packet from fd00::8472 to fd00::a379 going up, sender closer 0 (256 < 128), rank error 0, loop detected 0
1789972199.066983;m3-207;[INFO: App       ] Received request 'hello 33' from fd00::8472
1789972199.067006;m3-207;[INFO: App       ] Sending response.
1789972199.067025;m3-207;[INFO: RPL       ] SRH creating source routing header with destination fd00::8472 
1789972199.067044;m3-207;[INFO: RPL       ] SRH path len: 0, ComprI 15, ComprE 15, ext len 8 (padding 0)
1789972199.128993;m3-213;[INFO: App       ] Received response 'hello 33' from fd00::a379
1789972199.130899;m3-207;[INFO: RPL       ] packet sent to 0200.0000.0000.8472, status 0, tx 1, new link metric 128
1789972199.238857;m3-220;[INFO: App       ] Sending request 33 to fd00::a379
1789972199.238899;m3-220;[INFO: RPL       ] creating hop-by-hop option
1789972199.254633;m3-220;[INFO: RPL       ] packet sent to 0200.0000.0000.a379, status 0, tx 1, new link metric 128
1789972199.259022;m3-207;[INFO: RPL       ] ext hdr: packet from fd00::2160 to fd00::a379 going up, sender closer 0 (256 < 128), rank error 0, loop detected 0
1789972199.259058;m3-207;[INFO: RPL       ] ext hdr: packet from fd00::2160 to fd00::a379 going up, sender closer 0 (256 < 128), rank error 0, loop detected 0
1789972199.259083;m3-207;[INFO: App       ] Received request 'hello 33' from fd00::2160
1789972199.259103;m3-207;[INFO: App       ] Sending response.
1789972199.259121;m3-207;[INFO: RPL       ] SRH creating source routing header with destination fd00::2160 
1789972199.259139;m3-207;[INFO: RPL       ] SRH path len: 0, ComprI 15, ComprE 15, ext len 8 (padding 0)
1789972199.302614;m3-220;[INFO: App       ] Received response 'hello 33' from fd00::a379
1789972199.306759;m3-207;[INFO: RPL       ] packet sent to 0200.0000.0000.2160, status 0, tx 1, new link metric 128
1789972199.328316;m3-210;[INFO: App       ] Sending request 32 to fd00::a379
1789972199.328350;m3-210;[INFO: RPL       ] creating hop-by-hop option
1789972199.338900;m3-207;[INFO: RPL       ] ext hdr: packet from fd00::c081 to fd00::a379 going up, sender closer 0 (256 < 128), rank error 0, loop detected 0
1789972199.338944;m3-207;[INFO: RPL       ] ext hdr: packet from fd00::c081 to fd00::a379 going up, sender closer 0 (256 < 128), rank error 0, loop detected 0
1789972199.338970;m3-207;[INFO: App       ] Received request 'hello 32' from fd00::c081
1789972199.338989;m3-207;[INFO: App       ] Sending response.
1789972199.343980;m3-210;[INFO: RPL       ] packet sent to 0200.0000.0000.a379, status 0, tx 1, new link metric 128
1789972199.354783;m3-207;[INFO: RPL       ] SRH creating source routing header with destination fd00::c081 
1789972199.354816;m3-207;[INFO: RPL       ] SRH path len: 0, ComprI 15, ComprE 15, ext len 8 (padding 0)
1789972199.391887;m3-210;[INFO: App       ] Received response 'hello 32' from fd00::a379
1789972199.402760;m3-207;[INFO: RPL       ] packet sent to 0200.0000.0000.c081, status 0, tx 1, new link metric 128
1789972200.699785;m3-212;[INFO: App       ] Sending request 32 to fd00::a379
1789972200.699843;m3-212;[INFO: RPL       ] creating hop-by-hop option
1789972200.760581;m3-207;[INFO: RPL       ] ext hdr: packet from fd00::b280 to fd00::a379 going up, sender closer 0 (256 < 128), rank error 0, loop detected 0
1789972200.760635;m3-207;[INFO: RPL       ] ext hdr: packet from fd00::b280 to fd00::a379 going up, sender closer 0 (256 < 128), rank error 0, loop detected 0
1789972200.760666;m3-207;[INFO: App       ] Received request 'hello 32' from fd00::b280
1789972200.760688;m3-207;[INFO: App       ] Sending response.
1789972200.760707;m3-207;[INFO: RPL       ] SRH creating source routing header with destination fd00::b280 
1789972200.763650;m3-212;[INFO: RPL       ] packet sent to 0200.0000.0000.a379, status 0, tx 1, new link metric 128
1789972200.775764;m3-207;[INFO: RPL       ] SRH path len: 0, ComprI 15, ComprE 15, ext len 8 (padding 0)
1789972200.775800;m3-207;[INFO: RPL       ] packet sent to 0200.0000.0000.b280, status 0, tx 1, new link metric 128
1789972200.779586;m3-212;[INFO: App       ] Received response 'hello 32' from fd00::a379
1789972200.915085;m3-209;[INFO: App       ] Sending request 32 to fd00::a379
1789972200.915131;m3-209;[INFO: RPL       ] creating hop-by-hop option
1789972200.978897;m3-209;[INFO: RPL       ] packet sent to 0200.0000.0000.a379, status 0, tx 1, new link metric 132
1789972200.980337;m3-207;[INFO: RPL       ] ext hdr: packet from fd00::b379 to fd00::a379 going up, sender closer 0 (261 < 128), rank error 0, loop detected 0
1789972200.980375;m3-207;[INFO: RPL       ] ext hdr: packet from fd00::b379 to fd00::a379 going up, sender closer 0 (261 < 128), rank error 0, loop detected 0
1789972200.980401;m3-207;[INFO: App       ] Received request 'hello 32' from fd00::b379
1789972200.980422;m3-207;[INFO: App       ] Sending response.
1789972200.980442;m3-207;[INFO: RPL       ] SRH creating source routing header with destination fd00::b379 
1789972200.994908;m3-209;[INFO: App       ] Received response 'hello 32' from fd00::a379
1789972200.995636;m3-207;[INFO: RPL       ] SRH path len: 0, ComprI 15, ComprE 15, ext len 8 (padding 0)
1789972200.995670;m3-207;[INFO: RPL       ] packet sent to 0200.0000.0000.b379, status 0, tx 1, new link metric 128
1789972203.191498;m3-214;[INFO: App       ] Sending request 32 to fd00::a379
1789972203.191559;m3-214;[INFO: RPL       ] creating hop-by-hop option
1789972203.207319;m3-214;[INFO: RPL       ] packet sent to 0200.0000.0000.a379, status 0, tx 1, new link metric 128
1789972203.217374;m3-207;[INFO: RPL       ] ext hdr: packet from fd00::9567 to fd00::a379 going up, sender closer 0 (256 < 128), rank error 0, loop detected 0
1789972203.217427;m3-207;[INFO: RPL       ] ext hdr: packet from fd00::9567 to fd00::a379 going up, sender closer 0 (256 < 128), rank error 0, loop detected 0
1789972203.217452;m3-207;[INFO: App       ] Received request 'hello 32' from fd00::9567
1789972203.217473;m3-207;[INFO: App       ] Sending response.
1789972203.217501;m3-207;[INFO: RPL       ] SRH creating source routing header with destination fd00::9567 
1789972203.231414;m3-207;[INFO: RPL       ] SRH path len: 0, ComprI 15, ComprE 15, ext len 8 (padding 0)
1789972203.263498;m3-207;[INFO: RPL       ] packet sent to 0200.0000.0000.9567, status 0, tx 1, new link metric 128
1789972203.271384;m3-214;[INFO: App       ] Received response 'hello 32' from fd00::a379
1789972204.277583;m3-208;[INFO: App       ] Sending request 33 to fd00::a379
1789972204.277639;m3-208;[INFO: RPL       ] creating hop-by-hop option
1789972204.303504;m3-207;[INFO: RPL       ] ext hdr: packet from fd00::9076 to fd00::a379 going up, sender closer 0 (261 < 128), rank error 0, loop detected 0
1789972204.309360;m3-208;[INFO: RPL       ] packet sent to 0200.0000.0000.a379, status 0, tx 1, new link metric 132
1789972204.319448;m3-207;[INFO: RPL       ] ext hdr: packet from fd00::9076 to fd00::a379 going up, sender closer 0 (261 < 128), rank error 0, loop detected 0
1789972204.319483;m3-207;[INFO: App       ] Received request 'hello 33' from fd00::9076
1789972204.319505;m3-207;[INFO: App       ] Sending response.
1789972204.319525;m3-207;[INFO: RPL       ] SRH creating source routing header with destination fd00::9076 
1789972204.319545;m3-207;[INFO: RPL       ] SRH path len: 0, ComprI 15, ComprE 15, ext len 8 (padding 0)
1789972204.325290;m3-208;[INFO: App       ] Received response 'hello 33' from fd00::a379
1789972204.335376;m3-207;[INFO: RPL       ] packet sent to 0200.0000.0000.9076, status 0, tx 1, new link metric 128
1789972204.923253;m3-219;[INFO: App       ] Sending request 33 to fd00::a379
1789972204.923307;m3-219;[INFO: RPL       ] creating hop-by-hop option
1789972204.943315;m3-207;[INFO: RPL       ] ext hdr: packet from fd00::b481 to fd00::a379 going up, sender closer 0 (256 < 128), rank error 0, loop detected 0
1789972204.955161;m3-219;[INFO: RPL       ] packet sent to 0200.0000.0000.a379, status 0, tx 1, new link metric 128
1789972204.959258;m3-207;[INFO: RPL       ] ext hdr: packet from fd00::b481 to fd00::a379 going up, sender closer 0 (256 < 128), rank error 0, loop detected 0
1789972204.959294;m3-207;[INFO: App       ] Received request 'hello 33' from fd00::b481
1789972204.959333;m3-207;[INFO: App       ] Sending response.
1789972204.959353;m3-207;[INFO: RPL       ] SRH creating source routing header with destination fd00::b481 
1789972204.959373;m3-207;[INFO: RPL       ] SRH path len: 0, ComprI 15, ComprE 15, ext len 8 (padding 0)
1789972205.021393;m3-219;[INFO: App       ] Received response 'hello 33' from fd00::a379
1789972205.023172;m3-207;[INFO: RPL       ] packet sent to 0200.0000.0000.b481, status 0, tx 1, new link metric 128
1789972205.821539;m3-211;[INFO: App       ] Sending request 34 to fd00::a379
1789972205.821593;m3-211;[INFO: RPL       ] creating hop-by-hop option
1789972205.869191;m3-207;[INFO: RPL       ] ext hdr: packet from fd00::8875 to fd00::a379 going up, sender closer 0 (256 < 128), rank error 0, loop detected 0
1789972205.869256;m3-207;[INFO: RPL       ] ext hdr: packet from fd00::8875 to fd00::a379 going up, sender closer 0 (256 < 128), rank error 0, loop detected 0
1789972205.869285;m3-207;[INFO: App       ] Received request 'hello 34' from fd00::8875
1789972205.869306;m3-207;[INFO: App       ] Sending response.
1789972205.869325;m3-207;[INFO: RPL       ] SRH creating source routing header with destination fd00::8875 
1789972205.869367;m3-211;[INFO: RPL       ] packet sent to 0200.0000.0000.a379, status 0, tx 1, new link metric 128
1789972205.884166;m3-207;[INFO: RPL       ] SRH path len: 0, ComprI 15, ComprE 15, ext len 8 (padding 0)
1789972205.932154;m3-207;[INFO: RPL       ] packet sent to 0200.0000.0000.8875, status 0, tx 1, new link metric 128
1789972205.933192;m3-211;[INFO: App       ] Received response 'hello 34' from fd00::a379
1789972206.643320;m3-215;[INFO: App       ] Sending request 33 to fd00::a379
1789972206.643369;m3-215;[INFO: RPL       ] creating hop-by-hop option
1789972206.707068;m3-215;[INFO: RPL       ] packet sent to 0200.0000.0000.a379, status 0, tx 1, new link metric 128
1789972206.714408;m3-207;[INFO: RPL       ] ext hdr: packet from fd00::9175 to fd00::a379 going up, sender closer 0 (256 < 128), rank error 0, loop detected 0
1789972206.714447;m3-207;[INFO: RPL       ] ext hdr: packet from fd00::9175 to fd00::a379 going up, sender closer 0 (256 < 128), rank error 0, loop detected 0
1789972206.714472;m3-207;[INFO: App       ] Received request 'hello 33' from fd00::9175
1789972206.714493;m3-207;[INFO: App       ] Sending response.
1789972206.714528;m3-207;[INFO: RPL       ] SRH creating source routing header with destination fd00::9175 
1789972206.729943;m3-207;[INFO: RPL       ] SRH path len: 0, ComprI 15, ComprE 15, ext len 8 (padding 0)
1789972206.771108;m3-215;[INFO: App       ] Received response 'hello 33' from fd00::a379
1789972206.777969;m3-207;[INFO: RPL       ] packet sent to 0200.0000.0000.9175, status 0, tx 1, new link metric 128
1789972206.997410;m3-221;[INFO: App       ] Sending request 32 to fd00::a379
1789972206.997458;m3-221;[INFO: RPL       ] creating hop-by-hop option
1789972207.061070;m3-221;[INFO: RPL       ] packet sent to 0200.0000.0000.a379, status 0, tx 1, new link metric 128
1789972207.066064;m3-207;[INFO: RPL       ] ext hdr: packet from fd00::9981 to fd00::a379 going up, sender closer 0 (256 < 128), rank error 0, loop detected 0
1789972207.066102;m3-207;[INFO: RPL       ] ext hdr: packet from fd00::9981 to fd00::a379 going up, sender closer 0 (256 < 128), rank error 0, loop detected 0
1789972207.066127;m3-207;[INFO: App       ] Received request 'hello 32' from fd00::9981
1789972207.066147;m3-207;[INFO: App       ] Sending response.
1789972207.081983;m3-207;[INFO: RPL       ] SRH creating source routing header with destination fd00::9981 
1789972207.082043;m3-207;[INFO: RPL       ] SRH path len: 0, ComprI 15, ComprE 15, ext len 8 (padding 0)
1789972207.113950;m3-207;[INFO: RPL       ] packet sent to 0200.0000.0000.9981, status 0, tx 1, new link metric 128
1789972207.125099;m3-221;[INFO: App       ] Received response 'hello 32' from fd00::a379
1789972207.907205;m3-215;[INFO: RPL       ] probing fe80::2160  last tx 3 min ago
1789972207.907257;m3-215;[INFO: RPL       ] sending a unicast-DIO with rank 256 to fe80::2160
1789972207.919839;m3-217;[INFO: App       ] Sending request 32 to fd00::a379
1789972207.919873;m3-217;[INFO: RPL       ] creating hop-by-hop option
1789972207.939054;m3-215;[INFO: RPL       ] packet sent to 0200.0000.0000.2160, status 0, tx 1, new link metric 182
1789972207.941488;m3-220;[INFO: RPL       ] received a unicast-DIO from fe80::9175, instance_id 0, DAG ID fd00::a379, version 240, dtsn 240, rank 256
1789972207.946114;m3-207;[INFO: RPL       ] ext hdr: packet from fd00::9871 to fd00::a379 going up, sender closer 0 (265 < 128), rank error 0, loop detected 0
1789972207.946151;m3-207;[INFO: RPL       ] ext hdr: packet from fd00::9871 to fd00::a379 going up, sender closer 0 (265 < 128), rank error 0, loop detected 0
1789972207.951639;m3-217;[INFO: RPL       ] packet sent to 0200.0000.0000.a379, status 0, tx 1, new link metric 136
1789972207.965398;m3-207;[INFO: App       ] Received request 'hello 32' from fd00::9871
1789972207.965448;m3-207;[INFO: App       ] Sending response.
1789972207.965470;m3-207;[INFO: RPL       ] SRH creating source routing header with destination fd00::9871 
1789972207.965492;m3-207;[INFO: RPL       ] SRH path len: 0, ComprI 15, ComprE 15, ext len 8 (padding 0)
1789972208.015578;m3-217;[INFO: App       ] Received response 'hello 32' from fd00::a379
1789972208.025897;m3-207;[INFO: RPL       ] packet sent to 0200.0000.0000.9871, status 0, tx 1, new link metric 128
1789972208.123033;m3-219;[INFO: RPL       ] probing fe80::b379  last tx 5 min ago
1789972208.136203;m3-213;[INFO: App       ] Sending request 34 to fd00::a379
1789972208.136239;m3-213;[INFO: RPL       ] creating hop-by-hop option
1789972208.137933;m3-207;[INFO: RPL       ] ext hdr: packet from fd00::8472 to fd00::a379 going up, sender closer 0 (256 < 128), rank error 0, loop detected 0
1789972208.138785;m3-219;[INFO: RPL       ] sending a unicast-DIO with rank 256 to fe80::b379
1789972208.151978;m3-213;[INFO: RPL       ] packet sent to 0200.0000.0000.a379, status 0, tx 1, new link metric 128
1789972208.153978;m3-207;[INFO: RPL       ] ext hdr: packet from fd00::8472 to fd00::a379 going up, sender closer 0 (256 < 128), rank error 0, loop detected 0
1789972208.154013;m3-207;[INFO: App       ] Received request 'hello 34' from fd00::8472
1789972208.154036;m3-207;[INFO: App       ] Sending response.
1789972208.154054;m3-207;[INFO: RPL       ] SRH creating source routing header with destination fd00::8472 
1789972208.154073;m3-207;[INFO: RPL       ] SRH path len: 0, ComprI 15, ComprE 15, ext len 8 (padding 0)
1789972208.186838;m3-219;[INFO: RPL       ] packet sent to 0200.0000.0000.b379, status 0, tx 1, new link metric 224
1789972208.194408;m3-209;[INFO: RPL       ] received a unicast-DIO from fe80::b481, instance_id 0, DAG ID fd00::a379, version 240, dtsn 240, rank 256
1789972208.215931;m3-213;[INFO: App       ] Received response 'hello 34' from fd00::a379
1789972208.217894;m3-207;[INFO: RPL       ] packet sent to 0200.0000.0000.8472, status 0, tx 1, new link metric 128
1789972208.672786;m3-216;[INFO: App       ] Sending request 34 to fd00::a379
1789972208.672852;m3-216;[INFO: RPL       ] creating hop-by-hop option
1789972208.682026;m3-207;[INFO: RPL       ] ext hdr: packet from fd00::b369 to fd00::a379 going up, sender closer 0 (256 < 128), rank error 0, loop detected 0
1789972208.682064;m3-207;[INFO: RPL       ] ext hdr: packet from fd00::b369 to fd00::a379 going up, sender closer 0 (256 < 128), rank error 0, loop detected 0
1789972208.682090;m3-207;[INFO: App       ] Received request 'hello 34' from fd00::b369
1789972208.682111;m3-207;[INFO: App       ] Sending response.
1789972208.682130;m3-207;[INFO: RPL       ] SRH creating source routing header with destination fd00::b369 
1789972208.688491;m3-216;[INFO: RPL       ] packet sent to 0200.0000.0000.a379, status 0, tx 1, new link metric 128
1789972208.697837;m3-207;[INFO: RPL       ] SRH path len: 0, ComprI 15, ComprE 15, ext len 8 (padding 0)
1789972208.697870;m3-207;[INFO: RPL       ] packet sent to 0200.0000.0000.b369, status 0, tx 1, new link metric 128
1789972208.704534;m3-216;[INFO: App       ] Received response 'hello 34' from fd00::a379
1789972209.295033;m3-210;[INFO: App       ] Sending request 33 to fd00::a379
1789972209.295084;m3-210;[INFO: RPL       ] creating hop-by-hop option
1789972209.342838;m3-210;[INFO: RPL       ] packet sent to 0200.0000.0000.a379, status 0, tx 1, new link metric 128
1789972209.352133;m3-207;[INFO: RPL       ] ext hdr: packet from fd00::c081 to fd00::a379 going up, sender closer 0 (256 < 128), rank error 0, loop detected 0
1789972209.352171;m3-207;[INFO: RPL       ] ext hdr: packet from fd00::c081 to fd00::a379 going up, sender closer 0 (256 < 128), rank error 0, loop detected 0
1789972209.352196;m3-207;[INFO: App       ] Received request 'hello 33' from fd00::c081
1789972209.352216;m3-207;[INFO: App       ] Sending response.
1789972209.352235;m3-207;[INFO: RPL       ] SRH creating source routing header with destination fd00::c081 
1789972209.358741;m3-210;[INFO: App       ] Received response 'hello 33' from fd00::a379
1789972209.367782;m3-207;[INFO: RPL       ] SRH path len: 0, ComprI 15, ComprE 15, ext len 8 (padding 0)
1789972209.367814;m3-207;[INFO: RPL       ] packet sent to 0200.0000.0000.c081, status 0, tx 1, new link metric 128
1789972209.387369;m3-218;[INFO: App       ] Sending request 33 to fd00::a379
1789972209.387399;m3-218;[INFO: RPL       ] creating hop-by-hop option
1789972209.403174;m3-218;[INFO: RPL       ] packet sent to 0200.0000.0000.a379, status 0, tx 1, new link metric 128
1789972209.415813;m3-207;[INFO: RPL       ] ext hdr: packet from fd00::b582 to fd00::a379 going up, sender closer 0 (256 < 128), rank error 0, loop detected 0
1789972209.415849;m3-207;[INFO: RPL       ] ext hdr: packet from fd00::b582 to fd00::a379 going up, sender closer 0 (256 < 128), rank error 0, loop detected 0
1789972209.415874;m3-207;[INFO: App       ] Received request 'hello 33' from fd00::b582
1789972209.415893;m3-207;[INFO: App       ] Sending response.
1789972209.415911;m3-207;[INFO: RPL       ] SRH creating source routing header with destination fd00::b582 
1789972209.415951;m3-207;[INFO: RPL       ] SRH path len: 0, ComprI 15, ComprE 15, ext len 8 (padding 0)
1789972209.447733;m3-207;[INFO: RPL       ] packet sent to 0200.0000.0000.b582, status 0, tx 1, new link metric 128
1789972209.451171;m3-218;[INFO: App       ] Received response 'hello 33' from fd00::a379
1789972209.477632;m3-220;[INFO: App       ] Sending request 34 to fd00::a379
1789972209.477665;m3-220;[INFO: RPL       ] creating hop-by-hop option
1789972209.509431;m3-220;[INFO: RPL       ] packet sent to 0200.0000.0000.a379, status 0, tx 1, new link metric 128
1789972209.510023;m3-207;[INFO: RPL       ] ext hdr: packet from fd00::2160 to fd00::a379 going up, sender closer 0 (256 < 128), rank error 0, loop detected 0
1789972209.510060;m3-207;[INFO: RPL       ] ext hdr: packet from fd00::2160 to fd00::a379 going up, sender closer 0 (256 < 128), rank error 0, loop detected 0
1789972209.510085;m3-207;[INFO: App       ] Received request 'hello 34' from fd00::2160
1789972209.510117;m3-207;[INFO: App       ] Sending response.
1789972209.510136;m3-207;[INFO: RPL       ] SRH creating source routing header with destination fd00::2160 
1789972209.525378;m3-220;[INFO: App       ] Received response 'hello 34' from fd00::a379
1789972209.525662;m3-207;[INFO: RPL       ] SRH path len: 0, ComprI 15, ComprE 15, ext len 8 (padding 0)
1789972209.525695;m3-207;[INFO: RPL       ] packet sent to 0200.0000.0000.2160, status 0, tx 1, new link metric 128
1789972209.727604;m3-217;[INFO: RPL       ] probing fe80::b369  last tx 1 min ago
1789972209.727649;m3-217;[INFO: RPL       ] sending a unicast-DIO with rank 264 to fe80::b369
1789972209.743446;m3-217;[INFO: RPL       ] packet sent to 0200.0000.0000.b369, status 0, tx 1, new link metric 182
1789972209.744583;m3-216;[INFO: RPL       ] received a unicast-DIO from fe80::9871, instance_id 0, DAG ID fd00::a379, version 240, dtsn 240, rank 264
1789972210.498002;m3-209;[INFO: App       ] Sending request 33 to fd00::a379
1789972210.498054;m3-209;[INFO: RPL       ] creating hop-by-hop option
1789972210.561875;m3-209;[INFO: RPL       ] packet sent to 0200.0000.0000.a379, status 0, tx 1, new link metric 131
1789972210.565711;m3-207;[INFO: RPL       ] ext hdr: packet from fd00::b379 to fd00::a379 going up, sender closer 0 (260 < 128), rank error 0, loop detected 0
1789972210.565749;m3-207;[INFO: RPL       ] ext hdr: packet from fd00::b379 to fd00::a379 going up, sender closer 0 (260 < 128), rank error 0, loop detected 0
1789972210.565775;m3-207;[INFO: App       ] Received request 'hello 33' from fd00::b379
1789972210.565795;m3-207;[INFO: App       ] Sending response.
1789972210.565813;m3-207;[INFO: RPL       ] SRH creating source routing header with destination fd00::b379 
1789972210.565848;m3-207;[INFO: RPL       ] SRH path len: 0, ComprI 15, ComprE 15, ext len 8 (padding 0)
1789972210.629357;m3-209;[INFO: App       ] Received response 'hello 33' from fd00::a379
1789972210.629617;m3-207;[INFO: RPL       ] packet sent to 0200.0000.0000.b379, status 0, tx 1, new link metric 128
1789972210.922521;m3-212;[INFO: RPL       ] probing fe80::b379  last tx 5 min ago
1789972210.922568;m3-212;[INFO: RPL       ] sending a unicast-DIO with rank 256 to fe80::b379
1789972210.922593;m3-212;[INFO: RPL       ] packet sent to 0200.0000.0000.b379, status 0, tx 1, new link metric 224
1789972210.929836;m3-209;[INFO: RPL       ] received a unicast-DIO from fe80::b280, instance_id 0, DAG ID fd00::a379, version 240, dtsn 240, rank 256
1789972211.258609;m3-212;[INFO: App       ] Sending request 33 to fd00::a379
1789972211.258656;m3-212;[INFO: RPL       ] creating hop-by-hop option
1789972211.274454;m3-212;[INFO: RPL       ] packet sent to 0200.0000.0000.a379, status 0, tx 1, new link metric 128
1789972211.285779;m3-207;[INFO: RPL       ] ext hdr: packet from fd00::b280 to fd00::a379 going up, sender closer 0 (256 < 128), rank error 0, loop detected 0
1789972211.285816;m3-207;[INFO: RPL       ] ext hdr: packet from fd00::b280 to fd00::a379 going up, sender closer 0 (256 < 128), rank error 0, loop detected 0
1789972211.285841;m3-207;[INFO: App       ] Received request 'hello 33' from fd00::b280
1789972211.285861;m3-207;[INFO: App       ] Sending response.
1789972211.285879;m3-207;[INFO: RPL       ] SRH creating source routing header with destination fd00::b280 
1789972211.285915;m3-207;[INFO: RPL       ] SRH path len: 0, ComprI 15, ComprE 15, ext len 8 (padding 0)
1789972211.317590;m3-207;[INFO: RPL       ] packet sent to 0200.0000.0000.b280, status 0, tx 1, new link metric 128
1789972211.322536;m3-212;[INFO: App       ] Received response 'hello 33' from fd00::a379
1789972212.934444;m3-214;[INFO: App       ] Sending request 33 to fd00::a379
1789972212.934499;m3-214;[INFO: RPL       ] creating hop-by-hop option
1789972212.966077;m3-214;[INFO: RPL       ] packet sent to 0200.0000.0000.a379, status 0, tx 1, new link metric 128
1789972212.981478;m3-207;[INFO: RPL       ] ext hdr: packet from fd00::9567 to fd00::a379 going up, sender closer 0 (256 < 128), rank error 0, loop detected 0
1789972212.981517;m3-207;[INFO: RPL       ] ext hdr: packet from fd00::9567 to fd00::a379 going up, sender closer 0 (256 < 128), rank error 0, loop detected 0
1789972212.981542;m3-207;[INFO: App       ] Received request 'hello 33' from fd00::9567
1789972212.981562;m3-207;[INFO: App       ] Sending response.
1789972212.981580;m3-207;[INFO: RPL       ] SRH creating source routing header with destination fd00::9567 
1789972212.981615;m3-207;[INFO: RPL       ] SRH path len: 0, ComprI 15, ComprE 15, ext len 8 (padding 0)
1789972213.029384;m3-207;[INFO: RPL       ] packet sent to 0200.0000.0000.9567, status 0, tx 1, new link metric 128
1789972213.030026;m3-214;[INFO: App       ] Received response 'hello 33' from fd00::a379
1789972213.460609;m3-208;[INFO: App       ] Sending request 34 to fd00::a379
1789972213.460677;m3-208;[INFO: RPL       ] creating hop-by-hop option
1789972213.476384;m3-208;[INFO: RPL       ] packet sent to 0200.0000.0000.a379, status 0, tx 1, new link metric 131
1789972213.477427;m3-207;[INFO: RPL       ] ext hdr: packet from fd00::9076 to fd00::a379 going up, sender closer 0 (260 < 128), rank error 0, loop detected 0
1789972213.477465;m3-207;[INFO: RPL       ] ext hdr: packet from fd00::9076 to fd00::a379 going up, sender closer 0 (260 < 128), rank error 0, loop detected 0
1789972213.477491;m3-207;[INFO: App       ] Received request 'hello 34' from fd00::9076
1789972213.493400;m3-207;[INFO: App       ] Sending response.
1789972213.493432;m3-207;[INFO: RPL       ] SRH creating source routing header with destination fd00::9076 
1789972213.493454;m3-207;[INFO: RPL       ] SRH path len: 0, ComprI 15, ComprE 15, ext len 8 (padding 0)
1789972213.524330;m3-208;[INFO: App       ] Received response 'hello 34' from fd00::a379
1789972213.525198;m3-207;[INFO: RPL       ] packet sent to 0200.0000.0000.9076, status 0, tx 1, new link metric 128
1789972213.553708;m3-209;[INFO: RPL       ] probing fe80::b481  last tx 5 min ago
1789972213.553747;m3-209;[INFO: RPL       ] sending a unicast-DIO with rank 259 to fe80::b481
1789972213.585545;m3-209;[INFO: RPL       ] packet sent to 0200.0000.0000.b481, status 0, tx 1, new link metric 224
1789972213.594517;m3-219;[INFO: RPL       ] received a unicast-DIO from fe80::b379, instance_id 0, DAG ID fd00::a379, version 240, dtsn 240, rank 259
1789972215.218375;m3-215;[INFO: RPL       ] nbr: own state, addr fd00::9175, DAG state: reachable, MOP 1 OCP 1 rank 256 max-rank 1280, dioint 18, nbr count 14 (Periodic)
1789972215.221195;m3-207;[INFO: RPL       ] nbr: own state, addr fd00::a379, DAG state: reachable, MOP 1 OCP 1 rank 128 max-rank 65535, dioint 18, nbr count 14 (Periodic)
1789972215.222053;m3-214;[INFO: RPL       ] nbr: own state, addr fd00::9567, DAG state: reachable, MOP 1 OCP 1 rank 256 max-rank 1280, dioint 18, nbr count 14 (Periodic)
1789972215.223304;m3-213;[INFO: RPL       ] nbr: own state, addr fd00::8472, DAG state: reachable, MOP 1 OCP 1 rank 256 max-rank 1280, dioint 18, nbr count 14 (Periodic)
1789972215.226136;m3-212;[INFO: RPL       ] nbr: own state, addr fd00::b280, DAG state: reachable, MOP 1 OCP 1 rank 256 max-rank 1280, dioint 18, nbr count 14 (Periodic)
1789972215.226242;m3-219;[INFO: RPL       ] nbr: own state, addr fd00::b481, DAG state: reachable, MOP 1 OCP 1 rank 256 max-rank 1280, dioint 18, nbr count 14 (Periodic)
1789972215.226579;m3-218;[INFO: RPL       ] nbr: own state, addr fd00::b582, DAG state: reachable, MOP 1 OCP 1 rank 256 max-rank 1280, dioint 18, nbr count 14 (Periodic)
1789972215.226616;m3-218;[INFO: RPL       ] nbr: fe80::a379  128,   128 =>   256 -- 16 rbafp (last tx 0 min ago)
1789972215.228395;m3-211;[INFO: RPL       ] nbr: own state, addr fd00::8875, DAG state: reachable, MOP 1 OCP 1 rank 256 max-rank 1280, dioint 18, nbr count 14 (Periodic)
1789972215.228430;m3-211;[INFO: RPL       ] nbr: fe80::a379  128,   128 =>   256 -- 16 rbafp (last tx 0 min ago)
1789972215.230400;m3-210;[INFO: RPL       ] nbr: own state, addr fd00::c081, DAG state: reachable, MOP 1 OCP 1 rank 256 max-rank 1280, dioint 18, nbr count 14 (Periodic)
1789972215.230434;m3-210;[INFO: RPL       ] nbr: fe80::a379  128,   128 =>   256 -- 16 rbafp (last tx 0 min ago)
1789972215.231016;m3-217;[INFO: RPL       ] nbr: own state, addr fd00::9871, DAG state: reachable, MOP 1 OCP 1 rank 264 max-rank 1280, dioint 18, nbr count 14 (Periodic)
1789972215.231049;m3-217;[INFO: RPL       ] nbr: fe80::a379  128,   136 =>   264 -- 16 rbafp (last tx 0 min ago)
1789972215.231940;m3-216;[INFO: RPL       ] nbr: own state, addr fd00::b369, DAG state: reachable, MOP 1 OCP 1 rank 256 max-rank 1280, dioint 18, nbr count 14 (Periodic)
1789972215.231974;m3-216;[INFO: RPL       ] nbr: fe80::a379  128,   128 =>   256 -- 16 rbafp (last tx 0 min ago)
1789972215.233552;m3-209;[INFO: RPL       ] nbr: own state, addr fd00::b379, DAG state: reachable, MOP 1 OCP 1 rank 259 max-rank 1280, dioint 18, nbr count 14 (Periodic)
1789972215.233585;m3-209;[INFO: RPL       ] nbr: fe80::a379  128,   131 =>   259 -- 16 rbafp (last tx 0 min ago)
1789972215.233607;m3-209;[INFO: RPL       ] nbr: fe80::b369  256,   224 =>   480 --  1   a   (last tx 3 min ago)
1789972215.234059;m3-215;[INFO: RPL       ] nbr: fe80::a379  128,   128 =>   256 -- 16 rbafp (last tx 0 min ago)
1789972215.234088;m3-215;[INFO: RPL       ] nbr: fe80::b369  256,   224 =>   480 --  1   a   (last tx 1 min ago)
1789972215.234110;m3-215;[INFO: RPL       ] nbr: fe80::b379  256,   256 =>   512 --  0   a   (no tx)
1789972215.236233;m3-208;[INFO: RPL       ] nbr: own state, addr fd00::9076, DAG state: reachable, MOP 1 OCP 1 rank 259 max-rank 1283, dioint 18, nbr count 14 (Periodic)
1789972215.236266;m3-208;[INFO: RPL       ] nbr: fe80::a379  128,   131 =>   259 -- 16 rbafp (last tx 0 min ago)
1789972215.236287;m3-208;[INFO: RPL       ] nbr: fe80::b369  256,   224 =>   480 --  1   a   (last tx 1 min ago)
1789972215.236311;m3-221;[INFO: RPL       ] nbr: own state, addr fd00::9981, DAG state: reachable, MOP 1 OCP 1 rank 256 max-rank 1280, dioint 18, nbr count 14 (Periodic)
1789972215.236333;m3-221;[INFO: RPL       ] nbr: fe80::a379  128,   128 =>   256 -- 16 rbafp (last tx 0 min ago)
1789972215.236352;m3-221;[INFO: RPL       ] nbr: fe80::b369  256,   256 =>   512 --  0   a   (no tx)
1789972215.236387;m3-221;[INFO: RPL       ] nbr: fe80::b379  258,   256 =>   514 --  0   a   (no tx)
1789972215.236754;m3-220;[INFO: RPL       ] nbr: own state, addr fd00::2160, DAG state: reachable, MOP 1 OCP 1 rank 256 max-rank 1280, dioint 18, nbr count 14 (Periodic)
1789972215.236786;m3-220;[INFO: RPL       ] nbr: fe80::a379  128,   128 =>   256 -- 16 rbafp (last tx 0 min ago)
1789972215.236808;m3-220;[INFO: RPL       ] nbr: fe80::b369  256,   200 =>   456 --  2   a   (last tx 0 min ago)
1789972215.237084;m3-207;[INFO: RPL       ] nbr: fe80::b481  256,   128 =>   384 -- 16   af  (last tx 0 min ago)
1789972215.237114;m3-207;[INFO: RPL       ] nbr: fe80::b379  258,   128 =>   386 -- 16   af  (last tx 0 min ago)
1789972215.237920;m3-214;[INFO: RPL       ] nbr: fe80::a379  128,   128 =>   256 -- 16 rbafp (last tx 0 min ago)
1789972215.237952;m3-214;[INFO: RPL       ] nbr: fe80::b369  256,   224 =>   480 --  1   a   (last tx 0 min ago)
1789972215.237974;m3-214;[INFO: RPL       ] nbr: fe80::b379  258,   256 =>   514 --  0   a   (no tx)
1789972215.239187;m3-213;[INFO: RPL       ] nbr: fe80::a379  128,   128 =>   256 -- 16 rbafp (last tx 0 min ago)
1789972215.239217;m3-213;[INFO: RPL       ] nbr: fe80::b369  256,   200 =>   456 --  2   a   (last tx 1 min ago)
1789972215.239239;m3-213;[INFO: RPL       ] nbr: fe80::b379  258,   256 =>   514 --  0   a   (no tx)
1789972215.239259;m3-213;[INFO: RPL       ] nbr: fe80::9175  256,   256 =>   512 --  0   a   (no tx)
1789972215.241992;m3-212;[INFO: RPL       ] nbr: fe80::a379  128,   128 =>   256 -- 16 rbafp (last tx 0 min ago)
1789972215.242036;m3-212;[INFO: RPL       ] nbr: fe80::b369  256,   200 =>   456 --  2   a   (last tx 2 min ago)
1789972215.242060;m3-212;[INFO: RPL       ] nbr: fe80::b379  258,   224 =>   482 --  1   a   (last tx 0 min ago)
1789972215.242145;m3-219;[INFO: RPL       ] nbr: fe80::a379  128,   128 =>   256 -- 16 rbafp (last tx 0 min ago)
1789972215.242176;m3-219;[INFO: RPL       ] nbr: fe80::b369  256,   200 =>   456 --  2   a   (last tx 2 min ago)
1789972215.242198;m3-219;[INFO: RPL       ] nbr: fe80::b379  259,   224 =>   483 --  1   a   (last tx 0 min ago)
1789972215.242416;m3-218;[INFO: RPL       ] nbr: fe80::b369  256,   224 =>   480 --  1   a   (last tx 1 min ago)
1789972215.242446;m3-218;[INFO: RPL       ] nbr: fe80::b379  258,   256 =>   514 --  0   a   (no tx)
1789972215.242468;m3-218;[INFO: RPL       ] nbr: fe80::9175  256,   224 =>   480 --  1   a   (last tx 3 min ago)
1789972215.244218;m3-211;[INFO: RPL       ] nbr: fe80::b369  256,   224 =>   480 --  1   a   (last tx 2 min ago)
1789972215.244247;m3-211;[INFO: RPL       ] nbr: fe80::b379  258,   256 =>   514 --  0   a   (no tx)
1789972215.244269;m3-211;[INFO: RPL       ] nbr: fe80::9175  256,   256 =>   512 --  0   a   (no tx)
1789972215.246218;m3-210;[INFO: RPL       ] nbr: fe80::b369  256,   182 =>   438 --  3   a   (last tx 1 min ago)
1789972215.246251;m3-210;[INFO: RPL       ] nbr: fe80::b379  258,   256 =>   514 --  0   a   (no tx)
1789972215.246272;m3-210;[INFO: RPL       ] nbr: fe80::9175  256,   256 =>   512 --  0   a   (no tx)
1789972215.246829;m3-217;[INFO: RPL       ] nbr: fe80::b369  256,   182 =>   438 --  3   a   (last tx 0 min ago)
1789972215.246859;m3-217;[INFO: RPL       ] nbr: fe80::b379  258,   256 =>   514 --  0   a   (no tx)
1789972215.246880;m3-217;[INFO: RPL       ] nbr: fe80::9175  256,   256 =>   512 --  0   a   (no tx)
1789972215.247779;m3-216;[INFO: RPL       ] nbr: fe80::b379  258,   200 =>   458 --  2   a   (last tx 3 min ago)
1789972215.247811;m3-216;[INFO: RPL       ] nbr: fe80::9175  256,   224 =>   480 --  1   a   (last tx 2 min ago)
1789972215.247833;m3-216;[INFO: RPL       ] nbr: fe80::b481  256,   224 =>   480 --  1   a   (last tx 0 min ago)
1789972215.249400;m3-209;[INFO: RPL       ] nbr: fe80::9175  256,   224 =>   480 --  1   a   (last tx 1 min ago)
1789972215.249430;m3-209;[INFO: RPL       ] nbr: fe80::b481  256,   224 =>   480 --  1   a   (last tx 0 min ago)
1789972215.249452;m3-209;[INFO: RPL       ] nbr: fe80::2160  256,   256 =>   512 --  0   a   (no tx)
1789972215.250019;m3-215;[INFO: RPL       ] nbr: fe80::b481  256,   256 =>   512 --  0   a   (no tx)
1789972215.250048;m3-215;[INFO: RPL       ] nbr: fe80::2160  256,   182 =>   438 --  3   a   (last tx 0 min ago)
1789972215.250072;m3-215;[INFO: RPL       ] nbr: fe80::8472  262,   256 =>   518 --  0   a   (no tx)
1789972215.252137;m3-208;[INFO: RPL       ] nbr: fe80::b379  258,   256 =>   514 --  0   a   (no tx)
1789972215.252167;m3-208;[INFO: RPL       ] nbr: fe80::9175  256,   256 =>   512 --  0   a   (no tx)
1789972215.252188;m3-208;[INFO: RPL       ] nbr: fe80::b481  256,   200 =>   456 --  2   a   (last tx 2 min ago)
1789972215.252211;m3-221;[INFO: RPL       ] nbr: fe80::9175  256,   256 =>   512 --  0   a   (no tx)
1789972215.252231;m3-221;[INFO: RPL       ] nbr: fe80::b481  256,   182 =>   438 --  3   a   (last tx 1 min ago)
1789972215.252249;m3-221;[INFO: RPL       ] nbr: fe80::2160  256,   256 =>   512 --  0   a   (no tx)
1789972215.252652;m3-220;[INFO: RPL       ] nbr: fe80::b379  258,   256 =>   514 --  0   a   (no tx)
1789972215.252682;m3-220;[INFO: RPL       ] nbr: fe80::9175  256,   256 =>   512 --  0   a   (no tx)
1789972215.252703;m3-220;[INFO: RPL       ] nbr: fe80::b481  256,   256 =>   512 --  0   a   (no tx)
1789972215.253025;m3-207;[INFO: RPL       ] nbr: fe80::2160  256,   128 =>   384 -- 16   af  (last tx 0 min ago)
1789972215.253054;m3-207;[INFO: RPL       ] nbr: fe80::b369  256,   128 =>   384 -- 16   af  (last tx 0 min ago)
1789972215.253076;m3-207;[INFO: RPL       ] nbr: fe80::9076  274,   128 =>   402 -- 16   af  (last tx 0 min ago)
1789972215.254036;m3-214;[INFO: RPL       ] nbr: fe80::9175  256,   256 =>   512 --  0   a   (no tx)
1789972215.254067;m3-214;[INFO: RPL       ] nbr: fe80::b481  256,   200 =>   456 --  2   a   (last tx 2 min ago)
1789972215.254089;m3-214;[INFO: RPL       ] nbr: fe80::2160  256,   256 =>   512 --  0   a   (no tx)
1789972215.254109;m3-214;[INFO: RPL       ] nbr: fe80::8472  262,   256 =>   518 --  0   a   (no tx)
1789972215.255382;m3-213;[INFO: RPL       ] nbr: fe80::b481  256,   224 =>   480 --  1   a   (last tx 4 min ago)
1789972215.255410;m3-213;[INFO: RPL       ] nbr: fe80::2160  256,   256 =>   512 --  0   a   (no tx)
1789972215.255431;m3-213;[INFO: RPL       ] nbr: fe80::9567  256,   256 =>   512 --  0   a   (no tx)
1789972215.257959;m3-212;[INFO: RPL       ] nbr: fe80::9175  256,   256 =>   512 --  0   a   (no tx)
1789972215.257991;m3-212;[INFO: RPL       ] nbr: fe80::b481  256,   256 =>   512 --  0   a   (no tx)
1789972215.258012;m3-212;[INFO: RPL       ] nbr: fe80::2160  256,   256 =>   512 --  0   a   (no tx)
1789972215.258252;m3-219;[INFO: RPL       ] nbr: fe80::9175  256,   256 =>   512 --  0   a   (no tx)
1789972215.258282;m3-219;[INFO: RPL       ] nbr: fe80::2160  256,   256 =>   512 --  0   a   (no tx)
1789972215.258304;m3-219;[INFO: RPL       ] nbr: fe80::8472  262,   256 =>   518 --  0   a   (no tx)
1789972215.258344;m3-218;[INFO: RPL       ] nbr: fe80::b481  256,   256 =>   512 --  0   a   (no tx)
1789972215.258366;m3-218;[INFO: RPL       ] nbr: fe80::2160  256,   256 =>   512 --  0   a   (no tx)
1789972215.258386;m3-218;[INFO: RPL       ] nbr: fe80::8472  262,   256 =>   518 --  0   a   (no tx)
1789972215.260401;m3-211;[INFO: RPL       ] nbr: fe80::b481  256,   182 =>   438 --  3   a   (last tx 0 min ago)
1789972215.260432;m3-211;[INFO: RPL       ] nbr: fe80::2160  256,   256 =>   512 --  0   a   (no tx)
1789972215.260452;m3-211;[INFO: RPL       ] nbr: fe80::8472  262,   256 =>   518 --  0   a   (no tx)
1789972215.262338;m3-210;[INFO: RPL       ] nbr: fe80::b481  256,   256 =>   512 --  0   a   (no tx)
1789972215.262367;m3-210;[INFO: RPL       ] nbr: fe80::2160  256,   256 =>   512 --  0   a   (no tx)
1789972215.262388;m3-210;[INFO: RPL       ] nbr: fe80::8472  262,   256 =>   518 --  0   a   (no tx)
1789972215.262927;m3-217;[INFO: RPL       ] nbr: fe80::b481  256,   256 =>   512 --  0   a   (no tx)
1789972215.262957;m3-217;[INFO: RPL       ] nbr: fe80::2160  256,   256 =>   512 --  0   a   (no tx)
1789972215.262978;m3-217;[INFO: RPL       ] nbr: fe80::8472  262,   256 =>   518 --  0   a   (no tx)
1789972215.263850;m3-216;[INFO: RPL       ] nbr: fe80::2160  256,   256 =>   512 --  0   a   (no tx)
1789972215.263880;m3-216;[INFO: RPL       ] nbr: fe80::8472  257,   256 =>   513 --  0   a   (no tx)
1789972215.263902;m3-216;[INFO: RPL       ] nbr: fe80::9567  256,   256 =>   512 --  0   a   (no tx)
1789972215.265517;m3-209;[INFO: RPL       ] nbr: fe80::8472  262,   256 =>   518 --  0   a   (no tx)
1789972215.265548;m3-209;[INFO: RPL       ] nbr: fe80::9567  256,   256 =>   512 --  0   a   (no tx)
1789972215.265569;m3-209;[INFO: RPL       ] nbr: fe80::8875  256,   256 =>   512 --  0   a   (no tx)
1789972215.266143;m3-215;[INFO: RPL       ] nbr: fe80::9567  256,   256 =>   512 --  0   a   (no tx)
1789972215.266172;m3-215;[INFO: RPL       ] nbr: fe80::8875  256,   256 =>   512 --  0   a   (no tx)
1789972215.266193;m3-215;[INFO: RPL       ] nbr: fe80::9871  256,   256 =>   512 --  0   a   (no tx)
1789972215.268338;m3-208;[INFO: RPL       ] nbr: fe80::2160  256,   256 =>   512 --  0   a   (no tx)
1789972215.268369;m3-208;[INFO: RPL       ] nbr: fe80::8472  262,   256 =>   518 --  0   a   (no tx)
1789972215.268390;m3-208;[INFO: RPL       ] nbr: fe80::9567  256,   256 =>   512 --  0   a   (no tx)
1789972215.268414;m3-221;[INFO: RPL       ] nbr: fe80::8472  262,   256 =>   518 --  0   a   (no tx)
1789972215.268433;m3-221;[INFO: RPL       ] nbr: fe80::9567  256,   256 =>   512 --  0   a   (no tx)
1789972215.268456;m3-221;[INFO: RPL       ] nbr: fe80::8875  256,   256 =>   512 --  0   a   (no tx)
1789972215.268776;m3-220;[INFO: RPL       ] nbr: fe80::8472  262,   256 =>   518 --  0   a   (no tx)
1789972215.268805;m3-220;[INFO: RPL       ] nbr: fe80::9567  256,   256 =>   512 --  0   a   (no tx)
1789972215.268826;m3-220;[INFO: RPL       ] nbr: fe80::8875  256,   224 =>   480 --  1   a   (last tx 3 min ago)
1789972215.268846;m3-220;[INFO: RPL       ] nbr: fe80::9871  256,   256 =>   512 --  0   a   (no tx)
1789972215.269024;m3-207;[INFO: RPL       ] nbr: fe80::9175  256,   128 =>   384 -- 16   af  (last tx 0 min ago)
1789972215.269053;m3-207;[INFO: RPL       ] nbr: fe80::9567  256,   128 =>   384 -- 16   af  (last tx 0 min ago)
1789972215.269902;m3-214;[INFO: RPL       ] nbr: fe80::8875  256,   256 =>   512 --  0   a   (no tx)
1789972215.269932;m3-214;[INFO: RPL       ] nbr: fe80::9871  256,   256 =>   512 --  0   a   (no tx)
1789972215.269953;m3-214;[INFO: RPL       ] nbr: fe80::b280  256,   256 =>   512 --  0   a   (no tx)
1789972215.271243;m3-213;[INFO: RPL       ] nbr: fe80::8875  256,   256 =>   512 --  0   a   (no tx)
1789972215.271273;m3-213;[INFO: RPL       ] nbr: fe80::9871  256,   256 =>   512 --  0   a   (no tx)
1789972215.271293;m3-213;[INFO: RPL       ] nbr: fe80::b280  256,   256 =>   512 --  0   a   (no tx)
1789972215.274049;m3-212;[INFO: RPL       ] nbr: fe80::8472  262,   256 =>   518 --  0   a   (no tx)
1789972215.274103;m3-212;[INFO: RPL       ] nbr: fe80::9567  256,   256 =>   512 --  0   a   (no tx)
1789972215.274127;m3-212;[INFO: RPL       ] nbr: fe80::8875  256,   256 =>   512 --  0   a   (no tx)
1789972215.274147;m3-212;[INFO: RPL       ] nbr: fe80::9871  256,   256 =>   512 --  0   a   (no tx)
1789972215.274178;m3-219;[INFO: RPL       ] nbr: fe80::9567  256,   256 =>   512 --  0   a   (no tx)
1789972215.274199;m3-219;[INFO: RPL       ] nbr: fe80::8875  256,   256 =>   512 --  0   a   (no tx)
1789972215.274217;m3-219;[INFO: RPL       ] nbr: fe80::9871  256,   256 =>   512 --  0   a   (no tx)
1789972215.274483;m3-218;[INFO: RPL       ] nbr: fe80::9567  256,   256 =>   512 --  0   a   (no tx)
1789972215.274512;m3-218;[INFO: RPL       ] nbr: fe80::8875  256,   256 =>   512 --  0   a   (no tx)
1789972215.274533;m3-218;[INFO: RPL       ] nbr: fe80::9871  256,   256 =>   512 --  0   a   (no tx)
1789972215.276257;m3-211;[INFO: RPL       ] nbr: fe80::9567  256,   256 =>   512 --  0   a   (no tx)
1789972215.276288;m3-211;[INFO: RPL       ] nbr: fe80::9871  256,   256 =>   512 --  0   a   (no tx)
1789972215.276309;m3-211;[INFO: RPL       ] nbr: fe80::b280  256,   256 =>   512 --  0   a   (no tx)
1789972215.278184;m3-210;[INFO: RPL       ] nbr: fe80::9567  256,   256 =>   512 --  0   a   (no tx)
1789972215.278214;m3-210;[INFO: RPL       ] nbr: fe80::8875  256,   256 =>   512 --  0   a   (no tx)
1789972215.278234;m3-210;[INFO: RPL       ] nbr: fe80::9871  256,   256 =>   512 --  0   a   (no tx)
1789972215.278803;m3-217;[INFO: RPL       ] nbr: fe80::9567  256,   256 =>   512 --  0   a   (no tx)
1789972215.278833;m3-217;[INFO: RPL       ] nbr: fe80::8875  256,   256 =>   512 --  0   a   (no tx)
1789972215.278855;m3-217;[INFO: RPL       ] nbr: fe80::b280  256,   256 =>   512 --  0   a   (no tx)
1789972215.279752;m3-216;[INFO: RPL       ] nbr: fe80::8875  256,   256 =>   512 --  0   a   (no tx)
1789972215.279781;m3-216;[INFO: RPL       ] nbr: fe80::9871  264,   256 =>   520 --  0   a   (no tx)
1789972215.279803;m3-216;[INFO: RPL       ] nbr: fe80::b280  256,   256 =>   512 --  0   a   (no tx)
1789972215.279824;m3-216;[INFO: RPL       ] nbr: fe80::9981  257,   256 =>   513 --  0   a   (no tx)
1789972215.281380;m3-209;[INFO: RPL       ] nbr: fe80::9871  256,   256 =>   512 --  0   a   (no tx)
1789972215.281410;m3-209;[INFO: RPL       ] nbr: fe80::b280  256,   256 =>   512 --  0   a   (no tx)
1789972215.281431;m3-209;[INFO: RPL       ] nbr: fe80::9981  257,   256 =>   513 --  0   a   (no tx)
1789972215.282035;m3-215;[INFO: RPL       ] nbr: fe80::b280  256,   256 =>   512 --  0   a   (no tx)
1789972215.282065;m3-215;[INFO: RPL       ] nbr: fe80::9981  257,   256 =>   513 --  0   a   (no tx)
1789972215.282087;m3-215;[INFO: RPL       ] nbr: fe80::9076  274,   256 =>   530 --  0   a   (no tx)
1789972215.284221;m3-208;[INFO: RPL       ] nbr: fe80::8875  256,   256 =>   512 --  0   a   (no tx)
1789972215.284251;m3-208;[INFO: RPL       ] nbr: fe80::9871  256,   256 =>   512 --  0   a   (no tx)
1789972215.284273;m3-208;[INFO: RPL       ] nbr: fe80::b280  256,   256 =>   512 --  0   a   (no tx)
1789972215.284297;m3-221;[INFO: RPL       ] nbr: fe80::9871  256,   256 =>   512 --  0   a   (no tx)
1789972215.284317;m3-221;[INFO: RPL       ] nbr: fe80::b280  256,   256 =>   512 --  0   a   (no tx)
1789972215.284337;m3-221;[INFO: RPL       ] nbr: fe80::9076  274,   256 =>   530 --  0   a   (no tx)
1789972215.284664;m3-220;[INFO: RPL       ] nbr: fe80::b280  256,   256 =>   512 --  0   a   (no tx)
1789972215.284693;m3-220;[INFO: RPL       ] nbr: fe80::9981  257,   256 =>   513 --  0   a   (no tx)
1789972215.284715;m3-220;[INFO: RPL       ] nbr: fe80::9076  274,   256 =>   530 --  0   a   (no tx)
1789972215.285192;m3-207;[INFO: RPL       ] nbr: fe80::8472  262,   128 =>   390 -- 16   af  (last tx 0 min ago)
1789972215.285221;m3-207;[INFO: RPL       ] nbr: fe80::9981  257,   128 =>   385 -- 16   af  (last tx 0 min ago)
1789972215.285244;m3-207;[INFO: RPL       ] nbr: fe80::b582  256,   128 =>   384 -- 16   af  (last tx 0 min ago)
1789972215.285856;m3-214;[INFO: RPL       ] nbr: fe80::9981  257,   256 =>   513 --  0   a   (no tx)
1789972215.285887;m3-214;[INFO: RPL       ] nbr: fe80::9076  274,   256 =>   530 --  0   a   (no tx)
1789972215.285908;m3-214;[INFO: RPL       ] nbr: fe80::c081  258,   256 =>   514 --  0   a   (no tx)
1789972215.287194;m3-213;[INFO: RPL       ] nbr: fe80::9981  257,   256 =>   513 --  0   a   (no tx)
1789972215.287222;m3-213;[INFO: RPL       ] nbr: fe80::9076  274,   256 =>   530 --  0   a   (no tx)
1789972215.287243;m3-213;[INFO: RPL       ] nbr: fe80::c081  258,   256 =>   514 --  0   a   (no tx)
1789972215.289932;m3-212;[INFO: RPL       ] nbr: fe80::9981  257,   256 =>   513 --  0   a   (no tx)
1789972215.289963;m3-212;[INFO: RPL       ] nbr: fe80::9076  274,   256 =>   530 --  0   a   (no tx)
1789972215.290001;m3-212;[INFO: RPL       ] nbr: fe80::c081  258,   256 =>   514 --  0   a   (no tx)
1789972215.290071;m3-219;[INFO: RPL       ] nbr: fe80::b280  256,   256 =>   512 --  0   a   (no tx)
1789972215.290095;m3-219;[INFO: RPL       ] nbr: fe80::9981  256,   256 =>   512 --  0   a   (no tx)
1789972215.290116;m3-219;[INFO: RPL       ] nbr: fe80::9076  274,   256 =>   530 --  0   a   (no tx)
1789972215.290370;m3-218;[INFO: RPL       ] nbr: fe80::b280  256,   256 =>   512 --  0   a   (no tx)
1789972215.290400;m3-218;[INFO: RPL       ] nbr: fe80::9981  257,   256 =>   513 --  0   a   (no tx)
1789972215.290421;m3-218;[INFO: RPL       ] nbr: fe80::9076  274,   256 =>   530 --  0   a   (no tx)
1789972215.292216;m3-211;[INFO: RPL       ] nbr: fe80::9981  257,   256 =>   513 --  0   a   (no tx)
1789972215.292246;m3-211;[INFO: RPL       ] nbr: fe80::9076  274,   256 =>   530 --  0   a   (no tx)
1789972215.292267;m3-211;[INFO: RPL       ] nbr: fe80::c081  258,   256 =>   514 --  0   a   (no tx)
1789972215.294143;m3-210;[INFO: RPL       ] nbr: fe80::b280  256,   256 =>   512 --  0   a   (no tx)
1789972215.294173;m3-210;[INFO: RPL       ] nbr: fe80::9981  257,   256 =>   513 --  0   a   (no tx)
1789972215.294194;m3-210;[INFO: RPL       ] nbr: fe80::9076  274,   256 =>   530 --  0   a   (no tx)
1789972215.294773;m3-217;[INFO: RPL       ] nbr: fe80::9981  257,   256 =>   513 --  0   a   (no tx)
1789972215.294801;m3-217;[INFO: RPL       ] nbr: fe80::9076  274,   256 =>   530 --  0   a   (no tx)
1789972215.294823;m3-217;[INFO: RPL       ] nbr: fe80::c081  258,   256 =>   514 --  0   a   (no tx)
1789972215.295715;m3-216;[INFO: RPL       ] nbr: fe80::9076  268,   256 =>   524 --  0   a   (no tx)
1789972215.295748;m3-216;[INFO: RPL       ] nbr: fe80::c081  256,   256 =>   512 --  0   a   (no tx)
1789972215.295771;m3-216;[INFO: RPL       ] nbr: fe80::b582  256,   256 =>   512 --  0   a   (no tx)
1789972215.297279;m3-209;[INFO: RPL       ] nbr: fe80::9076  274,   256 =>   530 --  0   a   (no tx)
1789972215.297309;m3-209;[INFO: RPL       ] nbr: fe80::c081  258,   256 =>   514 --  0   a   (no tx)
1789972215.297330;m3-209;[INFO: RPL       ] nbr: fe80::b582  256,   256 =>   512 --  0   a   (no tx)
1789972215.297361;m3-209;[INFO: RPL       ] nbr: end of list
1789972215.297982;m3-215;[INFO: RPL       ] nbr: fe80::c081  258,   256 =>   514 --  0   a   (no tx)
1789972215.298012;m3-215;[INFO: RPL       ] nbr: fe80::b582  256,   256 =>   512 --  0   a   (no tx)
1789972215.298034;m3-215;[INFO: RPL       ] nbr: end of list
1789972215.300211;m3-208;[INFO: RPL       ] nbr: fe80::9981  257,   256 =>   513 --  0   a   (no tx)
1789972215.300241;m3-208;[INFO: RPL       ] nbr: fe80::c081  258,   256 =>   514 --  0   a   (no tx)
1789972215.300261;m3-208;[INFO: RPL       ] nbr: fe80::b582  256,   256 =>   512 --  0   a   (no tx)
1789972215.300280;m3-208;[INFO: RPL       ] nbr: end of list
1789972215.300302;m3-221;[INFO: RPL       ] nbr: fe80::c081  258,   256 =>   514 --  0   a   (no tx)
1789972215.300320;m3-221;[INFO: RPL       ] nbr: fe80::b582  256,   256 =>   512 --  0   a   (no tx)
1789972215.300354;m3-221;[INFO: RPL       ] nbr: end of list
1789972215.300625;m3-220;[INFO: RPL       ] nbr: fe80::c081  258,   256 =>   514 --  0   a   (no tx)
1789972215.300651;m3-220;[INFO: RPL       ] nbr: fe80::b582  256,   256 =>   512 --  0   a   (no tx)
1789972215.300671;m3-220;[INFO: RPL       ] nbr: end of list
1789972215.301080;m3-207;[INFO: RPL       ] nbr: fe80::8875  256,   128 =>   384 -- 16   af  (last tx 0 min ago)
1789972215.301110;m3-207;[INFO: RPL       ] nbr: fe80::c081  258,   128 =>   386 -- 16   af  (last tx 0 min ago)
1789972215.301816;m3-214;[INFO: RPL       ] nbr: fe80::b582  256,   256 =>   512 --  0   a   (no tx)
1789972215.301846;m3-214;[INFO: RPL       ] nbr: end of list
1789972215.303135;m3-213;[INFO: RPL       ] nbr: fe80::b582  256,   256 =>   512 --  0   a   (no tx)
1789972215.303162;m3-213;[INFO: RPL       ] nbr: end of list
1789972215.305871;m3-212;[INFO: RPL       ] nbr: fe80::b582  256,   256 =>   512 --  0   a   (no tx)
1789972215.305902;m3-212;[INFO: RPL       ] nbr: end of list
1789972215.306045;m3-219;[INFO: RPL       ] nbr: fe80::c081  258,   256 =>   514 --  0   a   (no tx)
1789972215.306071;m3-219;[INFO: RPL       ] nbr: fe80::b582  256,   256 =>   512 --  0   a   (no tx)
1789972215.306092;m3-219;[INFO: RPL       ] nbr: end of list
1789972215.306319;m3-218;[INFO: RPL       ] nbr: fe80::c081  258,   256 =>   514 --  0   a   (no tx)
1789972215.306348;m3-218;[INFO: RPL       ] nbr: end of list
1789972215.308172;m3-211;[INFO: RPL       ] nbr: fe80::b582  256,   256 =>   512 --  0   a   (no tx)
1789972215.308202;m3-211;[INFO: RPL       ] nbr: end of list
1789972215.310108;m3-210;[INFO: RPL       ] nbr: fe80::b582  256,   256 =>   512 --  0   a   (no tx)
1789972215.310138;m3-210;[INFO: RPL       ] nbr: end of list
1789972215.310716;m3-217;[INFO: RPL       ] nbr: fe80::b582  256,   256 =>   512 --  0   a   (no tx)
1789972215.310744;m3-217;[INFO: RPL       ] nbr: end of list
1789972215.311644;m3-216;[INFO: RPL       ] nbr: end of list
1789972215.317373;m3-207;[INFO: RPL       ] nbr: fe80::b280  256,   128 =>   384 -- 16   af  (last tx 0 min ago)
1789972215.317420;m3-207;[INFO: RPL       ] nbr: fe80::9871  256,   128 =>   384 -- 16  baf  (last tx 0 min ago)
1789972215.317443;m3-207;[INFO: RPL       ] nbr: end of list
1789972215.317463;m3-207;[INFO: RPL       ] links: 15 routing links in total (Periodic)
1789972215.317482;m3-207;[INFO: RPL       ] links: fd00::a379  (DODAG root) (lifetime: infinite)
1789972215.317501;m3-207;[INFO: RPL       ] links: fd00::b369  to fd00::a379 (lifetime: 1440 seconds)
1789972215.317520;m3-207;[INFO: RPL       ] links: fd00::b379  to fd00::a379 (lifetime: 1440 seconds)
1789972215.331917;m3-207;[INFO: RPL       ] links: fd00::9175  to fd00::a379 (lifetime: 1440 seconds)
1789972215.331949;m3-207;[INFO: RPL       ] links: fd00::2160  to fd00::a379 (lifetime: 1440 seconds)
1789972215.331986;m3-207;[INFO: RPL       ] links: fd00::b481  to fd00::a379 (lifetime: 1440 seconds)
1789972215.332006;m3-207;[INFO: RPL       ] links: fd00::8472  to fd00::a379 (lifetime: 1440 seconds)
1789972215.332025;m3-207;[INFO: RPL       ] links: fd00::8875  to fd00::a379 (lifetime: 1440 seconds)
1789972215.332043;m3-207;[INFO: RPL       ] links: fd00::9871  to fd00::a379 (lifetime: 1440 seconds)
1789972215.345227;m3-207;[INFO: RPL       ] links: fd00::9567  to fd00::a379 (lifetime: 1440 seconds)
1789972215.345262;m3-207;[INFO: RPL       ] links: fd00::b280  to fd00::a379 (lifetime: 1440 seconds)
1789972215.345283;m3-207;[INFO: RPL       ] links: fd00::9981  to fd00::a379 (lifetime: 1440 seconds)
1789972215.345303;m3-207;[INFO: RPL       ] links: fd00::9076  to fd00::a379 (lifetime: 1440 seconds)
1789972215.345321;m3-207;[INFO: RPL       ] links: fd00::c081  to fd00::a379 (lifetime: 1440 seconds)
1789972215.345363;m3-207;[INFO: RPL       ] links: fd00::b582  to fd00::a379 (lifetime: 1440 seconds)
1789972215.345382;m3-207;[INFO: RPL       ] links: end of list
1789972215.514158;m3-219;[INFO: App       ] Sending request 34 to fd00::a379
1789972215.514203;m3-219;[INFO: RPL       ] creating hop-by-hop option
1789972215.530104;m3-219;[INFO: RPL       ] packet sent to 0200.0000.0000.a379, status 0, tx 1, new link metric 128
1789972215.537189;m3-207;[INFO: RPL       ] ext hdr: packet from fd00::b481 to fd00::a379 going up, sender closer 0 (256 < 128), rank error 0, loop detected 0
1789972215.537225;m3-207;[INFO: RPL       ] ext hdr: packet from fd00::b481 to fd00::a379 going up, sender closer 0 (256 < 128), rank error 0, loop detected 0
1789972215.537250;m3-207;[INFO: App       ] Received request 'hello 34' from fd00::b481
1789972215.537270;m3-207;[INFO: App       ] Sending response.
1789972215.537289;m3-207;[INFO: RPL       ] SRH creating source routing header with destination fd00::b481 
1789972215.537324;m3-207;[INFO: RPL       ] SRH path len: 0, ComprI 15, ComprE 15, ext len 8 (padding 0)
1789972215.593964;m3-219;[INFO: App       ] Received response 'hello 34' from fd00::a379
1789972215.601044;m3-207;[INFO: RPL       ] packet sent to 0200.0000.0000.b481, status 0, tx 1, new link metric 128
1789972216.396321;m3-211;[INFO: App       ] Sending request 35 to fd00::a379
1789972216.396373;m3-211;[INFO: RPL       ] creating hop-by-hop option
1789972216.460181;m3-211;[INFO: RPL       ] packet sent to 0200.0000.0000.a379, status 0, tx 1, new link metric 128
1789972216.465097;m3-207;[INFO: RPL       ] ext hdr: packet from fd00::8875 to fd00::a379 going up, sender closer 0 (256 < 128), rank error 0, loop detected 0
1789972216.465135;m3-207;[INFO: RPL       ] ext hdr: packet from fd00::8875 to fd00::a379 going up, sender closer 0 (256 < 128), rank error 0, loop detected 0
1789972216.465160;m3-207;[INFO: App       ] Received request 'hello 35' from fd00::8875
1789972216.465180;m3-207;[INFO: App       ] Sending response.
1789972216.465198;m3-207;[INFO: RPL       ] SRH creating source routing header with destination fd00::8875 
1789972216.465234;m3-207;[INFO: RPL       ] SRH path len: 0, ComprI 15, ComprE 15, ext len 8 (padding 0)
1789972216.524121;m3-211;[INFO: App       ] Received response 'hello 35' from fd00::a379
1789972216.529031;m3-207;[INFO: RPL       ] packet sent to 0200.0000.0000.8875, status 0, tx 1, new link metric 128
1789972217.422823;m3-217;[INFO: App       ] Sending request 33 to fd00::a379
1789972217.422874;m3-217;[INFO: RPL       ] creating hop-by-hop option
1789972217.454607;m3-217;[INFO: RPL       ] packet sent to 0200.0000.0000.a379, status 0, tx 1, new link metric 135
1789972217.457054;m3-207;[INFO: RPL       ] ext hdr: packet from fd00::9871 to fd00::a379 going up, sender closer 0 (264 < 128), rank error 0, loop detected 0
1789972217.457091;m3-207;[INFO: RPL       ] ext hdr: packet from fd00::9871 to fd00::a379 going up, sender closer 0 (264 < 128), rank error 0, loop detected 0
1789972217.457116;m3-207;[INFO: App       ] Received request 'hello 33' from fd00::9871
1789972217.457136;m3-207;[INFO: App       ] Sending response.
1789972217.457155;m3-207;[INFO: RPL       ] SRH creating source routing header with destination fd00::9871 
1789972217.457190;m3-207;[INFO: RPL       ] SRH path len: 0, ComprI 15, ComprE 15, ext len 8 (padding 0)
1789972217.459986;m3-221;[INFO: App       ] Sending request 33 to fd00::a379
1789972217.460020;m3-221;[INFO: RPL       ] creating hop-by-hop option
1789972217.473010;m3-207;[INFO: RPL       ] ext hdr: packet from fd00::9981 to fd00::a379 going up, sender closer 0 (256 < 128), rank error 0, loop detected 0
1789972217.473047;m3-207;[INFO: RPL       ] ext hdr: packet from fd00::9981 to fd00::a379 going up, sender closer 0 (256 < 128), rank error 0, loop detected 0
1789972217.474039;m3-215;[INFO: App       ] Sending request 34 to fd00::a379
1789972217.474070;m3-215;[INFO: RPL       ] creating hop-by-hop option
1789972217.475943;m3-221;[INFO: RPL       ] packet sent to 0200.0000.0000.a379, status 0, tx 1, new link metric 128
1789972217.488972;m3-207;[INFO: App       ] Received request 'hello 33' from fd00::9981
1789972217.489015;m3-207;[INFO: App       ] Sending response.
1789972217.489037;m3-207;[INFO: RPL       ] SRH creating source routing header with destination fd00::9981 
1789972217.489058;m3-207;[INFO: RPL       ] SRH path len: 0, ComprI 15, ComprE 15, ext len 8 (padding 0)
1789972217.503886;m3-207;[INFO: RPL       ] ext hdr: packet from fd00::9175 to fd00::a379 going up, sender closer 0 (256 < 128), rank error 0, loop detected 0
1789972217.503922;m3-207;[INFO: RPL       ] ext hdr: packet from fd00::9175 to fd00::a379 going up, sender closer 0 (256 < 128), rank error 0, loop detected 0
1789972217.503963;m3-207;[INFO: App       ] Received request 'hello 34' from fd00::9175
1789972217.503983;m3-207;[INFO: App       ] Sending response.
1789972217.504002;m3-207;[INFO: RPL       ] SRH creating source routing header with destination fd00::9175 
1789972217.505940;m3-215;[INFO: RPL       ] packet sent to 0200.0000.0000.a379, status 0, tx 1, new link metric 128
1789972217.518588;m3-217;[INFO: App       ] Received response 'hello 33' from fd00::a379
1789972217.518799;m3-207;[INFO: RPL       ] SRH path len: 0, ComprI 15, ComprE 15, ext len 8 (padding 0)
1789972217.518827;m3-207;[INFO: RPL       ] packet sent to 0200.0000.0000.9175, status 4, tx 1, new link metric 128
1789972217.518849;m3-207;[INFO: RPL       ] packet sent to 0200.0000.0000.9871, status 0, tx 1, new link metric 128
1789972217.534907;m3-207;[INFO: RPL       ] packet sent to 0200.0000.0000.9981, status 0, tx 1, new link metric 128
1789972217.539919;m3-221;[INFO: App       ] Received response 'hello 33' from fd00::a379
1789972218.255745;m3-216;[INFO: App       ] Sending request 35 to fd00::a379
1789972218.255796;m3-216;[INFO: RPL       ] creating hop-by-hop option
1789972218.300152;m3-207;[INFO: RPL       ] ext hdr: packet from fd00::b369 to fd00::a379 going up, sender closer 0 (256 < 128), rank error 0, loop detected 0
1789972218.300193;m3-207;[INFO: RPL       ] ext hdr: packet from fd00::b369 to fd00::a379 going up, sender closer 0 (256 < 128), rank error 0, loop detected 0
1789972218.300219;m3-207;[INFO: App       ] Received request 'hello 35' from fd00::b369
1789972218.300239;m3-207;[INFO: App       ] Sending response.
1789972218.300257;m3-207;[INFO: RPL       ] SRH creating source routing header with destination fd00::b369 
1789972218.303584;m3-216;[INFO: RPL       ] packet sent to 0200.0000.0000.a379, status 0, tx 1, new link metric 128
1789972218.315828;m3-207;[INFO: RPL       ] SRH path len: 0, ComprI 15, ComprE 15, ext len 8 (padding 0)
1789972218.315863;m3-207;[INFO: RPL       ] packet sent to 0200.0000.0000.b369, status 0, tx 1, new link metric 128
1789972218.319483;m3-216;[INFO: App       ] Received response 'hello 35' from fd00::a379
1789972218.327027;m3-213;[INFO: App       ] Sending request 35 to fd00::a379
1789972218.327058;m3-213;[INFO: RPL       ] creating hop-by-hop option
1789972218.347852;m3-207;[INFO: RPL       ] ext hdr: packet from fd00::8472 to fd00::a379 going up, sender closer 0 (256 < 128), rank error 0, loop detected 0
1789972218.358860;m3-213;[INFO: RPL       ] packet sent to 0200.0000.0000.a379, status 0, tx 1, new link metric 128
1789972218.363821;m3-207;[INFO: RPL       ] ext hdr: packet from fd00::8472 to fd00::a379 going up, sender closer 0 (256 < 128), rank error 0, loop detected 0
1789972218.363860;m3-207;[INFO: App       ] Received request 'hello 35' from fd00::8472
1789972218.363883;m3-207;[INFO: App       ] Sending response.
1789972218.363904;m3-207;[INFO: RPL       ] SRH creating source routing header with destination fd00::8472 
1789972218.363924;m3-207;[INFO: RPL       ] SRH path len: 0, ComprI 15, ComprE 15, ext len 8 (padding 0)
1789972218.363945;m3-207;[INFO: RPL       ] packet sent to 0200.0000.0000.8472, status 0, tx 1, new link metric 128
1789972218.374787;m3-213;[INFO: App       ] Received response 'hello 35' from fd00::a379
1789972218.477964;m3-210;[INFO: App       ] Sending request 34 to fd00::a379
1789972218.493778;m3-210;[INFO: RPL       ] creating hop-by-hop option
1789972218.507856;m3-207;[INFO: RPL       ] ext hdr: packet from fd00::c081 to fd00::a379 going up, sender closer 0 (256 < 128), rank error 0, loop detected 0
1789972218.507900;m3-207;[INFO: RPL       ] ext hdr: packet from fd00::c081 to fd00::a379 going up, sender closer 0 (256 < 128), rank error 0, loop detected 0
1789972218.507925;m3-207;[INFO: App       ] Received request 'hello 34' from fd00::c081
1789972218.509736;m3-210;[INFO: RPL       ] packet sent to 0200.0000.0000.a379, status 0, tx 1, new link metric 128
1789972218.523770;m3-207;[INFO: App       ] Sending response.
1789972218.523803;m3-207;[INFO: RPL       ] SRH creating source routing header with destination fd00::c081 
1789972218.523842;m3-207;[INFO: RPL       ] SRH path len: 0, ComprI 15, ComprE 15, ext len 8 (padding 0)
1789972218.541716;m3-210;[INFO: App       ] Received response 'hello 34' from fd00::a379
1789972218.555715;m3-207;[INFO: RPL       ] packet sent to 0200.0000.0000.c081, status 0, tx 1, new link metric 128
1789972218.758853;m3-213;[INFO: RPL       ] probing fe80::b369  last tx 1 min ago
1789972218.758899;m3-213;[INFO: RPL       ] sending a unicast-DIO with rank 256 to fe80::b369
1789972218.769390;m3-216;[INFO: RPL       ] received a unicast-DIO from fe80::8472, instance_id 0, DAG ID fd00::a379, version 240, dtsn 240, rank 256
1789972218.774788;m3-213;[INFO: RPL       ] packet sent to 0200.0000.0000.b369, status 0, tx 1, new link metric 182
1789972220.026074;m3-218;[INFO: App       ] Sending request 34 to fd00::a379
1789972220.026146;m3-218;[INFO: RPL       ] creating hop-by-hop option
1789972220.041878;m3-218;[INFO: RPL       ] packet sent to 0200.0000.0000.a379, status 0, tx 1, new link metric 128
1789972220.043775;m3-207;[INFO: RPL       ] ext hdr: packet from fd00::b582 to fd00::a379 going up, sender closer 0 (256 < 128), rank error 0, loop detected 0
1789972220.043813;m3-207;[INFO: RPL       ] ext hdr: packet from fd00::b582 to fd00::a379 going up, sender closer 0 (256 < 128), rank error 0, loop detected 0
1789972220.059652;m3-207;[INFO: App       ] Received request 'hello 34' from fd00::b582
1789972220.059686;m3-207;[INFO: App       ] Sending response.
1789972220.059707;m3-207;[INFO: RPL       ] SRH creating source routing header with destination fd00::b582 
1789972220.059727;m3-207;[INFO: RPL       ] SRH path len: 0, ComprI 15, ComprE 15, ext len 8 (padding 0)
1789972220.105761;m3-218;[INFO: App       ] Received response 'hello 34' from fd00::a379
1789972220.107609;m3-207;[INFO: RPL       ] packet sent to 0200.0000.0000.b582, status 0, tx 1, new link metric 128
1789972220.468431;m3-220;[INFO: App       ] Sending request 35 to fd00::a379
1789972220.468481;m3-220;[INFO: RPL       ] creating hop-by-hop option
1789972220.475752;m3-207;[INFO: RPL       ] ext hdr: packet from fd00::2160 to fd00::a379 going up, sender closer 0 (256 < 128), rank error 0, loop detected 0
1789972220.475791;m3-207;[INFO: RPL       ] ext hdr: packet from fd00::2160 to fd00::a379 going up, sender closer 0 (256 < 128), rank error 0, loop detected 0
1789972220.475817;m3-207;[INFO: App       ] Received request 'hello 35' from fd00::2160
1789972220.484207;m3-220;[INFO: RPL       ] packet sent to 0200.0000.0000.a379, status 0, tx 1, new link metric 128
1789972220.491630;m3-207;[INFO: App       ] Sending response.
1789972220.491662;m3-207;[INFO: RPL       ] SRH creating source routing header with destination fd00::2160 
1789972220.491701;m3-207;[INFO: RPL       ] SRH path len: 0, ComprI 15, ComprE 15, ext len 8 (padding 0)
1789972220.515996;m3-220;[INFO: App       ] Received response 'hello 35' from fd00::a379
1789972220.523499;m3-207;[INFO: RPL       ] packet sent to 0200.0000.0000.2160, status 0, tx 1, new link metric 128
1789972220.701622;m3-210;[INFO: RPL       ] probing fe80::b369  last tx 1 min ago
1789972220.717515;m3-210;[INFO: RPL       ] sending a unicast-DIO with rank 256 to fe80::b369
1789972220.733535;m3-210;[INFO: RPL       ] packet sent to 0200.0000.0000.b369, status 0, tx 1, new link metric 176
1789972220.735362;m3-216;[INFO: RPL       ] received a unicast-DIO from fe80::c081, instance_id 0, DAG ID fd00::a379, version 240, dtsn 240, rank 256
1789972221.377030;m3-209;[INFO: App       ] Sending request 34 to fd00::a379
1789972221.377082;m3-209;[INFO: RPL       ] creating hop-by-hop option
1789972221.387752;m3-207;[INFO: RPL       ] ext hdr: packet from fd00::b379 to fd00::a379 going up, sender closer 0 (259 < 128), rank error 0, loop detected 0
1789972221.387789;m3-207;[INFO: RPL       ] ext hdr: packet from fd00::b379 to fd00::a379 going up, sender closer 0 (259 < 128), rank error 0, loop detected 0
1789972221.392688;m3-209;[INFO: RPL       ] packet sent to 0200.0000.0000.a379, status 0, tx 1, new link metric 130
1789972221.403597;m3-207;[INFO: App       ] Received request 'hello 34' from fd00::b379
1789972221.403631;m3-207;[INFO: App       ] Sending response.
1789972221.403653;m3-207;[INFO: RPL       ] SRH creating source routing header with destination fd00::b379 
1789972221.403675;m3-207;[INFO: RPL       ] SRH path len: 0, ComprI 15, ComprE 15, ext len 8 (padding 0)
1789972221.435515;m3-207;[INFO: RPL       ] packet sent to 0200.0000.0000.b379, status 0, tx 1, new link metric 128
1789972221.440627;m3-209;[INFO: App       ] Received response 'hello 34' from fd00::a379
1789972222.009516;m3-212;[INFO: App       ] Sending request 34 to fd00::a379
1789972222.009567;m3-212;[INFO: RPL       ] creating hop-by-hop option
1789972222.011421;m3-207;[INFO: RPL       ] ext hdr: packet from fd00::b280 to fd00::a379 going up, sender closer 0 (256 < 128), rank error 0, loop detected 0
1789972222.025259;m3-212;[INFO: RPL       ] packet sent to 0200.0000.0000.a379, status 0, tx 1, new link metric 128
1789972222.027443;m3-207;[INFO: RPL       ] ext hdr: packet from fd00::b280 to fd00::a379 going up, sender closer 0 (256 < 128), rank error 0, loop detected 0
1789972222.027479;m3-207;[INFO: App       ] Received request 'hello 34' from fd00::b280
1789972222.027501;m3-207;[INFO: App       ] Sending response.
1789972222.027521;m3-207;[INFO: RPL       ] SRH creating source routing header with destination fd00::b280 
1789972222.027541;m3-207;[INFO: RPL       ] SRH path len: 0, ComprI 15, ComprE 15, ext len 8 (padding 0)
1789972222.089245;m3-212;[INFO: App       ] Received response 'hello 34' from fd00::a379
1789972222.091378;m3-207;[INFO: RPL       ] packet sent to 0200.0000.0000.b280, status 0, tx 1, new link metric 128
1789972222.467577;m3-208;[INFO: App       ] Sending request 35 to fd00::a379
1789972222.467630;m3-208;[INFO: RPL       ] creating hop-by-hop option
1789972222.499479;m3-208;[INFO: RPL       ] packet sent to 0200.0000.0000.a379, status 0, tx 1, new link metric 130
1789972222.507475;m3-207;[INFO: RPL       ] ext hdr: packet from fd00::9076 to fd00::a379 going up, sender closer 0 (259 < 128), rank error 0, loop detected 0
1789972222.507513;m3-207;[INFO: RPL       ] ext hdr: packet from fd00::9076 to fd00::a379 going up, sender closer 0 (259 < 128), rank error 0, loop detected 0
1789972222.507539;m3-207;[INFO: App       ] Received request 'hello 35' from fd00::9076
1789972222.507560;m3-207;[INFO: App       ] Sending response.
1789972222.507578;m3-207;[INFO: RPL       ] SRH creating source routing header with destination fd00::9076 
1789972222.507614;m3-207;[INFO: RPL       ] SRH path len: 0, ComprI 15, ComprE 15, ext len 8 (padding 0)
1789972222.515389;m3-208;[INFO: App       ] Received response 'hello 35' from fd00::a379
1789972222.523397;m3-207;[INFO: RPL       ] packet sent to 0200.0000.0000.9076, status 0, tx 1, new link metric 128
1789972222.805469;m3-214;[INFO: App       ] Sending request 34 to fd00::a379
1789972222.805516;m3-214;[INFO: RPL       ] creating hop-by-hop option
1789972222.859437;m3-207;[INFO: RPL       ] ext hdr: packet from fd00::9567 to fd00::a379 going up, sender closer 0 (256 < 128), rank error 0, loop detected 0
1789972222.859484;m3-207;[INFO: RPL       ] ext hdr: packet from fd00::9567 to fd00::a379 going up, sender closer 0 (256 < 128), rank error 0, loop detected 0
1789972222.869242;m3-214;[INFO: RPL       ] packet sent to 0200.0000.0000.a379, status 0, tx 1, new link metric 128
1789972222.875417;m3-207;[INFO: App       ] Received request 'hello 34' from fd00::9567
1789972222.875451;m3-207;[INFO: App       ] Sending response.
1789972222.875473;m3-207;[INFO: RPL       ] SRH creating source routing header with destination fd00::9567 
1789972222.875493;m3-207;[INFO: RPL       ] SRH path len: 0, ComprI 15, ComprE 15, ext len 8 (padding 0)
1789972222.875513;m3-207;[INFO: RPL       ] packet sent to 0200.0000.0000.9567, status 0, tx 1, new link metric 128
1789972222.885190;m3-214;[INFO: App       ] Received response 'hello 34' from fd00::a379
1789972225.081421;m3-219;[INFO: App       ] Sending request 35 to fd00::a379
1789972225.081498;m3-219;[INFO: RPL       ] creating hop-by-hop option
1789972225.129135;m3-219;[INFO: RPL       ] packet sent to 0200.0000.0000.a379, status 0, tx 1, new link metric 128
1789972225.130850;m3-207;[INFO: RPL       ] ext hdr: packet from fd00::b481 to fd00::a379 going up, sender closer 0 (256 < 128), rank error 0, loop detected 0
1789972225.130889;m3-207;[INFO: RPL       ] ext hdr: packet from fd00::b481 to fd00::a379 going up, sender closer 0 (256 < 128), rank error 0, loop detected 0
1789972225.130916;m3-207;[INFO: App       ] Received request 'hello 35' from fd00::b481
1789972225.130937;m3-207;[INFO: App       ] Sending response.
1789972225.130957;m3-207;[INFO: RPL       ] SRH creating source routing header with destination fd00::b481 
1789972225.149376;m3-218;[INFO: RPL       ] probing fe80::b369  last tx 2 min ago
1789972225.149406;m3-218;[INFO: RPL       ] sending a unicast-DIO with rank 256 to fe80::b369
1789972225.149431;m3-207;[INFO: RPL       ] SRH path len: 0, ComprI 15, ComprE 15, ext len 8 (padding 0)
1789972225.150820;m3-216;[INFO: RPL       ] received a unicast-DIO from fe80::b582, instance_id 0, DAG ID fd00::a379, version 240, dtsn 240, rank 256
1789972225.161057;m3-219;[INFO: App       ] Received response 'hello 35' from fd00::a379
1789972225.161232;m3-218;[INFO: RPL       ] packet sent to 0200.0000.0000.b369, status 0, tx 1, new link metric 200
1789972225.162066;m3-207;[INFO: RPL       ] packet sent to 0200.0000.0000.b481, status 0, tx 1, new link metric 128
1789972225.914196;m3-207;[INFO: RPL       ] ext hdr: packet from fd00::8875 to fd00::a379 going up, sender closer 0 (256 < 128), rank error 0, loop detected 0
1789972225.915351;m3-211;[INFO: App       ] Sending request 36 to fd00::a379
1789972225.915391;m3-211;[INFO: RPL       ] creating hop-by-hop option
1789972225.915415;m3-211;[INFO: RPL       ] packet sent to 0200.0000.0000.a379, status 0, tx 1, new link metric 128
1789972225.930073;m3-207;[INFO: RPL       ] ext hdr: packet from fd00::8875 to fd00::a379 going up, sender closer 0 (256 < 128), rank error 0, loop detected 0
1789972225.930110;m3-207;[INFO: App       ] Received request 'hello 36' from fd00::8875
1789972225.930132;m3-207;[INFO: App       ] Sending response.
1789972225.930151;m3-207;[INFO: RPL       ] SRH creating source routing header with destination fd00::8875 
1789972225.930170;m3-207;[INFO: RPL       ] SRH path len: 0, ComprI 15, ComprE 15, ext len 8 (padding 0)
1789972225.961977;m3-207;[INFO: RPL       ] packet sent to 0200.0000.0000.8875, status 0, tx 1, new link metric 128
1789972225.963077;m3-211;[INFO: App       ] Received response 'hello 36' from fd00::a379
1789972226.163052;m3-208;[INFO: RPL       ] probing fe80::b379  last tx 6 min ago
1789972226.163101;m3-208;[INFO: RPL       ] sending a unicast-DIO with rank 258 to fe80::b379
1789972226.192387;m3-209;[INFO: RPL       ] received a unicast-DIO from fe80::9076, instance_id 0, DAG ID fd00::a379, version 240, dtsn 240, rank 258
1789972226.194990;m3-208;[INFO: RPL       ] packet sent to 0200.0000.0000.b379, status 0, tx 1, new link metric 224
1789972226.563306;m3-221;[INFO: App       ] Sending request 34 to fd00::a379
1789972226.563355;m3-221;[INFO: RPL       ] creating hop-by-hop option
1789972226.563380;m3-221;[INFO: RPL       ] packet sent to 0200.0000.0000.a379, status 0, tx 1, new link metric 128
1789972226.570170;m3-207;[INFO: RPL       ] ext hdr: packet from fd00::9981 to fd00::a379 going up, sender closer 0 (256 < 128), rank error 0, loop detected 0
1789972226.570206;m3-207;[INFO: RPL       ] ext hdr: packet from fd00::9981 to fd00::a379 going up, sender closer 0 (256 < 128), rank error 0, loop detected 0
1789972226.570247;m3-207;[INFO: App       ] Received request 'hello 34' from fd00::9981
1789972226.570268;m3-207;[INFO: App       ] Sending response.
1789972226.570287;m3-207;[INFO: RPL       ] SRH creating source routing header with destination fd00::9981 
1789972226.586015;m3-207;[INFO: RPL       ] SRH path len: 0, ComprI 15, ComprE 15, ext len 8 (padding 0)
1789972226.624849;m3-215;[INFO: App       ] Sending request 35 to fd00::a379
1789972226.624887;m3-215;[INFO: RPL       ] creating hop-by-hop option
1789972226.626985;m3-221;[INFO: App       ] Received response 'hello 34' from fd00::a379
1789972226.633917;m3-207;[INFO: RPL       ] packet sent to 0200.0000.0000.9981, status 0, tx 1, new link metric 128
1789972226.640790;m3-215;[INFO: RPL       ] packet sent to 0200.0000.0000.a379, status 0, tx 1, new link metric 128
1789972226.650023;m3-207;[INFO: RPL       ] ext hdr: packet from fd00::9175 to fd00::a379 going up, sender closer 0 (256 < 128), rank error 0, loop detected 0
1789972226.650059;m3-207;[INFO: RPL       ] ext hdr: packet from fd00::9175 to fd00::a379 going up, sender closer 0 (256 < 128), rank error 0, loop detected 0
1789972226.650084;m3-207;[INFO: App       ] Received request 'hello 35' from fd00::9175
1789972226.650103;m3-207;[INFO: App       ] Sending response.
1789972226.650121;m3-207;[INFO: RPL       ] SRH creating source routing header with destination fd00::9175 
1789972226.650157;m3-207;[INFO: RPL       ] SRH path len: 0, ComprI 15, ComprE 15, ext len 8 (padding 0)
1789972226.650176;m3-207;[INFO: RPL       ] packet sent to 0200.0000.0000.9175, status 0, tx 1, new link metric 128
1789972226.656767;m3-215;[INFO: App       ] Received response 'hello 35' from fd00::a379
1789972227.154956;m3-221;[INFO: RPL       ] probing fe80::b481  last tx 1 min ago
1789972227.155014;m3-221;[INFO: RPL       ] sending a unicast-DIO with rank 256 to fe80::b481
1789972227.218809;m3-221;[INFO: RPL       ] packet sent to 0200.0000.0000.b481, status 0, tx 1, new link metric 176
1789972227.224851;m3-219;[INFO: RPL       ] received a unicast-DIO from fe80::9981, instance_id 0, DAG ID fd00::a379, version 240, dtsn 240, rank 256
1789972227.437883;m3-217;[INFO: App       ] Sending request 34 to fd00::a379
1789972227.437930;m3-217;[INFO: RPL       ] creating hop-by-hop option
1789972227.480647;m3-207;[INFO: RPL       ] ext hdr: packet from fd00::9871 to fd00::a379 going up, sender closer 0 (263 < 128), rank error 0, loop detected 0
1789972227.480690;m3-207;[INFO: RPL       ] ext hdr: packet from fd00::9871 to fd00::a379 going up, sender closer 0 (263 < 128), rank error 0, loop detected 0
1789972227.480732;m3-207;[INFO: App       ] Received request 'hello 34' from fd00::9871
1789972227.480753;m3-207;[INFO: App       ] Sending response.
1789972227.480773;m3-207;[INFO: RPL       ] SRH creating source routing header with destination fd00::9871 
1789972227.485602;m3-217;[INFO: RPL       ] packet sent to 0200.0000.0000.a379, status 0, tx 1, new link metric 134
1789972227.495841;m3-207;[INFO: RPL       ] SRH path len: 0, ComprI 15, ComprE 15, ext len 8 (padding 0)
1789972227.501569;m3-217;[INFO: App       ] Received response 'hello 34' from fd00::a379
1789972227.511828;m3-207;[INFO: RPL       ] packet sent to 0200.0000.0000.9871, status 0, tx 1, new link metric 128
1789972228.606497;m3-216;[INFO: App       ] Sending request 36 to fd00::a379
1789972228.615999;m3-207;[INFO: RPL       ] ext hdr: packet from fd00::b369 to fd00::a379 going up, sender closer 0 (256 < 128), rank error 0, loop detected 0
1789972228.622310;m3-216;[INFO: RPL       ] creating hop-by-hop option
1789972228.622345;m3-216;[INFO: RPL       ] packet sent to 0200.0000.0000.a379, status 0, tx 1, new link metric 128
1789972228.631921;m3-207;[INFO: RPL       ] ext hdr: packet from fd00::b369 to fd00::a379 going up, sender closer 0 (256 < 128), rank error 0, loop detected 0
1789972228.631959;m3-207;[INFO: App       ] Received request 'hello 36' from fd00::b369
1789972228.631981;m3-207;[INFO: App       ] Sending response.
1789972228.632001;m3-207;[INFO: RPL       ] SRH creating source routing header with destination fd00::b369 
1789972228.632021;m3-207;[INFO: RPL       ] SRH path len: 0, ComprI 15, ComprE 15, ext len 8 (padding 0)
1789972228.632056;m3-207;[INFO: RPL       ] packet sent to 0200.0000.0000.b369, status 0, tx 1, new link metric 128
1789972228.638246;m3-216;[INFO: App       ] Received response 'hello 36' from fd00::a379
1789972228.853887;m3-213;[INFO: App       ] Sending request 36 to fd00::a379
1789972228.853936;m3-213;[INFO: RPL       ] creating hop-by-hop option
1789972228.885694;m3-213;[INFO: RPL       ] packet sent to 0200.0000.0000.a379, status 0, tx 1, new link metric 128
1789972228.887764;m3-207;[INFO: RPL       ] ext hdr: packet from fd00::8472 to fd00::a379 going up, sender closer 0 (256 < 128), rank error 0, loop detected 0
1789972228.903809;m3-207;[INFO: RPL       ] ext hdr: packet from fd00::8472 to fd00::a379 going up, sender closer 0 (256 < 128), rank error 0, loop detected 0
1789972228.903846;m3-207;[INFO: App       ] Received request 'hello 36' from fd00::8472
1789972228.903886;m3-207;[INFO: App       ] Sending response.
1789972228.903907;m3-207;[INFO: RPL       ] SRH creating source routing header with destination fd00::8472 
1789972228.903927;m3-207;[INFO: RPL       ] SRH path len: 0, ComprI 15, ComprE 15, ext len 8 (padding 0)
1789972228.949629;m3-213;[INFO: App       ] Received response 'hello 36' from fd00::a379
1789972228.951761;m3-207;[INFO: RPL       ] packet sent to 0200.0000.0000.8472, status 0, tx 1, new link metric 128
1789972229.468853;m3-210;[INFO: App       ] Sending request 35 to fd00::a379
1789972229.468904;m3-210;[INFO: RPL       ] creating hop-by-hop option
1789972229.481409;m3-207;[INFO: RPL       ] ext hdr: packet from fd00::c081 to fd00::a379 going up, sender closer 0 (256 < 128), rank error 0, loop detected 0
1789972229.481445;m3-207;[INFO: RPL       ] ext hdr: packet from fd00::c081 to fd00::a379 going up, sender closer 0 (256 < 128), rank error 0, loop detected 0
1789972229.481469;m3-207;[INFO: App       ] Received request 'hello 35' from fd00::c081
1789972229.484611;m3-210;[INFO: RPL       ] packet sent to 0200.0000.0000.a379, status 0, tx 1, new link metric 128
1789972229.495647;m3-207;[INFO: App       ] Sending response.
1789972229.495681;m3-207;[INFO: RPL       ] SRH creating source routing header with destination fd00::c081 
1789972229.495703;m3-207;[INFO: RPL       ] SRH path len: 0, ComprI 15, ComprE 15, ext len 8 (padding 0)
1789972229.527588;m3-207;[INFO: RPL       ] packet sent to 0200.0000.0000.c081, status 0, tx 1, new link metric 128
1789972229.532600;m3-210;[INFO: App       ] Received response 'hello 35' from fd00::a379
1789972229.912920;m3-218;[INFO: App       ] Sending request 35 to fd00::a379
1789972229.912985;m3-218;[INFO: RPL       ] creating hop-by-hop option
1789972229.959656;m3-207;[INFO: RPL       ] ext hdr: packet from fd00::b582 to fd00::a379 going up, sender closer 0 (256 < 128), rank error 0, loop detected 0
1789972229.960662;m3-218;[INFO: RPL       ] packet sent to 0200.0000.0000.a379, status 0, tx 1, new link metric 128
1789972229.975684;m3-207;[INFO: RPL       ] ext hdr: packet from fd00::b582 to fd00::a379 going up, sender closer 0 (256 < 128), rank error 0, loop detected 0
1789972229.975723;m3-207;[INFO: App       ] Received request 'hello 35' from fd00::b582
1789972229.975747;m3-207;[INFO: App       ] Sending response.
1789972229.975767;m3-207;[INFO: RPL       ] SRH creating source routing header with destination fd00::b582 
1789972229.975787;m3-207;[INFO: RPL       ] SRH path len: 0, ComprI 15, ComprE 15, ext len 8 (padding 0)
1789972229.975807;m3-207;[INFO: RPL       ] packet sent to 0200.0000.0000.b582, status 0, tx 1, new link metric 128
1789972229.976596;m3-218;[INFO: App       ] Received response 'hello 35' from fd00::a379
1789972231.187182;m3-220;[INFO: App       ] Sending request 36 to fd00::a379
1789972231.187236;m3-220;[INFO: RPL       ] creating hop-by-hop option
1789972231.223531;m3-207;[INFO: RPL       ] ext hdr: packet from fd00::2160 to fd00::a379 going up, sender closer 0 (256 < 128), rank error 0, loop detected 0
1789972231.223576;m3-207;[INFO: RPL       ] ext hdr: packet from fd00::2160 to fd00::a379 going up, sender closer 0 (256 < 128), rank error 0, loop detected 0
1789972231.234819;m3-220;[INFO: RPL       ] packet sent to 0200.0000.0000.a379, status 0, tx 1, new link metric 128
1789972231.239418;m3-207;[INFO: App       ] Received request 'hello 36' from fd00::2160
1789972231.239453;m3-207;[INFO: App       ] Sending response.
1789972231.239475;m3-207;[INFO: RPL       ] SRH creating source routing header with destination fd00::2160 
1789972231.239497;m3-207;[INFO: RPL       ] SRH path len: 0, ComprI 15, ComprE 15, ext len 8 (padding 0)
1789972231.299026;m3-220;[INFO: App       ] Received response 'hello 36' from fd00::a379
1789972231.303375;m3-207;[INFO: RPL       ] packet sent to 0200.0000.0000.2160, status 0, tx 1, new link metric 128
1789972232.082660;m3-208;[INFO: App       ] Sending request 36 to fd00::a379
1789972232.082713;m3-208;[INFO: RPL       ] creating hop-by-hop option
1789972232.095792;m3-209;[INFO: App       ] Sending request 35 to fd00::a379
1789972232.113392;m3-209;[INFO: RPL       ] creating hop-by-hop option
1789972232.114384;m3-208;[INFO: RPL       ] packet sent to 0200.0000.0000.a379, status 0, tx 1, new link metric 129
1789972232.119587;m3-207;[INFO: RPL       ] ext hdr: packet from fd00::9076 to fd00::a379 going up, sender closer 0 (258 < 128), rank error 0, loop detected 0
1789972232.119624;m3-207;[INFO: RPL       ] ext hdr: packet from fd00::9076 to fd00::a379 going up, sender closer 0 (258 < 128), rank error 0, loop detected 0
1789972232.119648;m3-207;[INFO: App       ] Received request 'hello 36' from fd00::9076
1789972232.119669;m3-207;[INFO: App       ] Sending response.
1789972232.119704;m3-207;[INFO: RPL       ] SRH creating source routing header with destination fd00::9076 
1789972232.130440;m3-208;[INFO: App       ] Received response 'hello 36' from fd00::a379
1789972232.135450;m3-207;[INFO: RPL       ] SRH path len: 0, ComprI 15, ComprE 15, ext len 8 (padding 0)
1789972232.135484;m3-207;[INFO: RPL       ] packet sent to 0200.0000.0000.9076, status 0, tx 1, new link metric 128
1789972232.143578;m3-209;[INFO: RPL       ] packet sent to 0200.0000.0000.a379, status 0, tx 1, new link metric 129
1789972232.149080;m3-207;[INFO: RPL       ] ext hdr: packet from fd00::b379 to fd00::a379 going up, sender closer 0 (258 < 128), rank error 0, loop detected 0
1789972232.149114;m3-207;[INFO: RPL       ] ext hdr: packet from fd00::b379 to fd00::a379 going up, sender closer 0 (258 < 128), rank error 0, loop detected 0
1789972232.149138;m3-207;[INFO: App       ] Received request 'hello 35' from fd00::b379
1789972232.149158;m3-207;[INFO: App       ] Sending response.
1789972232.149176;m3-207;[INFO: RPL       ] SRH creating source routing header with destination fd00::b379 
1789972232.164335;m3-207;[INFO: RPL       ] SRH path len: 0, ComprI 15, ComprE 15, ext len 8 (padding 0)
1789972232.207568;m3-209;[INFO: App       ] Received response 'hello 35' from fd00::a379
1789972232.212266;m3-207;[INFO: RPL       ] packet sent to 0200.0000.0000.b379, status 0, tx 1, new link metric 128
1789972232.248321;m3-212;[INFO: App       ] Sending request 35 to fd00::a379
1789972232.248359;m3-212;[INFO: RPL       ] creating hop-by-hop option
1789972232.308437;m3-207;[INFO: RPL       ] ext hdr: packet from fd00::b280 to fd00::a379 going up, sender closer 0 (256 < 128), rank error 0, loop detected 0
1789972232.308477;m3-207;[INFO: RPL       ] ext hdr: packet from fd00::b280 to fd00::a379 going up, sender closer 0 (256 < 128), rank error 0, loop detected 0
1789972232.308501;m3-207;[INFO: App       ] Received request 'hello 35' from fd00::b280
1789972232.308522;m3-207;[INFO: App       ] Sending response.
1789972232.308540;m3-207;[INFO: RPL       ] SRH creating source routing header with destination fd00::b280 
1789972232.312232;m3-212;[INFO: RPL       ] packet sent to 0200.0000.0000.a379, status 0, tx 1, new link metric 128
1789972232.324524;m3-207;[INFO: RPL       ] SRH path len: 0, ComprI 15, ComprE 15, ext len 8 (padding 0)
1789972232.340386;m3-207;[INFO: RPL       ] packet sent to 0200.0000.0000.b280, status 0, tx 1, new link metric 128
1789972232.344127;m3-212;[INFO: App       ] Received response 'hello 35' from fd00::a379
1789972233.764260;m3-214;[INFO: App       ] Sending request 35 to fd00::a379
1789972233.764314;m3-214;[INFO: RPL       ] creating hop-by-hop option
1789972233.786457;m3-211;[INFO: RPL       ] probing fe80::b481  last tx 0 min ago
1789972233.802281;m3-211;[INFO: RPL       ] sending a unicast-DIO with rank 256 to fe80::b481
1789972233.812044;m3-214;[INFO: RPL       ] packet sent to 0200.0000.0000.a379, status 0, tx 1, new link metric 128
1789972233.812268;m3-207;[INFO: RPL       ] ext hdr: packet from fd00::9567 to fd00::a379 going up, sender closer 0 (256 < 128), rank error 0, loop detected 0
1789972233.812301;m3-207;[INFO: RPL       ] ext hdr: packet from fd00::9567 to fd00::a379 going up, sender closer 0 (256 < 128), rank error 0, loop detected 0
1789972233.812326;m3-207;[INFO: App       ] Received request 'hello 35' from fd00::9567
1789972233.812347;m3-207;[INFO: App       ] Sending response.
1789972233.828238;m3-207;[INFO: RPL       ] SRH creating source routing header with destination fd00::9567 
1789972233.828295;m3-207;[INFO: RPL       ] SRH path len: 0, ComprI 15, ComprE 15, ext len 8 (padding 0)
1789972233.832430;m3-219;[INFO: RPL       ] received a unicast-DIO from fe80::8875, instance_id 0, DAG ID fd00::a379, version 240, dtsn 240, rank 256
1789972233.834218;m3-211;[INFO: RPL       ] packet sent to 0200.0000.0000.b481, status 0, tx 1, new link metric 176
1789972233.875930;m3-214;[INFO: App       ] Received response 'hello 35' from fd00::a379
1789972233.876042;m3-207;[INFO: RPL       ] packet sent to 0200.0000.0000.9567, status 0, tx 1, new link metric 128
1789972235.498242;m3-211;[INFO: App       ] Sending request 37 to fd00::a379
1789972235.498301;m3-211;[INFO: RPL       ] creating hop-by-hop option
1789972235.562068;m3-211;[INFO: RPL       ] packet sent to 0200.0000.0000.a379, status 0, tx 1, new link metric 128
1789972235.568366;m3-207;[INFO: RPL       ] ext hdr: packet from fd00::8875 to fd00::a379 going up, sender closer 0 (256 < 128), rank error 0, loop detected 0
1789972235.568407;m3-207;[INFO: RPL       ] ext hdr: packet from fd00::8875 to fd00::a379 going up, sender closer 0 (256 < 128), rank error 0, loop detected 0
1789972235.568433;m3-207;[INFO: App       ] Received request 'hello 37' from fd00::8875
1789972235.568453;m3-207;[INFO: App       ] Sending response.
1789972235.568472;m3-207;[INFO: RPL       ] SRH creating source routing header with destination fd00::8875 
1789972235.583930;m3-207;[INFO: RPL       ] SRH path len: 0, ComprI 15, ComprE 15, ext len 8 (padding 0)
1789972235.583966;m3-207;[INFO: RPL       ] packet sent to 0200.0000.0000.8875, status 0, tx 1, new link metric 128
1789972235.594002;m3-211;[INFO: App       ] Received response 'hello 37' from fd00::a379
1789972235.672097;m3-219;[INFO: App       ] Sending request 36 to fd00::a379
1789972235.672159;m3-219;[INFO: RPL       ] creating hop-by-hop option
1789972235.728035;m3-207;[INFO: RPL       ] ext hdr: packet from fd00::b481 to fd00::a379 going up, sender closer 0 (256 < 128), rank error 0, loop detected 0
1789972235.728075;m3-207;[INFO: RPL       ] ext hdr: packet from fd00::b481 to fd00::a379 going up, sender closer 0 (256 < 128), rank error 0, loop detected 0
1789972235.728100;m3-207;[INFO: App       ] Received request 'hello 36' from fd00::b481
1789972235.728120;m3-207;[INFO: App       ] Sending response.
1789972235.735865;m3-219;[INFO: RPL       ] packet sent to 0200.0000.0000.a379, status 0, tx 1, new link metric 128
1789972235.743946;m3-207;[INFO: RPL       ] SRH creating source routing header with destination fd00::b481 
1789972235.743979;m3-207;[INFO: RPL       ] SRH path len: 0, ComprI 15, ComprE 15, ext len 8 (padding 0)
1789972235.783875;m3-219;[INFO: App       ] Received response 'hello 36' from fd00::a379
1789972235.791891;m3-207;[INFO: RPL       ] packet sent to 0200.0000.0000.b481, status 0, tx 1, new link metric 128
1789972236.689919;m3-221;[INFO: App       ] Sending request 35 to fd00::a379
1789972236.689973;m3-221;[INFO: RPL       ] creating hop-by-hop option
1789972236.737872;m3-221;[INFO: RPL       ] packet sent to 0200.0000.0000.a379, status 0, tx 1, new link metric 128
1789972236.748198;m3-207;[INFO: RPL       ] ext hdr: packet from fd00::9981 to fd00::a379 going up, sender closer 0 (256 < 128), rank error 0, loop detected 0
1789972236.748235;m3-207;[INFO: RPL       ] ext hdr: packet from fd00::9981 to fd00::a379 going up, sender closer 0 (256 < 128), rank error 0, loop detected 0
1789972236.748276;m3-207;[INFO: App       ] Received request 'hello 35' from fd00::9981
1789972236.748297;m3-207;[INFO: App       ] Sending response.
1789972236.748317;m3-207;[INFO: RPL       ] SRH creating source routing header with destination fd00::9981 
1789972236.763794;m3-207;[INFO: RPL       ] SRH path len: 0, ComprI 15, ComprE 15, ext len 8 (padding 0)
1789972236.769861;m3-221;[INFO: App       ] Received response 'hello 35' from fd00::a379
1789972236.779780;m3-207;[INFO: RPL       ] packet sent to 0200.0000.0000.9981, status 0, tx 1, new link metric 128
1789972237.199922;m3-215;[INFO: App       ] Sending request 36 to fd00::a379
1789972237.199972;m3-215;[INFO: RPL       ] creating hop-by-hop option
1789972237.215614;m3-215;[INFO: RPL       ] packet sent to 0200.0000.0000.a379, status 0, tx 1, new link metric 128
1789972237.227811;m3-207;[INFO: RPL       ] ext hdr: packet from fd00::9175 to fd00::a379 going up, sender closer 0 (256 < 128), rank error 0, loop detected 0
1789972237.227849;m3-207;[INFO: RPL       ] ext hdr: packet from fd00::9175 to fd00::a379 going up, sender closer 0 (256 < 128), rank error 0, loop detected 0
1789972237.227874;m3-207;[INFO: App       ] Received request 'hello 36' from fd00::9175
1789972237.227894;m3-207;[INFO: App       ] Sending response.
1789972237.227929;m3-207;[INFO: RPL       ] SRH creating source routing header with destination fd00::9175 
1789972237.227948;m3-207;[INFO: RPL       ] SRH path len: 0, ComprI 15, ComprE 15, ext len 8 (padding 0)
1789972237.279678;m3-215;[INFO: App       ] Received response 'hello 36' from fd00::a379
1789972237.291760;m3-207;[INFO: RPL       ] packet sent to 0200.0000.0000.9175, status 0, tx 1, new link metric 128
1789972237.660834;m3-217;[INFO: App       ] Sending request 35 to fd00::a379
1789972237.660881;m3-217;[INFO: RPL       ] creating hop-by-hop option
1789972237.672750;m3-207;[INFO: RPL       ] ext hdr: packet from fd00::9871 to fd00::a379 going up, sender closer 0 (262 < 128), rank error 0, loop detected 0
1789972237.672787;m3-207;[INFO: RPL       ] ext hdr: packet from fd00::9871 to fd00::a379 going up, sender closer 0 (262 < 128), rank error 0, loop detected 0
1789972237.672812;m3-207;[INFO: App       ] Received request 'hello 35' from fd00::9871
1789972237.672832;m3-207;[INFO: App       ] Sending response.
1789972237.672851;m3-207;[INFO: RPL       ] SRH creating source routing header with destination fd00::9871 
1789972237.676629;m3-217;[INFO: RPL       ] packet sent to 0200.0000.0000.a379, status 0, tx 1, new link metric 133
1789972237.687738;m3-207;[INFO: RPL       ] SRH path len: 0, ComprI 15, ComprE 15, ext len 8 (padding 0)
1789972237.735755;m3-207;[INFO: RPL       ] packet sent to 0200.0000.0000.9871, status 0, tx 1, new link metric 128
1789972237.740612;m3-217;[INFO: App       ] Received response 'hello 35' from fd00::a379
1789972238.907719;m3-210;[INFO: App       ] Sending request 36 to fd00::a379
1789972238.923492;m3-210;[INFO: RPL       ] creating hop-by-hop option
1789972238.951004;m3-207;[INFO: RPL       ] ext hdr: packet from fd00::c081 to fd00::a379 going up, sender closer 0 (256 < 128), rank error 0, loop detected 0
1789972238.951045;m3-207;[INFO: RPL       ] ext hdr: packet from fd00::c081 to fd00::a379 going up, sender closer 0 (256 < 128), rank error 0, loop detected 0
1789972238.951071;m3-207;[INFO: App       ] Received request 'hello 36' from fd00::c081
1789972238.951092;m3-207;[INFO: App       ] Sending response.
1789972238.951110;m3-207;[INFO: RPL       ] SRH creating source routing header with destination fd00::c081 
1789972238.955432;m3-210;[INFO: RPL       ] packet sent to 0200.0000.0000.a379, status 0, tx 1, new link metric 128
1789972238.966701;m3-207;[INFO: RPL       ] SRH path len: 0, ComprI 15, ComprE 15, ext len 8 (padding 0)
1789972238.966736;m3-207;[INFO: RPL       ] packet sent to 0200.0000.0000.c081, status 0, tx 1, new link metric 128
1789972238.971407;m3-210;[INFO: App       ] Received response 'hello 36' from fd00::a379
1789972238.996734;m3-213;[INFO: App       ] Sending request 37 to fd00::a379
1789972238.996768;m3-213;[INFO: RPL       ] creating hop-by-hop option
1789972239.044556;m3-213;[INFO: RPL       ] packet sent to 0200.0000.0000.a379, status 0, tx 1, new link metric 128
1789972239.045387;m3-207;[INFO: RPL       ] ext hdr: packet from fd00::8472 to fd00::a379 going up, sender closer 0 (256 < 128), rank error 0, loop detected 0
1789972239.045429;m3-207;[INFO: RPL       ] ext hdr: packet from fd00::8472 to fd00::a379 going up, sender closer 0 (256 < 128), rank error 0, loop detected 0
1789972239.045455;m3-207;[INFO: App       ] Received request 'hello 37' from fd00::8472
1789972239.045475;m3-207;[INFO: App       ] Sending response.
1789972239.045495;m3-207;[INFO: RPL       ] SRH creating source routing header with destination fd00::8472 
1789972239.060563;m3-207;[INFO: RPL       ] SRH path len: 0, ComprI 15, ComprE 15, ext len 8 (padding 0)
1789972239.092349;m3-213;[INFO: App       ] Received response 'hello 37' from fd00::a379
1789972239.092511;m3-207;[INFO: RPL       ] packet sent to 0200.0000.0000.8472, status 0, tx 1, new link metric 128
1789972239.229364;m3-216;[INFO: App       ] Sending request 37 to fd00::a379
1789972239.229409;m3-216;[INFO: RPL       ] creating hop-by-hop option
1789972239.277171;m3-216;[INFO: RPL       ] packet sent to 0200.0000.0000.a379, status 0, tx 1, new link metric 128
1789972239.284030;m3-207;[INFO: RPL       ] ext hdr: packet from fd00::b369 to fd00::a379 going up, sender closer 0 (256 < 128), rank error 0, loop detected 0
1789972239.284069;m3-207;[INFO: RPL       ] ext hdr: packet from fd00::b369 to fd00::a379 going up, sender closer 0 (256 < 128), rank error 0, loop detected 0
1789972239.284095;m3-207;[INFO: App       ] Received request 'hello 37' from fd00::b369
1789972239.284116;m3-207;[INFO: App       ] Sending response.
1789972239.284135;m3-207;[INFO: RPL       ] SRH creating source routing header with destination fd00::b369 
1789972239.284154;m3-207;[INFO: RPL       ] SRH path len: 0, ComprI 15, ComprE 15, ext len 8 (padding 0)
1789972239.293168;m3-216;[INFO: App       ] Received response 'hello 37' from fd00::a379
1789972239.299541;m3-207;[INFO: RPL       ] packet sent to 0200.0000.0000.b369, status 0, tx 1, new link metric 128
1789972240.167788;m3-218;[INFO: App       ] Sending request 36 to fd00::a379
1789972240.167858;m3-218;[INFO: RPL       ] creating hop-by-hop option
1789972240.179707;m3-207;[INFO: RPL       ] ext hdr: packet from fd00::b582 to fd00::a379 going up, sender closer 0 (256 < 128), rank error 0, loop detected 0
1789972240.183558;m3-218;[INFO: RPL       ] packet sent to 0200.0000.0000.a379, status 0, tx 1, new link metric 128
1789972240.195656;m3-207;[INFO: RPL       ] ext hdr: packet from fd00::b582 to fd00::a379 going up, sender closer 0 (256 < 128), rank error 0, loop detected 0
1789972240.195692;m3-207;[INFO: App       ] Received request 'hello 36' from fd00::b582
1789972240.195714;m3-207;[INFO: App       ] Sending response.
1789972240.195734;m3-207;[INFO: RPL       ] SRH creating source routing header with destination fd00::b582 
1789972240.195753;m3-207;[INFO: RPL       ] SRH path len: 0, ComprI 15, ComprE 15, ext len 8 (padding 0)
1789972240.227539;m3-207;[INFO: RPL       ] packet sent to 0200.0000.0000.b582, status 0, tx 1, new link metric 128
1789972240.231503;m3-218;[INFO: App       ] Received response 'hello 36' from fd00::a379
1789972240.497988;m3-220;[INFO: App       ] Sending request 37 to fd00::a379
1789972240.498036;m3-220;[INFO: RPL       ] creating hop-by-hop option
1789972240.513408;m3-207;[INFO: RPL       ] ext hdr: packet from fd00::2160 to fd00::a379 going up, sender closer 0 (256 < 128), rank error 0, loop detected 0
1789972240.513446;m3-207;[INFO: RPL       ] ext hdr: packet from fd00::2160 to fd00::a379 going up, sender closer 0 (256 < 128), rank error 0, loop detected 0
1789972240.513471;m3-207;[INFO: App       ] Received request 'hello 37' from fd00::2160
1789972240.513491;m3-207;[INFO: App       ] Sending response.
1789972240.513510;m3-207;[INFO: RPL       ] SRH creating source routing header with destination fd00::2160 
1789972240.513738;m3-220;[INFO: RPL       ] packet sent to 0200.0000.0000.a379, status 0, tx 1, new link metric 128
1789972240.527318;m3-207;[INFO: RPL       ] SRH path len: 0, ComprI 15, ComprE 15, ext len 8 (padding 0)
1789972240.559399;m3-207;[INFO: RPL       ] packet sent to 0200.0000.0000.2160, status 0, tx 1, new link metric 128
1789972240.561727;m3-220;[INFO: App       ] Received response 'hello 37' from fd00::a379
1789972241.486843;m3-209;[INFO: App       ] Sending request 36 to fd00::a379
1789972241.486897;m3-209;[INFO: RPL       ] creating hop-by-hop option
1789972241.502631;m3-209;[INFO: RPL       ] packet sent to 0200.0000.0000.a379, status 0, tx 1, new link metric 128
1789972241.503509;m3-207;[INFO: RPL       ] ext hdr: packet from fd00::b379 to fd00::a379 going up, sender closer 0 (257 < 128), rank error 0, loop detected 0
1789972241.503545;m3-207;[INFO: RPL       ] ext hdr: packet from fd00::b379 to fd00::a379 going up, sender closer 0 (257 < 128), rank error 0, loop detected 0
1789972241.519389;m3-207;[INFO: App       ] Received request 'hello 36' from fd00::b379
1789972241.519423;m3-207;[INFO: App       ] Sending response.
1789972241.519444;m3-207;[INFO: RPL       ] SRH creating source routing header with destination fd00::b379 
1789972241.519465;m3-207;[INFO: RPL       ] SRH path len: 0, ComprI 15, ComprE 15, ext len 8 (padding 0)
1789972241.566558;m3-209;[INFO: App       ] Received response 'hello 36' from fd00::a379
1789972241.567310;m3-207;[INFO: RPL       ] packet sent to 0200.0000.0000.b379, status 0, tx 1, new link metric 128
1789972241.681678;m3-208;[INFO: App       ] Sending request 37 to fd00::a379
1789972241.681717;m3-208;[INFO: RPL       ] creating hop-by-hop option
1789972241.743404;m3-207;[INFO: RPL       ] ext hdr: packet from fd00::9076 to fd00::a379 going up, sender closer 0 (257 < 128), rank error 0, loop detected 0
1789972241.745626;m3-208;[INFO: RPL       ] packet sent to 0200.0000.0000.a379, status 0, tx 1, new link metric 128
1789972241.759424;m3-207;[INFO: RPL       ] ext hdr: packet from fd00::9076 to fd00::a379 going up, sender closer 0 (257 < 128), rank error 0, loop detected 0
1789972241.759465;m3-207;[INFO: App       ] Received request 'hello 37' from fd00::9076
1789972241.759488;m3-207;[INFO: App       ] Sending response.
1789972241.759507;m3-207;[INFO: RPL       ] SRH creating source routing header with destination fd00::9076 
1789972241.759526;m3-207;[INFO: RPL       ] SRH path len: 0, ComprI 15, ComprE 15, ext len 8 (padding 0)
1789972241.759561;m3-207;[INFO: RPL       ] packet sent to 0200.0000.0000.9076, status 0, tx 1, new link metric 128
1789972241.761486;m3-208;[INFO: App       ] Received response 'hello 37' from fd00::a379
1789972242.807166;m3-212;[INFO: App       ] Sending request 36 to fd00::a379
1789972242.807220;m3-212;[INFO: RPL       ] creating hop-by-hop option
1789972242.838960;m3-212;[INFO: RPL       ] packet sent to 0200.0000.0000.a379, status 0, tx 1, new link metric 128
1789972242.847435;m3-207;[INFO: RPL       ] ext hdr: packet from fd00::b280 to fd00::a379 going up, sender closer 0 (256 < 128), rank error 0, loop detected 0
1789972242.847476;m3-207;[INFO: RPL       ] ext hdr: packet from fd00::b280 to fd00::a379 going up, sender closer 0 (256 < 128), rank error 0, loop detected 0
1789972242.847502;m3-207;[INFO: App       ] Received request 'hello 36' from fd00::b280
1789972242.847522;m3-207;[INFO: App       ] Sending response.
1789972242.847541;m3-207;[INFO: RPL       ] SRH creating source routing header with destination fd00::b280 
1789972242.863230;m3-207;[INFO: RPL       ] SRH path len: 0, ComprI 15, ComprE 15, ext len 8 (padding 0)
1789972242.911188;m3-207;[INFO: RPL       ] packet sent to 0200.0000.0000.b280, status 0, tx 1, new link metric 128
1789972242.921376;m3-212;[INFO: App       ] Received response 'hello 36' from fd00::a379
1789972243.475019;m3-214;[INFO: App       ] Sending request 36 to fd00::a379
1789972243.475071;m3-214;[INFO: RPL       ] creating hop-by-hop option
1789972243.507023;m3-214;[INFO: RPL       ] packet sent to 0200.0000.0000.a379, status 0, tx 1, new link metric 128
1789972243.519243;m3-207;[INFO: RPL       ] ext hdr: packet from fd00::9567 to fd00::a379 going up, sender closer 0 (256 < 128), rank error 0, loop detected 0
1789972243.519281;m3-207;[INFO: RPL       ] ext hdr: packet from fd00::9567 to fd00::a379 going up, sender closer 0 (256 < 128), rank error 0, loop detected 0
1789972243.519322;m3-207;[INFO: App       ] Received request 'hello 36' from fd00::9567
1789972243.519344;m3-207;[INFO: App       ] Sending response.
1789972243.519362;m3-207;[INFO: RPL       ] SRH creating source routing header with destination fd00::9567 
1789972243.519382;m3-207;[INFO: RPL       ] SRH path len: 0, ComprI 15, ComprE 15, ext len 8 (padding 0)
1789972243.551197;m3-207;[INFO: RPL       ] packet sent to 0200.0000.0000.9567, status 0, tx 1, new link metric 128
1789972243.555002;m3-214;[INFO: App       ] Received response 'hello 36' from fd00::a379
1789972245.047252;m3-219;[INFO: App       ] Sending request 37 to fd00::a379
1789972245.047312;m3-219;[INFO: RPL       ] creating hop-by-hop option
1789972245.103196;m3-207;[INFO: RPL       ] ext hdr: packet from fd00::b481 to fd00::a379 going up, sender closer 0 (256 < 128), rank error 0, loop detected 0
1789972245.111025;m3-219;[INFO: RPL       ] packet sent to 0200.0000.0000.a379, status 0, tx 1, new link metric 128
1789972245.119031;m3-207;[INFO: RPL       ] ext hdr: packet from fd00::b481 to fd00::a379 going up, sender closer 0 (256 < 128), rank error 0, loop detected 0
1789972245.119071;m3-207;[INFO: App       ] Received request 'hello 37' from fd00::b481
1789972245.119094;m3-207;[INFO: App       ] Sending response.
1789972245.119115;m3-207;[INFO: RPL       ] SRH creating source routing header with destination fd00::b481 
1789972245.119135;m3-207;[INFO: RPL       ] SRH path len: 0, ComprI 15, ComprE 15, ext len 8 (padding 0)
1789972245.119155;m3-207;[INFO: RPL       ] packet sent to 0200.0000.0000.b481, status 0, tx 1, new link metric 128
1789972245.126931;m3-219;[INFO: App       ] Received response 'hello 37' from fd00::a379
1789972245.577161;m3-211;[INFO: App       ] Sending request 38 to fd00::a379
1789972245.577210;m3-211;[INFO: RPL       ] creating hop-by-hop option
1789972245.624957;m3-211;[INFO: RPL       ] packet sent to 0200.0000.0000.a379, status 0, tx 1, new link metric 128
1789972245.627589;m3-207;[INFO: RPL       ] ext hdr: packet from fd00::8875 to fd00::a379 going up, sender closer 0 (256 < 128), rank error 0, loop detected 0
1789972245.627628;m3-207;[INFO: RPL       ] ext hdr: packet from fd00::8875 to fd00::a379 going up, sender closer 0 (256 < 128), rank error 0, loop detected 0
1789972245.627652;m3-207;[INFO: App       ] Received request 'hello 38' from fd00::8875
1789972245.627673;m3-207;[INFO: App       ] Sending response.
1789972245.627691;m3-207;[INFO: RPL       ] SRH creating source routing header with destination fd00::8875 
1789972245.642999;m3-207;[INFO: RPL       ] SRH path len: 0, ComprI 15, ComprE 15, ext len 8 (padding 0)
1789972245.672900;m3-211;[INFO: App       ] Received response 'hello 38' from fd00::a379
1789972245.674944;m3-207;[INFO: RPL       ] packet sent to 0200.0000.0000.8875, status 0, tx 1, new link metric 128
1789972246.398889;m3-215;[INFO: App       ] Sending request 37 to fd00::a379
1789972246.414680;m3-215;[INFO: RPL       ] creating hop-by-hop option
1789972246.446634;m3-215;[INFO: RPL       ] packet sent to 0200.0000.0000.a379, status 0, tx 1, new link metric 128
1789972246.458953;m3-207;[INFO: RPL       ] ext hdr: packet from fd00::9175 to fd00::a379 going up, sender closer 0 (256 < 128), rank error 0, loop detected 0
1789972246.459015;m3-207;[INFO: RPL       ] ext hdr: packet from fd00::9175 to fd00::a379 going up, sender closer 0 (256 < 128), rank error 0, loop detected 0
1789972246.459042;m3-207;[INFO: App       ] Received request 'hello 37' from fd00::9175
1789972246.459063;m3-207;[INFO: App       ] Sending response.
1789972246.459083;m3-207;[INFO: RPL       ] SRH creating source routing header with destination fd00::9175 
1789972246.459103;m3-207;[INFO: RPL       ] SRH path len: 0, ComprI 15, ComprE 15, ext len 8 (padding 0)
1789972246.478624;m3-215;[INFO: App       ] Received response 'hello 37' from fd00::a379
1789972246.490843;m3-207;[INFO: RPL       ] packet sent to 0200.0000.0000.9175, status 0, tx 1, new link metric 128
1789972246.827862;m3-217;[INFO: App       ] Sending request 36 to fd00::a379
1789972246.827907;m3-217;[INFO: RPL       ] creating hop-by-hop option
1789972246.842292;m3-207;[INFO: RPL       ] ext hdr: packet from fd00::9871 to fd00::a379 going up, sender closer 0 (261 < 128), rank error 0, loop detected 0
1789972246.842332;m3-207;[INFO: RPL       ] ext hdr: packet from fd00::9871 to fd00::a379 going up, sender closer 0 (261 < 128), rank error 0, loop detected 0
1789972246.842358;m3-207;[INFO: App       ] Received request 'hello 36' from fd00::9871
1789972246.842380;m3-207;[INFO: App       ] Sending response.
1789972246.842399;m3-207;[INFO: RPL       ] SRH creating source routing header with destination fd00::9871 
1789972246.843662;m3-217;[INFO: RPL       ] packet sent to 0200.0000.0000.a379, status 0, tx 1, new link metric 132
1789972246.861436;m3-207;[INFO: RPL       ] SRH path len: 0, ComprI 15, ComprE 15, ext len 8 (padding 0)
1789972246.905759;m3-207;[INFO: RPL       ] packet sent to 0200.0000.0000.9871, status 0, tx 1, new link metric 128
1789972246.907621;m3-217;[INFO: App       ] Received response 'hello 36' from fd00::a379
1789972247.137000;m3-221;[INFO: App       ] Sending request 36 to fd00::a379
1789972247.137045;m3-221;[INFO: RPL       ] creating hop-by-hop option
1789972247.200781;m3-221;[INFO: RPL       ] packet sent to 0200.0000.0000.a379, status 0, tx 1, new link metric 128
1789972247.207601;m3-207;[INFO: RPL       ] ext hdr: packet from fd00::9981 to fd00::a379 going up, sender closer 0 (256 < 128), rank error 0, loop detected 0
1789972247.207637;m3-207;[INFO: RPL       ] ext hdr: packet from fd00::9981 to fd00::a379 going up, sender closer 0 (256 < 128), rank error 0, loop detected 0
1789972247.207661;m3-207;[INFO: App       ] Received request 'hello 36' from fd00::9981
1789972247.207681;m3-207;[INFO: App       ] Sending response.
1789972247.207700;m3-207;[INFO: RPL       ] SRH creating source routing header with destination fd00::9981 
1789972247.222713;m3-207;[INFO: RPL       ] SRH path len: 0, ComprI 15, ComprE 15, ext len 8 (padding 0)
1789972247.232723;m3-221;[INFO: App       ] Received response 'hello 36' from fd00::a379
1789972247.238747;m3-207;[INFO: RPL       ] packet sent to 0200.0000.0000.9981, status 0, tx 1, new link metric 128
1789972248.602690;m3-210;[INFO: App       ] Sending request 37 to fd00::a379
1789972248.602742;m3-210;[INFO: RPL       ] creating hop-by-hop option
1789972248.650489;m3-210;[INFO: RPL       ] packet sent to 0200.0000.0000.a379, status 0, tx 1, new link metric 128
1789972248.660619;m3-207;[INFO: RPL       ] ext hdr: packet from fd00::c081 to fd00::a379 going up, sender closer 0 (256 < 128), rank error 0, loop detected 0
1789972248.660657;m3-207;[INFO: RPL       ] ext hdr: packet from fd00::c081 to fd00::a379 going up, sender closer 0 (256 < 128), rank error 0, loop detected 0
1789972248.660683;m3-207;[INFO: App       ] Received request 'hello 37' from fd00::c081
1789972248.660703;m3-207;[INFO: App       ] Sending response.
1789972248.660721;m3-207;[INFO: RPL       ] SRH creating source routing header with destination fd00::c081 
1789972248.675568;m3-207;[INFO: RPL       ] SRH path len: 0, ComprI 15, ComprE 15, ext len 8 (padding 0)
1789972248.675605;m3-207;[INFO: RPL       ] packet sent to 0200.0000.0000.c081, status 0, tx 1, new link metric 128
1789972248.682404;m3-210;[INFO: App       ] Received response 'hello 37' from fd00::a379
1789972248.860276;m3-216;[INFO: App       ] Sending request 38 to fd00::a379
1789972248.860323;m3-216;[INFO: RPL       ] creating hop-by-hop option
1789972248.876064;m3-216;[INFO: RPL       ] packet sent to 0200.0000.0000.a379, status 0, tx 1, new link metric 128
1789972248.883664;m3-207;[INFO: RPL       ] ext hdr: packet from fd00::b369 to fd00::a379 going up, sender closer 0 (256 < 128), rank error 0, loop detected 0
1789972248.883703;m3-207;[INFO: RPL       ] ext hdr: packet from fd00::b369 to fd00::a379 going up, sender closer 0 (256 < 128), rank error 0, loop detected 0
1789972248.883728;m3-207;[INFO: App       ] Received request 'hello 38' from fd00::b369
1789972248.883749;m3-207;[INFO: App       ] Sending response.
1789972248.883767;m3-207;[INFO: RPL       ] SRH creating source routing header with destination fd00::b369 
1789972248.883802;m3-207;[INFO: RPL       ] SRH path len: 0, ComprI 15, ComprE 15, ext len 8 (padding 0)
1789972248.892009;m3-216;[INFO: App       ] Received response 'hello 38' from fd00::a379
1789972248.899552;m3-207;[INFO: RPL       ] packet sent to 0200.0000.0000.b369, status 0, tx 1, new link metric 128
1789972249.875591;m3-213;[INFO: App       ] Sending request 38 to fd00::a379
1789972249.875649;m3-213;[INFO: RPL       ] creating hop-by-hop option
1789972249.923376;m3-213;[INFO: RPL       ] packet sent to 0200.0000.0000.a379, status 0, tx 1, new link metric 128
1789972249.923618;m3-207;[INFO: RPL       ] ext hdr: packet from fd00::8472 to fd00::a379 going up, sender closer 0 (256 < 128), rank error 0, loop detected 0
1789972249.923652;m3-207;[INFO: RPL       ] ext hdr: packet from fd00::8472 to fd00::a379 going up, sender closer 0 (256 < 128), rank error 0, loop detected 0
1789972249.923678;m3-207;[INFO: App       ] Received request 'hello 38' from fd00::8472
1789972249.923699;m3-207;[INFO: App       ] Sending response.
1789972249.923719;m3-207;[INFO: RPL       ] SRH creating source routing header with destination fd00::8472 
1789972249.939316;m3-213;[INFO: App       ] Received response 'hello 38' from fd00::a379
1789972249.939418;m3-207;[INFO: RPL       ] SRH path len: 0, ComprI 15, ComprE 15, ext len 8 (padding 0)
1789972249.939447;m3-207;[INFO: RPL       ] packet sent to 0200.0000.0000.8472, status 0, tx 1, new link metric 128
1789972250.054621;m3-218;[INFO: App       ] Sending request 37 to fd00::a379
1789972250.054673;m3-218;[INFO: RPL       ] creating hop-by-hop option
1789972250.115514;m3-207;[INFO: RPL       ] ext hdr: packet from fd00::b582 to fd00::a379 going up, sender closer 0 (256 < 128), rank error 0, loop detected 0
1789972250.115555;m3-207;[INFO: RPL       ] ext hdr: packet from fd00::b582 to fd00::a379 going up, sender closer 0 (256 < 128), rank error 0, loop detected 0
1789972250.115579;m3-207;[INFO: App       ] Received request 'hello 37' from fd00::b582
1789972250.115600;m3-207;[INFO: App       ] Sending response.
1789972250.118404;m3-218;[INFO: RPL       ] packet sent to 0200.0000.0000.a379, status 0, tx 1, new link metric 128
1789972250.131424;m3-207;[INFO: RPL       ] SRH creating source routing header with destination fd00::b582 
1789972250.131466;m3-207;[INFO: RPL       ] SRH path len: 0, ComprI 15, ComprE 15, ext len 8 (padding 0)
1789972250.179379;m3-207;[INFO: RPL       ] packet sent to 0200.0000.0000.b582, status 0, tx 1, new link metric 128
1789972250.182348;m3-218;[INFO: App       ] Received response 'hello 37' from fd00::a379
1789972250.701726;m3-209;[INFO: App       ] Sending request 37 to fd00::a379
1789972250.701774;m3-209;[INFO: RPL       ] creating hop-by-hop option
1789972250.749601;m3-209;[INFO: RPL       ] packet sent to 0200.0000.0000.a379, status 0, tx 1, new link metric 128
1789972250.755607;m3-207;[INFO: RPL       ] ext hdr: packet from fd00::b379 to fd00::a379 going up, sender closer 0 (256 < 128), rank error 0, loop detected 0
1789972250.755646;m3-207;[INFO: RPL       ] ext hdr: packet from fd00::b379 to fd00::a379 going up, sender closer 0 (256 < 128), rank error 0, loop detected 0
1789972250.755672;m3-207;[INFO: App       ] Received request 'hello 37' from fd00::b379
1789972250.755692;m3-207;[INFO: App       ] Sending response.
1789972250.771431;m3-207;[INFO: RPL       ] SRH creating source routing header with destination fd00::b379 
1789972250.771465;m3-207;[INFO: RPL       ] SRH path len: 0, ComprI 15, ComprE 15, ext len 8 (padding 0)
1789972250.781523;m3-209;[INFO: App       ] Received response 'hello 37' from fd00::a379
1789972250.787373;m3-207;[INFO: RPL       ] packet sent to 0200.0000.0000.b379, status 0, tx 1, new link metric 128
1789972250.864840;m3-220;[INFO: App       ] Sending request 38 to fd00::a379
1789972250.880664;m3-220;[INFO: RPL       ] creating hop-by-hop option
1789972250.880702;m3-220;[INFO: RPL       ] packet sent to 0200.0000.0000.a379, status 0, tx 1, new link metric 128
1789972250.880838;m3-207;[INFO: RPL       ] ext hdr: packet from fd00::2160 to fd00::a379 going up, sender closer 0 (256 < 128), rank error 0, loop detected 0
1789972250.880869;m3-207;[INFO: RPL       ] ext hdr: packet from fd00::2160 to fd00::a379 going up, sender closer 0 (256 < 128), rank error 0, loop detected 0
1789972250.880893;m3-207;[INFO: App       ] Received request 'hello 38' from fd00::2160
1789972250.880914;m3-207;[INFO: App       ] Sending response.
1789972250.880933;m3-207;[INFO: RPL       ] SRH creating source routing header with destination fd00::2160 
1789972250.896339;m3-207;[INFO: RPL       ] SRH path len: 0, ComprI 15, ComprE 15, ext len 8 (padding 0)
1789972250.928347;m3-207;[INFO: RPL       ] packet sent to 0200.0000.0000.2160, status 0, tx 1, new link metric 128
1789972250.928524;m3-220;[INFO: App       ] Received response 'hello 38' from fd00::a379
1789972251.648541;m3-208;[INFO: App       ] Sending request 38 to fd00::a379
1789972251.648592;m3-208;[INFO: RPL       ] creating hop-by-hop option
1789972251.665378;m3-207;[INFO: RPL       ] ext hdr: packet from fd00::9076 to fd00::a379 going up, sender closer 0 (256 < 128), rank error 0, loop detected 0
1789972251.665419;m3-207;[INFO: RPL       ] ext hdr: packet from fd00::9076 to fd00::a379 going up, sender closer 0 (256 < 128), rank error 0, loop detected 0
1789972251.665445;m3-207;[INFO: App       ] Received request 'hello 38' from fd00::9076
1789972251.665467;m3-207;[INFO: App       ] Sending response.
1789972251.665486;m3-207;[INFO: RPL       ] SRH creating source routing header with destination fd00::9076 
1789972251.665506;m3-207;[INFO: RPL       ] SRH path len: 0, ComprI 15, ComprE 15, ext len 8 (padding 0)
1789972251.665531;m3-208;[INFO: RPL       ] packet sent to 0200.0000.0000.a379, status 0, tx 1, new link metric 128
1789972251.712294;m3-208;[INFO: App       ] Received response 'hello 38' from fd00::a379
1789972251.712336;m3-207;[INFO: RPL       ] packet sent to 0200.0000.0000.9076, status 0, tx 1, new link metric 128
1789972253.349775;m3-212;[INFO: App       ] Sending request 37 to fd00::a379
1789972253.349830;m3-212;[INFO: RPL       ] creating hop-by-hop option
1789972253.360386;m3-207;[INFO: RPL       ] ext hdr: packet from fd00::b280 to fd00::a379 going up, sender closer 0 (256 < 128), rank error 0, loop detected 0
1789972253.365727;m3-212;[INFO: RPL       ] packet sent to 0200.0000.0000.a379, status 0, tx 1, new link metric 128
1789972253.376271;m3-207;[INFO: RPL       ] ext hdr: packet from fd00::b280 to fd00::a379 going up, sender closer 0 (256 < 128), rank error 0, loop detected 0
1789972253.376309;m3-207;[INFO: App       ] Received request 'hello 37' from fd00::b280
1789972253.376331;m3-207;[INFO: App       ] Sending response.
1789972253.376351;m3-207;[INFO: RPL       ] SRH creating source routing header with destination fd00::b280 
1789972253.376370;m3-207;[INFO: RPL       ] SRH path len: 0, ComprI 15, ComprE 15, ext len 8 (padding 0)
1789972253.392154;m3-207;[INFO: RPL       ] packet sent to 0200.0000.0000.b280, status 0, tx 1, new link metric 128
1789972253.397724;m3-212;[INFO: App       ] Received response 'hello 37' from fd00::a379
1789972253.442316;m3-214;[INFO: App       ] Sending request 37 to fd00::a379
1789972253.442354;m3-214;[INFO: RPL       ] creating hop-by-hop option
1789972253.489384;m3-207;[INFO: RPL       ] ext hdr: packet from fd00::9567 to fd00::a379 going up, sender closer 0 (256 < 128), rank error 0, loop detected 0
1789972253.489427;m3-207;[INFO: RPL       ] ext hdr: packet from fd00::9567 to fd00::a379 going up, sender closer 0 (256 < 128), rank error 0, loop detected 0
1789972253.490011;m3-214;[INFO: RPL       ] packet sent to 0200.0000.0000.a379, status 0, tx 1, new link metric 128
1789972253.504202;m3-207;[INFO: App       ] Received request 'hello 37' from fd00::9567
1789972253.504237;m3-207;[INFO: App       ] Sending response.
1789972253.504259;m3-207;[INFO: RPL       ] SRH creating source routing header with destination fd00::9567 
1789972253.504280;m3-207;[INFO: RPL       ] SRH path len: 0, ComprI 15, ComprE 15, ext len 8 (padding 0)
1789972253.504300;m3-207;[INFO: RPL       ] packet sent to 0200.0000.0000.9567, status 0, tx 1, new link metric 128
1789972253.505971;m3-214;[INFO: App       ] Received response 'hello 37' from fd00::a379
1789972254.118196;m3-219;[INFO: App       ] Sending request 38 to fd00::a379
1789972254.118263;m3-219;[INFO: RPL       ] creating hop-by-hop option
1789972254.144038;m3-207;[INFO: RPL       ] ext hdr: packet from fd00::b481 to fd00::a379 going up, sender closer 0 (256 < 128), rank error 0, loop detected 0
1789972254.144077;m3-207;[INFO: RPL       ] ext hdr: packet from fd00::b481 to fd00::a379 going up, sender closer 0 (256 < 128), rank error 0, loop detected 0
1789972254.150078;m3-219;[INFO: RPL       ] packet sent to 0200.0000.0000.a379, status 0, tx 1, new link metric 128
1789972254.160012;m3-207;[INFO: App       ] Received request 'hello 38' from fd00::b481
1789972254.160046;m3-207;[INFO: App       ] Sending response.
1789972254.160067;m3-207;[INFO: RPL       ] SRH creating source routing header with destination fd00::b481 
1789972254.160088;m3-207;[INFO: RPL       ] SRH path len: 0, ComprI 15, ComprE 15, ext len 8 (padding 0)
1789972254.181951;m3-219;[INFO: App       ] Received response 'hello 38' from fd00::a379
1789972254.191966;m3-207;[INFO: RPL       ] packet sent to 0200.0000.0000.b481, status 0, tx 1, new link metric 128
1789972255.320057;m3-211;[INFO: App       ] Sending request 39 to fd00::a379
1789972255.320113;m3-211;[INFO: RPL       ] creating hop-by-hop option
1789972255.351994;m3-211;[INFO: RPL       ] packet sent to 0200.0000.0000.a379, status 0, tx 1, new link metric 128
1789972255.357148;m3-207;[INFO: RPL       ] ext hdr: packet from fd00::8875 to fd00::a379 going up, sender closer 0 (256 < 128), rank error 0, loop detected 0
1789972255.357187;m3-207;[INFO: RPL       ] ext hdr: packet from fd00::8875 to fd00::a379 going up, sender closer 0 (256 < 128), rank error 0, loop detected 0
1789972255.357213;m3-207;[INFO: App       ] Received request 'hello 39' from fd00::8875
1789972255.357235;m3-207;[INFO: App       ] Sending response.
1789972255.357255;m3-207;[INFO: RPL       ] SRH creating source routing header with destination fd00::8875 
1789972255.369390;m3-211;[INFO: App       ] Received response 'hello 39' from fd00::a379
1789972255.372003;m3-207;[INFO: RPL       ] SRH path len: 0, ComprI 15, ComprE 15, ext len 8 (padding 0)
1789972255.372035;m3-207;[INFO: RPL       ] packet sent to 0200.0000.0000.8875, status 0, tx 1, new link metric 128
1789972256.298895;m3-217;[INFO: App       ] Sending request 37 to fd00::a379
1789972256.298950;m3-217;[INFO: RPL       ] creating hop-by-hop option
1789972256.301742;m3-215;[INFO: App       ] Sending request 38 to fd00::a379
1789972256.301781;m3-215;[INFO: RPL       ] creating hop-by-hop option
1789972256.330800;m3-217;[INFO: RPL       ] packet sent to 0200.0000.0000.a379, status 0, tx 1, new link metric 131
1789972256.331776;m3-207;[INFO: RPL       ] ext hdr: packet from fd00::9871 to fd00::a379 going up, sender closer 0 (260 < 128), rank error 0, loop detected 0
1789972256.345526;m3-207;[INFO: RPL       ] ext hdr: packet from fd00::9871 to fd00::a379 going up, sender closer 0 (260 < 128), rank error 0, loop detected 0
1789972256.345563;m3-207;[INFO: App       ] Received request 'hello 37' from fd00::9871
1789972256.345587;m3-207;[INFO: App       ] Sending response.
1789972256.345606;m3-207;[INFO: RPL       ] SRH creating source routing header with destination fd00::9871 
1789972256.345626;m3-207;[INFO: RPL       ] SRH path len: 0, ComprI 15, ComprE 15, ext len 8 (padding 0)
1789972256.345661;m3-207;[INFO: RPL       ] ext hdr: packet from fd00::9175 to fd00::a379 going up, sender closer 0 (256 < 128), rank error 0, loop detected 0
1789972256.349684;m3-215;[INFO: RPL       ] packet sent to 0200.0000.0000.a379, status 0, tx 1, new link metric 128
1789972256.360984;m3-207;[INFO: RPL       ] ext hdr: packet from fd00::9175 to fd00::a379 going up, sender closer 0 (256 < 128), rank error 0, loop detected 0
1789972256.361019;m3-207;[INFO: App       ] Received request 'hello 38' from fd00::9175
1789972256.361041;m3-207;[INFO: App       ] Sending response.
1789972256.361059;m3-207;[INFO: RPL       ] SRH creating source routing header with destination fd00::9175 
1789972256.361078;m3-207;[INFO: RPL       ] SRH path len: 0, ComprI 15, ComprE 15, ext len 8 (padding 0)
1789972256.376812;m3-207;[INFO: RPL       ] packet sent to 0200.0000.0000.9175, status 0, tx 1, new link metric 128
1789972256.381530;m3-215;[INFO: App       ] Received response 'hello 38' from fd00::a379
1789972256.408774;m3-207;[INFO: RPL       ] packet sent to 0200.0000.0000.9871, status 0, tx 1, new link metric 128
1789972256.410647;m3-217;[INFO: App       ] Received response 'hello 37' from fd00::a379
1789972256.783855;m3-221;[INFO: App       ] Sending request 37 to fd00::a379
1789972256.799652;m3-221;[INFO: RPL       ] creating hop-by-hop option
1789972256.808784;m3-207;[INFO: RPL       ] ext hdr: packet from fd00::9981 to fd00::a379 going up, sender closer 0 (256 < 128), rank error 0, loop detected 0
1789972256.815618;m3-221;[INFO: RPL       ] packet sent to 0200.0000.0000.a379, status 0, tx 1, new link metric 128
1789972256.824834;m3-207;[INFO: RPL       ] ext hdr: packet from fd00::9981 to fd00::a379 going up, sender closer 0 (256 < 128), rank error 0, loop detected 0
1789972256.824869;m3-207;[INFO: App       ] Received request 'hello 37' from fd00::9981
1789972256.824892;m3-207;[INFO: App       ] Sending response.
1789972256.824911;m3-207;[INFO: RPL       ] SRH creating source routing header with destination fd00::9981 
1789972256.824931;m3-207;[INFO: RPL       ] SRH path len: 0, ComprI 15, ComprE 15, ext len 8 (padding 0)
1789972256.872754;m3-207;[INFO: RPL       ] packet sent to 0200.0000.0000.9981, status 0, tx 1, new link metric 128
1789972256.881391;m3-221;[INFO: App       ] Received response 'hello 37' from fd00::a379
1789972258.763180;m3-216;[INFO: App       ] Sending request 39 to fd00::a379
1789972258.763240;m3-216;[INFO: RPL       ] creating hop-by-hop option
1789972258.763267;m3-216;[INFO: RPL       ] packet sent to 0200.0000.0000.a379, status 0, tx 1, new link metric 128
1789972258.775968;m3-207;[INFO: RPL       ] ext hdr: packet from fd00::b369 to fd00::a379 going up, sender closer 0 (256 < 128), rank error 0, loop detected 0
1789972258.776010;m3-207;[INFO: RPL       ] ext hdr: packet from fd00::b369 to fd00::a379 going up, sender closer 0 (256 < 128), rank error 0, loop detected 0
1789972258.776035;m3-207;[INFO: App       ] Received request 'hello 39' from fd00::b369
1789972258.776055;m3-207;[INFO: App       ] Sending response.
1789972258.776073;m3-207;[INFO: RPL       ] SRH creating source routing header with destination fd00::b369 
1789972258.776110;m3-207;[INFO: RPL       ] SRH path len: 0, ComprI 15, ComprE 15, ext len 8 (padding 0)
1789972258.778934;m3-216;[INFO: App       ] Received response 'hello 39' from fd00::a379
1789972258.791547;m3-207;[INFO: RPL       ] packet sent to 0200.0000.0000.b369, status 0, tx 1, new link metric 128
1789972258.921575;m3-210;[INFO: App       ] Sending request 38 to fd00::a379
1789972258.921623;m3-210;[INFO: RPL       ] creating hop-by-hop option
1789972258.932524;m3-207;[INFO: RPL       ] ext hdr: packet from fd00::c081 to fd00::a379 going up, sender closer 0 (256 < 128), rank error 0, loop detected 0
1789972258.932562;m3-207;[INFO: RPL       ] ext hdr: packet from fd00::c081 to fd00::a379 going up, sender closer 0 (256 < 128), rank error 0, loop detected 0
1789972258.932586;m3-207;[INFO: App       ] Received request 'hello 38' from fd00::c081
1789972258.932606;m3-207;[INFO: App       ] Sending response.
1789972258.932625;m3-207;[INFO: RPL       ] SRH creating source routing header with destination fd00::c081 
1789972258.937326;m3-210;[INFO: RPL       ] packet sent to 0200.0000.0000.a379, status 0, tx 1, new link metric 128
1789972258.947551;m3-207;[INFO: RPL       ] SRH path len: 0, ComprI 15, ComprE 15, ext len 8 (padding 0)
1789972258.953268;m3-210;[INFO: App       ] Received response 'hello 38' from fd00::a379
1789972258.963516;m3-207;[INFO: RPL       ] packet sent to 0200.0000.0000.c081, status 0, tx 1, new link metric 128
1789972259.106485;m3-213;[INFO: App       ] Sending request 39 to fd00::a379
1789972259.106532;m3-213;[INFO: RPL       ] creating hop-by-hop option
1789972259.138213;m3-213;[INFO: RPL       ] packet sent to 0200.0000.0000.a379, status 0, tx 1, new link metric 128
1789972259.139616;m3-207;[INFO: RPL       ] ext hdr: packet from fd00::8472 to fd00::a379 going up, sender closer 0 (256 < 128), rank error 0, loop detected 0
1789972259.139652;m3-207;[INFO: RPL       ] ext hdr: packet from fd00::8472 to fd00::a379 going up, sender closer 0 (256 < 128), rank error 0, loop detected 0
1789972259.139678;m3-207;[INFO: App       ] Received request 'hello 39' from fd00::8472
1789972259.139699;m3-207;[INFO: App       ] Sending response.
1789972259.139717;m3-207;[INFO: RPL       ] SRH creating source routing header with destination fd00::8472 
1789972259.139737;m3-207;[INFO: RPL       ] SRH path len: 0, ComprI 15, ComprE 15, ext len 8 (padding 0)
1789972259.202216;m3-213;[INFO: App       ] Received response 'hello 39' from fd00::a379
1789972259.203516;m3-207;[INFO: RPL       ] packet sent to 0200.0000.0000.8472, status 0, tx 1, new link metric 128
1789972260.245330;m3-218;[INFO: App       ] Sending request 38 to fd00::a379
1789972260.245409;m3-218;[INFO: RPL       ] creating hop-by-hop option
1789972260.259550;m3-207;[INFO: RPL       ] ext hdr: packet from fd00::b582 to fd00::a379 going up, sender closer 0 (256 < 128), rank error 0, loop detected 0
1789972260.261131;m3-218;[INFO: RPL       ] packet sent to 0200.0000.0000.a379, status 0, tx 1, new link metric 128
1789972260.277398;m3-207;[INFO: RPL       ] ext hdr: packet from fd00::b582 to fd00::a379 going up, sender closer 0 (256 < 128), rank error 0, loop detected 0
1789972260.277433;m3-207;[INFO: App       ] Received request 'hello 38' from fd00::b582
1789972260.277455;m3-207;[INFO: App       ] Sending response.
1789972260.277473;m3-207;[INFO: RPL       ] SRH creating source routing header with destination fd00::b582 
1789972260.277492;m3-207;[INFO: RPL       ] SRH path len: 0, ComprI 15, ComprE 15, ext len 8 (padding 0)
1789972260.319407;m3-220;[INFO: App       ] Sending request 39 to fd00::a379
1789972260.319443;m3-220;[INFO: RPL       ] creating hop-by-hop option
1789972260.323431;m3-207;[INFO: RPL       ] packet sent to 0200.0000.0000.b582, status 0, tx 1, new link metric 128
1789972260.325122;m3-218;[INFO: App       ] Received response 'hello 38' from fd00::a379
1789972260.335628;m3-220;[INFO: RPL       ] packet sent to 0200.0000.0000.a379, status 0, tx 1, new link metric 128
1789972260.337968;m3-207;[INFO: RPL       ] ext hdr: packet from fd00::2160 to fd00::a379 going up, sender closer 0 (256 < 128), rank error 0, loop detected 0
1789972260.338006;m3-207;[INFO: RPL       ] ext hdr: packet from fd00::2160 to fd00::a379 going up, sender closer 0 (256 < 128), rank error 0, loop detected 0
1789972260.338031;m3-207;[INFO: App       ] Received request 'hello 39' from fd00::2160
1789972260.338052;m3-207;[INFO: App       ] Sending response.
1789972260.338072;m3-207;[INFO: RPL       ] SRH creating source routing header with destination fd00::2160 
1789972260.353351;m3-207;[INFO: RPL       ] SRH path len: 0, ComprI 15, ComprE 15, ext len 8 (padding 0)
1789972260.399453;m3-220;[INFO: App       ] Received response 'hello 39' from fd00::a379
1789972260.401442;m3-207;[INFO: RPL       ] packet sent to 0200.0000.0000.2160, status 0, tx 1, new link metric 128
1789972261.439611;m3-208;[INFO: App       ] Sending request 39 to fd00::a379
1789972261.439665;m3-208;[INFO: RPL       ] creating hop-by-hop option
1789972261.487399;m3-208;[INFO: RPL       ] packet sent to 0200.0000.0000.a379, status 0, tx 1, new link metric 128
1789972261.489482;m3-207;[INFO: RPL       ] ext hdr: packet from fd00::9076 to fd00::a379 going up, sender closer 0 (256 < 128), rank error 0, loop detected 0
1789972261.489519;m3-207;[INFO: RPL       ] ext hdr: packet from fd00::9076 to fd00::a379 going up, sender closer 0 (256 < 128), rank error 0, loop detected 0
1789972261.489551;m3-207;[INFO: App       ] Received request 'hello 39' from fd00::9076
1789972261.489588;m3-207;[INFO: App       ] Sending response.
1789972261.489607;m3-207;[INFO: RPL       ] SRH creating source routing header with destination fd00::9076 
1789972261.505231;m3-207;[INFO: RPL       ] SRH path len: 0, ComprI 15, ComprE 15, ext len 8 (padding 0)
1789972261.535322;m3-208;[INFO: App       ] Received response 'hello 39' from fd00::a379
1789972261.537202;m3-207;[INFO: RPL       ] packet sent to 0200.0000.0000.9076, status 0, tx 1, new link metric 128
1789972261.612616;m3-209;[INFO: App       ] Sending request 38 to fd00::a379
1789972261.612660;m3-209;[INFO: RPL       ] creating hop-by-hop option
1789972261.628398;m3-209;[INFO: RPL       ] packet sent to 0200.0000.0000.a379, status 0, tx 1, new link metric 128
1789972261.633266;m3-207;[INFO: RPL       ] ext hdr: packet from fd00::b379 to fd00::a379 going up, sender closer 0 (256 < 128), rank error 0, loop detected 0
1789972261.633301;m3-207;[INFO: RPL       ] ext hdr: packet from fd00::b379 to fd00::a379 going up, sender closer 0 (256 < 128), rank error 0, loop detected 0
1789972261.633326;m3-207;[INFO: App       ] Received request 'hello 38' from fd00::b379
1789972261.633353;m3-207;[INFO: App       ] Sending response.
1789972261.633372;m3-207;[INFO: RPL       ] SRH creating source routing header with destination fd00::b379 
1789972261.633408;m3-207;[INFO: RPL       ] SRH path len: 0, ComprI 15, ComprE 15, ext len 8 (padding 0)
1789972261.644335;m3-209;[INFO: App       ] Received response 'hello 38' from fd00::a379
1789972261.649182;m3-207;[INFO: RPL       ] packet sent to 0200.0000.0000.b379, status 0, tx 1, new link metric 128
1789972262.481346;m3-214;[INFO: App       ] Sending request 38 to fd00::a379
1789972262.481395;m3-214;[INFO: RPL       ] creating hop-by-hop option
1789972262.529532;m3-214;[INFO: RPL       ] packet sent to 0200.0000.0000.a379, status 0, tx 1, new link metric 128
1789972262.529738;m3-207;[INFO: RPL       ] ext hdr: packet from fd00::9567 to fd00::a379 going up, sender closer 0 (256 < 128), rank error 0, loop detected 0
1789972262.529849;m3-207;[INFO: RPL       ] ext hdr: packet from fd00::9567 to fd00::a379 going up, sender closer 0 (256 < 128), rank error 0, loop detected 0
1789972262.529939;m3-207;[INFO: App       ] Received request 'hello 38' from fd00::9567
1789972262.530014;m3-207;[INFO: App       ] Sending response.
1789972262.530082;m3-207;[INFO: RPL       ] SRH creating source routing header with destination fd00::9567 
1789972262.530152;m3-207;[INFO: RPL       ] SRH path len: 0, ComprI 15, ComprE 15, ext len 8 (padding 0)
1789972262.577024;m3-214;[INFO: App       ] Received response 'hello 38' from fd00::a379
1789972262.593179;m3-207;[INFO: RPL       ] packet sent to 0200.0000.0000.9567, status 0, tx 1, new link metric 128
1789972263.845306;m3-219;[INFO: App       ] Sending request 39 to fd00::a379
1789972263.845366;m3-219;[INFO: RPL       ] creating hop-by-hop option
1789972263.873202;m3-207;[INFO: RPL       ] ext hdr: packet from fd00::b481 to fd00::a379 going up, sender closer 0 (256 < 128), rank error 0, loop detected 0
1789972263.873245;m3-207;[INFO: RPL       ] ext hdr: packet from fd00::b481 to fd00::a379 going up, sender closer 0 (256 < 128), rank error 0, loop detected 0
1789972263.877031;m3-219;[INFO: RPL       ] packet sent to 0200.0000.0000.a379, status 0, tx 1, new link metric 128
1789972263.889071;m3-207;[INFO: App       ] Received request 'hello 39' from fd00::b481
1789972263.889106;m3-207;[INFO: App       ] Sending response.
1789972263.889128;m3-207;[INFO: RPL       ] SRH creating source routing header with destination fd00::b481 
1789972263.889149;m3-207;[INFO: RPL       ] SRH path len: 0, ComprI 15, ComprE 15, ext len 8 (padding 0)
1789972263.921372;m3-207;[INFO: RPL       ] packet sent to 0200.0000.0000.b481, status 0, tx 1, new link metric 128
1789972263.925037;m3-219;[INFO: App       ] Received response 'hello 39' from fd00::a379
1789972264.036820;m3-212;[INFO: App       ] Sending request 38 to fd00::a379
1789972264.036864;m3-212;[INFO: RPL       ] creating hop-by-hop option
1789972264.049063;m3-207;[INFO: RPL       ] ext hdr: packet from fd00::b280 to fd00::a379 going up, sender closer 0 (256 < 128), rank error 0, loop detected 0
1789972264.049099;m3-207;[INFO: RPL       ] ext hdr: packet from fd00::b280 to fd00::a379 going up, sender closer 0 (256 < 128), rank error 0, loop detected 0
1789972264.049141;m3-207;[INFO: App       ] Received request 'hello 38' from fd00::b280
1789972264.049161;m3-207;[INFO: App       ] Sending response.
1789972264.049181;m3-207;[INFO: RPL       ] SRH creating source routing header with destination fd00::b280 
1789972264.052600;m3-212;[INFO: RPL       ] packet sent to 0200.0000.0000.a379, status 0, tx 1, new link metric 128
1789972264.065370;m3-207;[INFO: RPL       ] SRH path len: 0, ComprI 15, ComprE 15, ext len 8 (padding 0)
1789972264.080949;m3-207;[INFO: RPL       ] packet sent to 0200.0000.0000.b280, status 0, tx 1, new link metric 128
1789972264.084579;m3-212;[INFO: App       ] Received response 'hello 38' from fd00::a379
1789972265.966914;m3-221;[INFO: App       ] Sending request 38 to fd00::a379
1789972265.966974;m3-221;[INFO: RPL       ] creating hop-by-hop option
1789972266.006801;m3-211;[INFO: App       ] Tx/Rx/MissedTx: 40/40/0
1789972266.006841;m3-211;[INFO: App       ] Sending request 40 to fd00::a379
1789972266.006864;m3-211;[INFO: RPL       ] creating hop-by-hop option
1789972266.033363;m3-221;[INFO: RPL       ] packet sent to 0200.0000.0000.a379, status 0, tx 1, new link metric 128
1789972266.033406;m3-207;[INFO: RPL       ] ext hdr: packet from fd00::9981 to fd00::a379 going up, sender closer 0 (256 < 128), rank error 0, loop detected 0
1789972266.033432;m3-207;[INFO: RPL       ] ext hdr: packet from fd00::9981 to fd00::a379 going up, sender closer 0 (256 < 128), rank error 0, loop detected 0
1789972266.033456;m3-207;[INFO: App       ] Received request 'hello 38' from fd00::9981
1789972266.048903;m3-207;[INFO: App       ] Sending response.
1789972266.048946;m3-207;[INFO: RPL       ] SRH creating source routing header with destination fd00::9981 
1789972266.048970;m3-207;[INFO: RPL       ] SRH path len: 0, ComprI 15, ComprE 15, ext len 8 (padding 0)
1789972266.048990;m3-207;[INFO: RPL       ] ext hdr: packet from fd00::8875 to fd00::a379 going up, sender closer 0 (256 < 128), rank error 0, loop detected 0
1789972266.054596;m3-211;[INFO: RPL       ] packet sent to 0200.0000.0000.a379, status 0, tx 1, new link metric 128
1789972266.064862;m3-207;[INFO: RPL       ] ext hdr: packet from fd00::8875 to fd00::a379 going up, sender closer 0 (256 < 128), rank error 0, loop detected 0
1789972266.064898;m3-207;[INFO: App       ] Received request 'hello 40' from fd00::8875
1789972266.064921;m3-207;[INFO: App       ] Sending response.
1789972266.064939;m3-207;[INFO: RPL       ] SRH creating source routing header with destination fd00::8875 
1789972266.064958;m3-207;[INFO: RPL       ] SRH path len: 0, ComprI 15, ComprE 15, ext len 8 (padding 0)
1789972266.064993;m3-207;[INFO: RPL       ] packet sent to 0200.0000.0000.8875, status 0, tx 1, new link metric 128
1789972266.070498;m3-211;[INFO: App       ] Received response 'hello 40' from fd00::a379
1789972266.078660;m3-221;[INFO: App       ] Received response 'hello 38' from fd00::a379
1789972266.080761;m3-207;[INFO: RPL       ] packet sent to 0200.0000.0000.9981, status 0, tx 1, new link metric 128
1789972266.860627;m3-215;[INFO: App       ] Sending request 39 to fd00::a379
1789972266.860678;m3-215;[INFO: RPL       ] creating hop-by-hop option
1789972266.876399;m3-215;[INFO: RPL       ] packet sent to 0200.0000.0000.a379, status 0, tx 1, new link metric 128
1789972266.880879;m3-207;[INFO: RPL       ] ext hdr: packet from fd00::9175 to fd00::a379 going up, sender closer 0 (256 < 128), rank error 0, loop detected 0
1789972266.880919;m3-207;[INFO: RPL       ] ext hdr: packet from fd00::9175 to fd00::a379 going up, sender closer 0 (256 < 128), rank error 0, loop detected 0
1789972266.880944;m3-207;[INFO: App       ] Received request 'hello 39' from fd00::9175
1789972266.880965;m3-207;[INFO: App       ] Sending response.
1789972266.880983;m3-207;[INFO: RPL       ] SRH creating source routing header with destination fd00::9175 
1789972266.896662;m3-207;[INFO: RPL       ] SRH path len: 0, ComprI 15, ComprE 15, ext len 8 (padding 0)
1789972266.924343;m3-215;[INFO: App       ] Received response 'hello 39' from fd00::a379
1789972266.928613;m3-207;[INFO: RPL       ] packet sent to 0200.0000.0000.9175, status 0, tx 1, new link metric 128
1789972267.156915;m3-219;[INFO: RPL       ] probing fe80::9175  last tx 6 min ago
1789972267.172752;m3-219;[INFO: RPL       ] sending a unicast-DIO with rank 256 to fe80::9175
1789972267.177734;m3-217;[INFO: App       ] Sending request 38 to fd00::a379
1789972267.177769;m3-217;[INFO: RPL       ] creating hop-by-hop option
1789972267.188696;m3-219;[INFO: RPL       ] packet sent to 0200.0000.0000.9175, status 0, tx 1, new link metric 224
1789972267.196189;m3-215;[INFO: RPL       ] received a unicast-DIO from fe80::b481, instance_id 0, DAG ID fd00::a379, version 240, dtsn 240, rank 256
1789972267.225513;m3-217;[INFO: RPL       ] packet sent to 0200.0000.0000.a379, status 0, tx 1, new link metric 130
1789972267.228933;m3-207;[INFO: RPL       ] ext hdr: packet from fd00::9871 to fd00::a379 going up, sender closer 0 (259 < 128), rank error 0, loop detected 0
1789972267.228968;m3-207;[INFO: RPL       ] ext hdr: packet from fd00::9871 to fd00::a379 going up, sender closer 0 (259 < 128), rank error 0, loop detected 0
1789972267.229009;m3-207;[INFO: App       ] Received request 'hello 38' from fd00::9871
1789972267.229030;m3-207;[INFO: App       ] Sending response.
1789972267.229050;m3-207;[INFO: RPL       ] SRH creating source routing header with destination fd00::9871 
1789972267.241458;m3-217;[INFO: App       ] Received response 'hello 38' from fd00::a379
1789972267.244586;m3-207;[INFO: RPL       ] SRH path len: 0, ComprI 15, ComprE 15, ext len 8 (padding 0)
1789972267.244617;m3-207;[INFO: RPL       ] packet sent to 0200.0000.0000.9871, status 0, tx 1, new link metric 128
1789972268.138108;m3-216;[INFO: App       ] Tx/Rx/MissedTx: 40/40/0
1789972268.138161;m3-216;[INFO: App       ] Sending request 40 to fd00::a379
1789972268.138187;m3-216;[INFO: RPL       ] creating hop-by-hop option
1789972268.145499;m3-213;[INFO: App       ] Tx/Rx/MissedTx: 40/40/0
1789972268.145532;m3-213;[INFO: App       ] Sending request 40 to fd00::a379
1789972268.145570;m3-213;[INFO: RPL       ] creating hop-by-hop option
1789972268.169961;m3-216;[INFO: RPL       ] packet sent to 0200.0000.0000.a379, status 0, tx 1, new link metric 128
1789972268.172769;m3-207;[INFO: RPL       ] ext hdr: packet from fd00::b369 to fd00::a379 going up, sender closer 0 (256 < 128), rank error 0, loop detected 0
1789972268.172803;m3-207;[INFO: RPL       ] ext hdr: packet from fd00::b369 to fd00::a379 going up, sender closer 0 (256 < 128), rank error 0, loop detected 0
1789972268.185852;m3-216;[INFO: App       ] Received response 'hello 40' from fd00::a379
1789972268.188665;m3-207;[INFO: App       ] Received request 'hello 40' from fd00::b369
1789972268.188695;m3-207;[INFO: App       ] Sending response.
1789972268.188716;m3-207;[INFO: RPL       ] SRH creating source routing header with destination fd00::b369 
1789972268.188736;m3-207;[INFO: RPL       ] SRH path len: 0, ComprI 15, ComprE 15, ext len 8 (padding 0)
1789972268.188756;m3-207;[INFO: RPL       ] packet sent to 0200.0000.0000.b369, status 0, tx 1, new link metric 128
1789972268.209304;m3-213;[INFO: RPL       ] packet sent to 0200.0000.0000.a379, status 0, tx 1, new link metric 128
1789972268.220628;m3-207;[INFO: RPL       ] ext hdr: packet from fd00::8472 to fd00::a379 going up, sender closer 0 (256 < 128), rank error 0, loop detected 0
1789972268.220665;m3-207;[INFO: RPL       ] ext hdr: packet from fd00::8472 to fd00::a379 going up, sender closer 0 (256 < 128), rank error 0, loop detected 0
1789972268.220690;m3-207;[INFO: App       ] Received request 'hello 40' from fd00::8472
1789972268.220710;m3-207;[INFO: App       ] Sending response.
1789972268.220728;m3-207;[INFO: RPL       ] SRH creating source routing header with destination fd00::8472 
1789972268.220763;m3-207;[INFO: RPL       ] SRH path len: 0, ComprI 15, ComprE 15, ext len 8 (padding 0)
1789972268.253362;m3-207;[INFO: RPL       ] packet sent to 0200.0000.0000.8472, status 0, tx 1, new link metric 128
1789972268.257217;m3-213;[INFO: App       ] Received response 'hello 40' from fd00::a379
1789972268.526746;m3-220;[INFO: RPL       ] probing fe80::b369  last tx 1 min ago
1789972268.526792;m3-220;[INFO: RPL       ] sending a unicast-DIO with rank 256 to fe80::b369
1789972268.574484;m3-220;[INFO: RPL       ] packet sent to 0200.0000.0000.b369, status 0, tx 1, new link metric 182
1789972268.585933;m3-216;[INFO: RPL       ] received a unicast-DIO from fe80::2160, instance_id 0, DAG ID fd00::a379, version 240, dtsn 240, rank 256
1789972269.048426;m3-210;[INFO: App       ] Sending request 39 to fd00::a379
1789972269.048475;m3-210;[INFO: RPL       ] creating hop-by-hop option
1789972269.064200;m3-210;[INFO: RPL       ] packet sent to 0200.0000.0000.a379, status 0, tx 1, new link metric 128
1789972269.068524;m3-207;[INFO: RPL       ] ext hdr: packet from fd00::c081 to fd00::a379 going up, sender closer 0 (256 < 128), rank error 0, loop detected 0
1789972269.068563;m3-207;[INFO: RPL       ] ext hdr: packet from fd00::c081 to fd00::a379 going up, sender closer 0 (256 < 128), rank error 0, loop detected 0
1789972269.068604;m3-207;[INFO: App       ] Received request 'hello 39' from fd00::c081
1789972269.068626;m3-207;[INFO: App       ] Sending response.
1789972269.068644;m3-207;[INFO: RPL       ] SRH creating source routing header with destination fd00::c081 
1789972269.068664;m3-207;[INFO: RPL       ] SRH path len: 0, ComprI 15, ComprE 15, ext len 8 (padding 0)
1789972269.096132;m3-210;[INFO: App       ] Received response 'hello 39' from fd00::a379
1789972269.100421;m3-207;[INFO: RPL       ] packet sent to 0200.0000.0000.c081, status 0, tx 1, new link metric 128
1789972269.604332;m3-218;[INFO: App       ] Sending request 39 to fd00::a379
1789972269.604400;m3-218;[INFO: RPL       ] creating hop-by-hop option
1789972269.652133;m3-218;[INFO: RPL       ] packet sent to 0200.0000.0000.a379, status 0, tx 1, new link metric 128
1789972269.656997;m3-207;[INFO: RPL       ] ext hdr: packet from fd00::b582 to fd00::a379 going up, sender closer 0 (256 < 128), rank error 0, loop detected 0
1789972269.657034;m3-207;[INFO: RPL       ] ext hdr: packet from fd00::b582 to fd00::a379 going up, sender closer 0 (256 < 128), rank error 0, loop detected 0
1789972269.657058;m3-207;[INFO: App       ] Received request 'hello 39' from fd00::b582
1789972269.657078;m3-207;[INFO: App       ] Sending response.
1789972269.657096;m3-207;[INFO: RPL       ] SRH creating source routing header with destination fd00::b582 
1789972269.672403;m3-207;[INFO: RPL       ] SRH path len: 0, ComprI 15, ComprE 15, ext len 8 (padding 0)
1789972269.688374;m3-207;[INFO: RPL       ] packet sent to 0200.0000.0000.b582, status 0, tx 1, new link metric 128
1789972269.700072;m3-218;[INFO: App       ] Received response 'hello 39' from fd00::a379
1789972270.016530;m3-214;[INFO: RPL       ] probing fe80::b379  last tx 6 min ago
1789972270.016596;m3-214;[INFO: RPL       ] sending a unicast-DIO with rank 256 to fe80::b379
1789972270.075739;m3-209;[INFO: RPL       ] received a unicast-DIO from fe80::9567, instance_id 0, DAG ID fd00::a379, version 240, dtsn 240, rank 256
1789972270.080325;m3-214;[INFO: RPL       ] packet sent to 0200.0000.0000.b379, status 0, tx 1, new link metric 224
1789972270.206484;m3-220;[INFO: App       ] Tx/Rx/MissedTx: 40/40/0
1789972270.206530;m3-220;[INFO: App       ] Sending request 40 to fd00::a379
1789972270.206554;m3-220;[INFO: RPL       ] creating hop-by-hop option
1789972270.248428;m3-207;[INFO: RPL       ] ext hdr: packet from fd00::2160 to fd00::a379 going up, sender closer 0 (256 < 128), rank error 0, loop detected 0
1789972270.254343;m3-220;[INFO: RPL       ] packet sent to 0200.0000.0000.a379, status 0, tx 1, new link metric 128
1789972270.264443;m3-207;[INFO: RPL       ] ext hdr: packet from fd00::2160 to fd00::a379 going up, sender closer 0 (256 < 128), rank error 0, loop detected 0
1789972270.264480;m3-207;[INFO: App       ] Received request 'hello 40' from fd00::2160
1789972270.264502;m3-207;[INFO: App       ] Sending response.
1789972270.264522;m3-207;[INFO: RPL       ] SRH creating source routing header with destination fd00::2160 
1789972270.264542;m3-207;[INFO: RPL       ] SRH path len: 0, ComprI 15, ComprE 15, ext len 8 (padding 0)
1789972270.302262;m3-220;[INFO: App       ] Received response 'hello 40' from fd00::a379
1789972270.312330;m3-207;[INFO: RPL       ] packet sent to 0200.0000.0000.2160, status 0, tx 1, new link metric 128
1789972270.699356;m3-209;[INFO: App       ] Sending request 39 to fd00::a379
1789972270.699405;m3-209;[INFO: RPL       ] creating hop-by-hop option
1789972270.728386;m3-207;[INFO: RPL       ] ext hdr: packet from fd00::b379 to fd00::a379 going up, sender closer 0 (256 < 128), rank error 0, loop detected 0
1789972270.731339;m3-209;[INFO: RPL       ] packet sent to 0200.0000.0000.a379, status 0, tx 1, new link metric 128
1789972270.744349;m3-207;[INFO: RPL       ] ext hdr: packet from fd00::b379 to fd00::a379 going up, sender closer 0 (256 < 128), rank error 0, loop detected 0
1789972270.744404;m3-207;[INFO: App       ] Received request 'hello 39' from fd00::b379
1789972270.744429;m3-207;[INFO: App       ] Sending response.
1789972270.744449;m3-207;[INFO: RPL       ] SRH creating source routing header with destination fd00::b379 
1789972270.744469;m3-207;[INFO: RPL       ] SRH path len: 0, ComprI 15, ComprE 15, ext len 8 (padding 0)
1789972270.747308;m3-209;[INFO: App       ] Received response 'hello 39' from fd00::a379
1789972270.760230;m3-207;[INFO: RPL       ] packet sent to 0200.0000.0000.b379, status 0, tx 1, new link metric 128
1789972271.660028;m3-215;[INFO: RPL       ] probing fe80::2160  last tx 1 min ago
1789972271.660082;m3-215;[INFO: RPL       ] sending a unicast-DIO with rank 256 to fe80::2160
1789972271.707833;m3-215;[INFO: RPL       ] packet sent to 0200.0000.0000.2160, status 0, tx 1, new link metric 176
1789972271.710358;m3-220;[INFO: RPL       ] received a unicast-DIO from fe80::9175, instance_id 0, DAG ID fd00::a379, version 240, dtsn 240, rank 256
1789972271.784340;m3-207;[INFO: RPL       ] ext hdr: packet from fd00::9076 to fd00::a379 going up, sender closer 0 (256 < 128), rank error 0, loop detected 0
1789972271.790424;m3-208;[INFO: App       ] Tx/Rx/MissedTx: 40/40/0
1789972271.790459;m3-208;[INFO: App       ] Sending request 40 to fd00::a379
1789972271.790482;m3-208;[INFO: RPL       ] creating hop-by-hop option
1789972271.790502;m3-208;[INFO: RPL       ] packet sent to 0200.0000.0000.a379, status 0, tx 1, new link metric 128
1789972271.800279;m3-207;[INFO: RPL       ] ext hdr: packet from fd00::9076 to fd00::a379 going up, sender closer 0 (256 < 128), rank error 0, loop detected 0
1789972271.800314;m3-207;[INFO: App       ] Received request 'hello 40' from fd00::9076
1789972271.800353;m3-207;[INFO: App       ] Sending response.
1789972271.800372;m3-207;[INFO: RPL       ] SRH creating source routing header with destination fd00::9076 
1789972271.800392;m3-207;[INFO: RPL       ] SRH path len: 0, ComprI 15, ComprE 15, ext len 8 (padding 0)
1789972271.822314;m3-208;[INFO: App       ] Received response 'hello 40' from fd00::a379
1789972271.832154;m3-207;[INFO: RPL       ] packet sent to 0200.0000.0000.9076, status 0, tx 1, new link metric 128
1789972273.456164;m3-214;[INFO: App       ] Sending request 39 to fd00::a379
1789972273.456219;m3-214;[INFO: RPL       ] creating hop-by-hop option
1789972273.487971;m3-214;[INFO: RPL       ] packet sent to 0200.0000.0000.a379, status 0, tx 1, new link metric 128
1789972273.493139;m3-207;[INFO: RPL       ] ext hdr: packet from fd00::9567 to fd00::a379 going up, sender closer 0 (256 < 128), rank error 0, loop detected 0
1789972273.493177;m3-207;[INFO: RPL       ] ext hdr: packet from fd00::9567 to fd00::a379 going up, sender closer 0 (256 < 128), rank error 0, loop detected 0
1789972273.493202;m3-207;[INFO: App       ] Received request 'hello 39' from fd00::9567
1789972273.493222;m3-207;[INFO: App       ] Sending response.
1789972273.493240;m3-207;[INFO: RPL       ] SRH creating source routing header with destination fd00::9567 
1789972273.508053;m3-207;[INFO: RPL       ] SRH path len: 0, ComprI 15, ComprE 15, ext len 8 (padding 0)
1789972273.539982;m3-207;[INFO: RPL       ] packet sent to 0200.0000.0000.9567, status 0, tx 1, new link metric 128
1789972273.551873;m3-214;[INFO: App       ] Received response 'hello 39' from fd00::a379
1789972274.068266;m3-219;[INFO: App       ] Tx/Rx/MissedTx: 40/40/0
1789972274.068317;m3-219;[INFO: App       ] Sending request 40 to fd00::a379
1789972274.068342;m3-219;[INFO: RPL       ] creating hop-by-hop option
1789972274.132033;m3-207;[INFO: RPL       ] ext hdr: packet from fd00::b481 to fd00::a379 going up, sender closer 0 (256 < 128), rank error 0, loop detected 0
1789972274.132099;m3-219;[INFO: RPL       ] packet sent to 0200.0000.0000.a379, status 0, tx 1, new link metric 128
1789972274.148005;m3-207;[INFO: RPL       ] ext hdr: packet from fd00::b481 to fd00::a379 going up, sender closer 0 (256 < 128), rank error 0, loop detected 0
1789972274.148046;m3-207;[INFO: App       ] Received request 'hello 40' from fd00::b481
1789972274.148069;m3-207;[INFO: App       ] Sending response.
1789972274.148090;m3-207;[INFO: RPL       ] SRH creating source routing header with destination fd00::b481 
1789972274.148110;m3-207;[INFO: RPL       ] SRH path len: 0, ComprI 15, ComprE 15, ext len 8 (padding 0)
1789972274.163939;m3-207;[INFO: RPL       ] packet sent to 0200.0000.0000.b481, status 0, tx 1, new link metric 128
1789972274.163995;m3-219;[INFO: App       ] Received response 'hello 40' from fd00::a379
1789972274.851615;m3-212;[INFO: App       ] Sending request 39 to fd00::a379
1789972274.851670;m3-212;[INFO: RPL       ] creating hop-by-hop option
1789972274.915441;m3-212;[INFO: RPL       ] packet sent to 0200.0000.0000.a379, status 0, tx 1, new link metric 128
1789972274.915926;m3-207;[INFO: RPL       ] ext hdr: packet from fd00::b280 to fd00::a379 going up, sender closer 0 (256 < 128), rank error 0, loop detected 0
1789972274.915964;m3-207;[INFO: RPL       ] ext hdr: packet from fd00::b280 to fd00::a379 going up, sender closer 0 (256 < 128), rank error 0, loop detected 0
1789972274.915991;m3-207;[INFO: App       ] Received request 'hello 39' from fd00::b280
1789972274.916012;m3-207;[INFO: App       ] Sending response.
1789972274.916031;m3-207;[INFO: RPL       ] SRH creating source routing header with destination fd00::b280 
1789972274.931837;m3-207;[INFO: RPL       ] SRH path len: 0, ComprI 15, ComprE 15, ext len 8 (padding 0)
1789972274.949383;m3-212;[INFO: App       ] Received response 'hello 39' from fd00::a379
1789972274.949425;m3-207;[INFO: RPL       ] packet sent to 0200.0000.0000.b280, status 0, tx 1, new link metric 128
1789972275.215911;m3-214;[INFO: RPL       ] nbr: own state, addr fd00::9567, DAG state: reachable, MOP 1 OCP 1 rank 256 max-rank 1280, dioint 18, nbr count 14 (Periodic)
1789972275.216649;m3-213;[INFO: RPL       ] nbr: own state, addr fd00::8472, DAG state: reachable, MOP 1 OCP 1 rank 256 max-rank 1280, dioint 18, nbr count 14 (Periodic)
1789972275.219414;m3-212;[INFO: RPL       ] nbr: own state, addr fd00::b280, DAG state: reachable, MOP 1 OCP 1 rank 256 max-rank 1280, dioint 18, nbr count 14 (Periodic)
1789972275.219519;m3-218;[INFO: RPL       ] nbr: own state, addr fd00::b582, DAG state: reachable, MOP 1 OCP 1 rank 256 max-rank 1280, dioint 18, nbr count 14 (Periodic)
1789972275.219675;m3-207;[INFO: RPL       ] nbr: own state, addr fd00::a379, DAG state: reachable, MOP 1 OCP 1 rank 128 max-rank 65535, dioint 18, nbr count 14 (Periodic)
1789972275.221725;m3-211;[INFO: RPL       ] nbr: own state, addr fd00::8875, DAG state: reachable, MOP 1 OCP 1 rank 256 max-rank 1280, dioint 18, nbr count 14 (Periodic)
1789972275.223573;m3-210;[INFO: RPL       ] nbr: own state, addr fd00::c081, DAG state: reachable, MOP 1 OCP 1 rank 256 max-rank 1280, dioint 18, nbr count 14 (Periodic)
1789972275.224929;m3-217;[INFO: RPL       ] nbr: own state, addr fd00::9871, DAG state: reachable, MOP 1 OCP 1 rank 258 max-rank 1280, dioint 18, nbr count 14 (Periodic)
1789972275.225370;m3-216;[INFO: RPL       ] nbr: own state, addr fd00::b369, DAG state: reachable, MOP 1 OCP 1 rank 256 max-rank 1280, dioint 18, nbr count 14 (Periodic)
1789972275.225403;m3-216;[INFO: RPL       ] nbr: fe80::a379  128,   128 =>   256 -- 16 rbafp (last tx 0 min ago)
1789972275.227203;m3-209;[INFO: RPL       ] nbr: own state, addr fd00::b379, DAG state: reachable, MOP 1 OCP 1 rank 256 max-rank 1280, dioint 18, nbr count 14 (Periodic)
1789972275.227235;m3-209;[INFO: RPL       ] nbr: fe80::a379  128,   128 =>   256 -- 16 rbafp (last tx 0 min ago)
1789972275.227362;m3-215;[INFO: RPL       ] nbr: own state, addr fd00::9175, DAG state: reachable, MOP 1 OCP 1 rank 256 max-rank 1280, dioint 18, nbr count 14 (Periodic)
1789972275.227391;m3-215;[INFO: RPL       ] nbr: fe80::a379  128,   128 =>   256 -- 16 rbafp (last tx 0 min ago)
1789972275.227413;m3-215;[INFO: RPL       ] nbr: fe80::b369  256,   224 =>   480 --  1   a   (last tx 2 min ago)
1789972275.230001;m3-221;[INFO: RPL       ] nbr: own state, addr fd00::9981, DAG state: reachable, MOP 1 OCP 1 rank 256 max-rank 1280, dioint 18, nbr count 14 (Periodic)
1789972275.230051;m3-221;[INFO: RPL       ] nbr: fe80::a379  128,   128 =>   256 -- 16 rbafp (last tx 0 min ago)
1789972275.230077;m3-221;[INFO: RPL       ] nbr: fe80::b369  256,   256 =>   512 --  0   a   (no tx)
1789972275.230103;m3-220;[INFO: RPL       ] nbr: own state, addr fd00::2160, DAG state: reachable, MOP 1 OCP 1 rank 256 max-rank 1280, dioint 18, nbr count 14 (Periodic)
1789972275.230126;m3-220;[INFO: RPL       ] nbr: fe80::a379  128,   128 =>   256 -- 16 rbafp (last tx 0 min ago)
1789972275.230154;m3-208;[INFO: RPL       ] nbr: own state, addr fd00::9076, DAG state: reachable, MOP 1 OCP 1 rank 256 max-rank 1280, dioint 18, nbr count 14 (Periodic)
1789972275.230177;m3-208;[INFO: RPL       ] nbr: fe80::a379  128,   128 =>   256 -- 16 rbafp (last tx 0 min ago)
1789972275.231807;m3-214;[INFO: RPL       ] nbr: fe80::a379  128,   128 =>   256 -- 16 rbafp (last tx 0 min ago)
1789972275.231836;m3-214;[INFO: RPL       ] nbr: fe80::b369  256,   224 =>   480 --  1   a   (last tx 1 min ago)
1789972275.231856;m3-214;[INFO: RPL       ] nbr: fe80::b379  258,   224 =>   482 --  1   a   (last tx 0 min ago)
1789972275.232484;m3-213;[INFO: RPL       ] nbr: fe80::a379  128,   128 =>   256 -- 16 rbafp (last tx 0 min ago)
1789972275.232513;m3-213;[INFO: RPL       ] nbr: fe80::b369  256,   182 =>   438 --  3   a   (last tx 0 min ago)
1789972275.232535;m3-213;[INFO: RPL       ] nbr: fe80::b379  258,   256 =>   514 --  0   a   (no tx)
1789972275.235436;m3-212;[INFO: RPL       ] nbr: fe80::a379  128,   128 =>   256 -- 16 rbafp (last tx 0 min ago)
1789972275.235467;m3-212;[INFO: RPL       ] nbr: fe80::b369  256,   200 =>   456 --  2   a   (last tx 3 min ago)
1789972275.235488;m3-212;[INFO: RPL       ] nbr: fe80::b379  258,   224 =>   482 --  1   a   (last tx 1 min ago)
1789972275.235512;m3-218;[INFO: RPL       ] nbr: fe80::a379  128,   128 =>   256 -- 16 rbafp (last tx 0 min ago)
1789972275.235531;m3-218;[INFO: RPL       ] nbr: fe80::b369  256,   200 =>   456 --  2   a   (last tx 0 min ago)
1789972275.235549;m3-218;[INFO: RPL       ] nbr: fe80::b379  258,   256 =>   514 --  0   a   (no tx)
1789972275.235677;m3-207;[INFO: RPL       ] nbr: fe80::b481  256,   128 =>   384 -- 16   af  (last tx 0 min ago)
1789972275.235703;m3-207;[INFO: RPL       ] nbr: fe80::b379  258,   128 =>   386 -- 16   af  (last tx 0 min ago)
1789972275.235729;m3-207;[INFO: RPL       ] nbr: fe80::2160  256,   128 =>   384 -- 16   af  (last tx 0 min ago)
1789972275.235846;m3-219;[INFO: RPL       ] nbr: own state, addr fd00::b481, DAG state: reachable, MOP 1 OCP 1 rank 256 max-rank 1280, dioint 18, nbr count 14 (Periodic)
1789972275.235875;m3-219;[INFO: RPL       ] nbr: fe80::a379  128,   128 =>   256 -- 16 rbafp (last tx 0 min ago)
1789972275.235895;m3-219;[INFO: RPL       ] nbr: fe80::b369  256,   200 =>   456 --  2   a   (last tx 3 min ago)
1789972275.237623;m3-211;[INFO: RPL       ] nbr: fe80::a379  128,   128 =>   256 -- 16 rbafp (last tx 0 min ago)
1789972275.237655;m3-211;[INFO: RPL       ] nbr: fe80::b369  256,   224 =>   480 --  1   a   (last tx 3 min ago)
1789972275.237677;m3-211;[INFO: RPL       ] nbr: fe80::b379  258,   256 =>   514 --  0   a   (no tx)
1789972275.239474;m3-210;[INFO: RPL       ] nbr: fe80::a379  128,   128 =>   256 -- 16 rbafp (last tx 0 min ago)
1789972275.239502;m3-210;[INFO: RPL       ] nbr: fe80::b369  256,   176 =>   432 --  4   af  (last tx 0 min ago)
1789972275.239522;m3-210;[INFO: RPL       ] nbr: fe80::b379  258,   256 =>   514 --  0   a   (no tx)
1789972275.240772;m3-217;[INFO: RPL       ] nbr: fe80::a379  128,   130 =>   258 -- 16 rbafp (last tx 0 min ago)
1789972275.240811;m3-217;[INFO: RPL       ] nbr: fe80::b369  256,   182 =>   438 --  3   a   (last tx 1 min ago)
1789972275.240832;m3-217;[INFO: RPL       ] nbr: fe80::b379  258,   256 =>   514 --  0   a   (no tx)
1789972275.241197;m3-216;[INFO: RPL       ] nbr: fe80::b379  258,   200 =>   458 --  2   a   (last tx 4 min ago)
1789972275.241227;m3-216;[INFO: RPL       ] nbr: fe80::9175  256,   224 =>   480 --  1   a   (last tx 3 min ago)
1789972275.241249;m3-216;[INFO: RPL       ] nbr: fe80::b481  256,   224 =>   480 --  1   a   (last tx 1 min ago)
1789972275.243033;m3-209;[INFO: RPL       ] nbr: fe80::b369  256,   224 =>   480 --  1   a   (last tx 4 min ago)
1789972275.243062;m3-209;[INFO: RPL       ] nbr: fe80::9175  256,   224 =>   480 --  1   a   (last tx 2 min ago)
1789972275.243082;m3-209;[INFO: RPL       ] nbr: fe80::b481  256,   224 =>   480 --  1   a   (last tx 1 min ago)
1789972275.243288;m3-215;[INFO: RPL       ] nbr: fe80::b379  256,   256 =>   512 --  0   a   (no tx)
1789972275.243316;m3-215;[INFO: RPL       ] nbr: fe80::b481  256,   256 =>   512 --  0   a   (no tx)
1789972275.243337;m3-215;[INFO: RPL       ] nbr: fe80::2160  256,   176 =>   432 --  4   af  (last tx 0 min ago)
1789972275.245698;m3-221;[INFO: RPL       ] nbr: fe80::b379  258,   256 =>   514 --  0   a   (no tx)
1789972275.245730;m3-221;[INFO: RPL       ] nbr: fe80::9175  256,   256 =>   512 --  0   a   (no tx)
1789972275.245766;m3-221;[INFO: RPL       ] nbr: fe80::b481  256,   176 =>   432 --  4   af  (last tx 0 min ago)
1789972275.245795;m3-220;[INFO: RPL       ] nbr: fe80::b369  256,   182 =>   438 --  3   a   (last tx 0 min ago)
1789972275.245816;m3-220;[INFO: RPL       ] nbr: fe80::b379  258,   256 =>   514 --  0   a   (no tx)
1789972275.245835;m3-220;[INFO: RPL       ] nbr: fe80::9175  256,   256 =>   512 --  0   a   (no tx)
1789972275.245853;m3-220;[INFO: RPL       ] nbr: fe80::b481  256,   256 =>   512 --  0   a   (no tx)
1789972275.245910;m3-208;[INFO: RPL       ] nbr: fe80::b369  256,   224 =>   480 --  1   a   (last tx 2 min ago)
1789972275.245934;m3-208;[INFO: RPL       ] nbr: fe80::b379  258,   224 =>   482 --  1   a   (last tx 0 min ago)
1789972275.245953;m3-208;[INFO: RPL       ] nbr: fe80::9175  256,   256 =>   512 --  0   a   (no tx)
1789972275.247745;m3-214;[INFO: RPL       ] nbr: fe80::9175  256,   256 =>   512 --  0   a   (no tx)
1789972275.247773;m3-214;[INFO: RPL       ] nbr: fe80::b481  256,   200 =>   456 --  2   a   (last tx 3 min ago)
1789972275.247794;m3-214;[INFO: RPL       ] nbr: fe80::2160  256,   256 =>   512 --  0   a   (no tx)
1789972275.248426;m3-213;[INFO: RPL       ] nbr: fe80::9175  256,   256 =>   512 --  0   a   (no tx)
1789972275.248455;m3-213;[INFO: RPL       ] nbr: fe80::b481  256,   224 =>   480 --  1   a   (last tx 5 min ago)
1789972275.248476;m3-213;[INFO: RPL       ] nbr: fe80::2160  256,   256 =>   512 --  0   a   (no tx)
1789972275.251269;m3-212;[INFO: RPL       ] nbr: fe80::9175  256,   256 =>   512 --  0   a   (no tx)
1789972275.251322;m3-212;[INFO: RPL       ] nbr: fe80::b481  256,   256 =>   512 --  0   a   (no tx)
1789972275.251346;m3-212;[INFO: RPL       ] nbr: fe80::2160  256,   256 =>   512 --  0   a   (no tx)
1789972275.251374;m3-218;[INFO: RPL       ] nbr: fe80::9175  256,   224 =>   480 --  1   a   (last tx 4 min ago)
1789972275.251395;m3-218;[INFO: RPL       ] nbr: fe80::b481  256,   256 =>   512 --  0   a   (no tx)
1789972275.251414;m3-218;[INFO: RPL       ] nbr: fe80::2160  256,   256 =>   512 --  0   a   (no tx)
1789972275.251651;m3-207;[INFO: RPL       ] nbr: fe80::b369  256,   128 =>   384 -- 16   af  (last tx 0 min ago)
1789972275.251683;m3-207;[INFO: RPL       ] nbr: fe80::9076  274,   128 =>   402 -- 16   af  (last tx 0 min ago)
1789972275.251856;m3-219;[INFO: RPL       ] nbr: fe80::b379  259,   224 =>   483 --  1   a   (last tx 1 min ago)
1789972275.251885;m3-219;[INFO: RPL       ] nbr: fe80::9175  256,   224 =>   480 --  1   a   (last tx 0 min ago)
1789972275.251907;m3-219;[INFO: RPL       ] nbr: fe80::2160  256,   256 =>   512 --  0   a   (no tx)
1789972275.253638;m3-211;[INFO: RPL       ] nbr: fe80::9175  256,   256 =>   512 --  0   a   (no tx)
1789972275.253669;m3-211;[INFO: RPL       ] nbr: fe80::b481  256,   176 =>   432 --  4   af  (last tx 0 min ago)
1789972275.253691;m3-211;[INFO: RPL       ] nbr: fe80::2160  256,   256 =>   512 --  0   a   (no tx)
1789972275.255419;m3-210;[INFO: RPL       ] nbr: fe80::9175  256,   256 =>   512 --  0   a   (no tx)
1789972275.255450;m3-210;[INFO: RPL       ] nbr: fe80::b481  256,   256 =>   512 --  0   a   (no tx)
1789972275.255471;m3-210;[INFO: RPL       ] nbr: fe80::2160  256,   256 =>   512 --  0   a   (no tx)
1789972275.256716;m3-217;[INFO: RPL       ] nbr: fe80::9175  256,   256 =>   512 --  0   a   (no tx)
1789972275.256756;m3-217;[INFO: RPL       ] nbr: fe80::b481  256,   256 =>   512 --  0   a   (no tx)
1789972275.256776;m3-217;[INFO: RPL       ] nbr: fe80::2160  256,   256 =>   512 --  0   a   (no tx)
1789972275.256795;m3-217;[INFO: RPL       ] nbr: fe80::8472  262,   256 =>   518 --  0   a   (no tx)
1789972275.257127;m3-216;[INFO: RPL       ] nbr: fe80::2160  256,   256 =>   512 --  0   a   (no tx)
1789972275.257157;m3-216;[INFO: RPL       ] nbr: fe80::8472  256,   256 =>   512 --  0   a   (no tx)
1789972275.257178;m3-216;[INFO: RPL       ] nbr: fe80::9567  256,   256 =>   512 --  0   a   (no tx)
1789972275.258975;m3-209;[INFO: RPL       ] nbr: fe80::2160  256,   256 =>   512 --  0   a   (no tx)
1789972275.259004;m3-209;[INFO: RPL       ] nbr: fe80::8472  262,   256 =>   518 --  0   a   (no tx)
1789972275.259024;m3-209;[INFO: RPL       ] nbr: fe80::9567  256,   256 =>   512 --  0   a   (no tx)
1789972275.259279;m3-215;[INFO: RPL       ] nbr: fe80::8472  262,   256 =>   518 --  0   a   (no tx)
1789972275.259305;m3-215;[INFO: RPL       ] nbr: fe80::9567  256,   256 =>   512 --  0   a   (no tx)
1789972275.259325;m3-215;[INFO: RPL       ] nbr: fe80::8875  256,   256 =>   512 --  0   a   (no tx)
1789972275.261655;m3-221;[INFO: RPL       ] nbr: fe80::2160  256,   256 =>   512 --  0   a   (no tx)
1789972275.261699;m3-221;[INFO: RPL       ] nbr: fe80::8472  262,   256 =>   518 --  0   a   (no tx)
1789972275.261723;m3-221;[INFO: RPL       ] nbr: fe80::9567  256,   256 =>   512 --  0   a   (no tx)
1789972275.261751;m3-220;[INFO: RPL       ] nbr: fe80::8472  262,   256 =>   518 --  0   a   (no tx)
1789972275.261772;m3-220;[INFO: RPL       ] nbr: fe80::9567  256,   256 =>   512 --  0   a   (no tx)
1789972275.261791;m3-220;[INFO: RPL       ] nbr: fe80::8875  256,   224 =>   480 --  1   a   (last tx 4 min ago)
1789972275.265360;m3-208;[INFO: RPL       ] nbr: fe80::b481  256,   200 =>   456 --  2   a   (last tx 3 min ago)
1789972275.265394;m3-208;[INFO: RPL       ] nbr: fe80::2160  256,   256 =>   512 --  0   a   (no tx)
1789972275.265416;m3-208;[INFO: RPL       ] nbr: fe80::8472  262,   256 =>   518 --  0   a   (no tx)
1789972275.265440;m3-214;[INFO: RPL       ] nbr: fe80::8472  262,   256 =>   518 --  0   a   (no tx)
1789972275.265460;m3-214;[INFO: RPL       ] nbr: fe80::8875  256,   256 =>   512 --  0   a   (no tx)
1789972275.265479;m3-214;[INFO: RPL       ] nbr: fe80::9871  256,   256 =>   512 --  0   a   (no tx)
1789972275.265505;m3-213;[INFO: RPL       ] nbr: fe80::9567  256,   256 =>   512 --  0   a   (no tx)
1789972275.265524;m3-213;[INFO: RPL       ] nbr: fe80::8875  256,   256 =>   512 --  0   a   (no tx)
1789972275.265543;m3-213;[INFO: RPL       ] nbr: fe80::9871  256,   256 =>   512 --  0   a   (no tx)
1789972275.267342;m3-212;[INFO: RPL       ] nbr: fe80::8472  262,   256 =>   518 --  0   a   (no tx)
1789972275.267371;m3-212;[INFO: RPL       ] nbr: fe80::9567  256,   256 =>   512 --  0   a   (no tx)
1789972275.267392;m3-212;[INFO: RPL       ] nbr: fe80::8875  256,   256 =>   512 --  0   a   (no tx)
1789972275.267416;m3-218;[INFO: RPL       ] nbr: fe80::8472  262,   256 =>   518 --  0   a   (no tx)
1789972275.267435;m3-218;[INFO: RPL       ] nbr: fe80::9567  256,   256 =>   512 --  0   a   (no tx)
1789972275.267453;m3-218;[INFO: RPL       ] nbr: fe80::8875  256,   256 =>   512 --  0   a   (no tx)
1789972275.267666;m3-207;[INFO: RPL       ] nbr: fe80::9175  256,   128 =>   384 -- 16   af  (last tx 0 min ago)
1789972275.267692;m3-207;[INFO: RPL       ] nbr: fe80::9567  256,   128 =>   384 -- 16   af  (last tx 0 min ago)
1789972275.267713;m3-207;[INFO: RPL       ] nbr: fe80::8472  262,   128 =>   390 -- 16   af  (last tx 0 min ago)
1789972275.267792;m3-219;[INFO: RPL       ] nbr: fe80::8472  262,   256 =>   518 --  0   a   (no tx)
1789972275.267817;m3-219;[INFO: RPL       ] nbr: fe80::9567  256,   256 =>   512 --  0   a   (no tx)
1789972275.267838;m3-219;[INFO: RPL       ] nbr: fe80::8875  256,   256 =>   512 --  0   a   (no tx)
1789972275.267857;m3-219;[INFO: RPL       ] nbr: fe80::9871  256,   256 =>   512 --  0   a   (no tx)
1789972275.269620;m3-211;[INFO: RPL       ] nbr: fe80::8472  262,   256 =>   518 --  0   a   (no tx)
1789972275.269651;m3-211;[INFO: RPL       ] nbr: fe80::9567  256,   256 =>   512 --  0   a   (no tx)
1789972275.269673;m3-211;[INFO: RPL       ] nbr: fe80::9871  256,   256 =>   512 --  0   a   (no tx)
1789972275.271397;m3-210;[INFO: RPL       ] nbr: fe80::8472  262,   256 =>   518 --  0   a   (no tx)
1789972275.271425;m3-210;[INFO: RPL       ] nbr: fe80::9567  256,   256 =>   512 --  0   a   (no tx)
1789972275.271446;m3-210;[INFO: RPL       ] nbr: fe80::8875  256,   256 =>   512 --  0   a   (no tx)
1789972275.272688;m3-217;[INFO: RPL       ] nbr: fe80::9567  256,   256 =>   512 --  0   a   (no tx)
1789972275.272728;m3-217;[INFO: RPL       ] nbr: fe80::8875  256,   256 =>   512 --  0   a   (no tx)
1789972275.272748;m3-217;[INFO: RPL       ] nbr: fe80::b280  256,   256 =>   512 --  0   a   (no tx)
1789972275.273112;m3-216;[INFO: RPL       ] nbr: fe80::8875  256,   256 =>   512 --  0   a   (no tx)
1789972275.273142;m3-216;[INFO: RPL       ] nbr: fe80::9871  264,   256 =>   520 --  0   a   (no tx)
1789972275.273164;m3-216;[INFO: RPL       ] nbr: fe80::b280  256,   256 =>   512 --  0   a   (no tx)
1789972275.274966;m3-209;[INFO: RPL       ] nbr: fe80::8875  256,   256 =>   512 --  0   a   (no tx)
1789972275.274999;m3-209;[INFO: RPL       ] nbr: fe80::9871  256,   256 =>   512 --  0   a   (no tx)
1789972275.275020;m3-209;[INFO: RPL       ] nbr: fe80::b280  256,   256 =>   512 --  0   a   (no tx)
1789972275.275275;m3-215;[INFO: RPL       ] nbr: fe80::9871  256,   256 =>   512 --  0   a   (no tx)
1789972275.275300;m3-215;[INFO: RPL       ] nbr: fe80::b280  256,   256 =>   512 --  0   a   (no tx)
1789972275.275321;m3-215;[INFO: RPL       ] nbr: fe80::9981  257,   256 =>   513 --  0   a   (no tx)
1789972275.277586;m3-221;[INFO: RPL       ] nbr: fe80::8875  256,   256 =>   512 --  0   a   (no tx)
1789972275.277618;m3-221;[INFO: RPL       ] nbr: fe80::9871  256,   256 =>   512 --  0   a   (no tx)
1789972275.277640;m3-221;[INFO: RPL       ] nbr: fe80::b280  256,   256 =>   512 --  0   a   (no tx)
1789972275.277728;m3-220;[INFO: RPL       ] nbr: fe80::9871  256,   256 =>   512 --  0   a   (no tx)
1789972275.277753;m3-220;[INFO: RPL       ] nbr: fe80::b280  256,   256 =>   512 --  0   a   (no tx)
1789972275.277774;m3-220;[INFO: RPL       ] nbr: fe80::9981  257,   256 =>   513 --  0   a   (no tx)
1789972275.277848;m3-208;[INFO: RPL       ] nbr: fe80::9567  256,   256 =>   512 --  0   a   (no tx)
1789972275.277873;m3-208;[INFO: RPL       ] nbr: fe80::8875  256,   256 =>   512 --  0   a   (no tx)
1789972275.277894;m3-208;[INFO: RPL       ] nbr: fe80::9871  256,   256 =>   512 --  0   a   (no tx)
1789972275.279672;m3-214;[INFO: RPL       ] nbr: fe80::b280  256,   256 =>   512 --  0   a   (no tx)
1789972275.279716;m3-214;[INFO: RPL       ] nbr: fe80::9981  257,   256 =>   513 --  0   a   (no tx)
1789972275.279737;m3-214;[INFO: RPL       ] nbr: fe80::9076  274,   256 =>   530 --  0   a   (no tx)
1789972275.280379;m3-213;[INFO: RPL       ] nbr: fe80::b280  256,   256 =>   512 --  0   a   (no tx)
1789972275.280408;m3-213;[INFO: RPL       ] nbr: fe80::9981  257,   256 =>   513 --  0   a   (no tx)
1789972275.280430;m3-213;[INFO: RPL       ] nbr: fe80::9076  274,   256 =>   530 --  0   a   (no tx)
1789972275.283352;m3-212;[INFO: RPL       ] nbr: fe80::9871  256,   256 =>   512 --  0   a   (no tx)
1789972275.283384;m3-212;[INFO: RPL       ] nbr: fe80::9981  257,   256 =>   513 --  0   a   (no tx)
1789972275.283405;m3-212;[INFO: RPL       ] nbr: fe80::9076  274,   256 =>   530 --  0   a   (no tx)
1789972275.283427;m3-218;[INFO: RPL       ] nbr: fe80::9871  256,   256 =>   512 --  0   a   (no tx)
1789972275.283447;m3-218;[INFO: RPL       ] nbr: fe80::b280  256,   256 =>   512 --  0   a   (no tx)
1789972275.283465;m3-218;[INFO: RPL       ] nbr: fe80::9981  257,   256 =>   513 --  0   a   (no tx)
1789972275.283665;m3-207;[INFO: RPL       ] nbr: fe80::9981  257,   128 =>   385 -- 16   af  (last tx 0 min ago)
1789972275.283691;m3-207;[INFO: RPL       ] nbr: fe80::b582  256,   128 =>   384 -- 16   af  (last tx 0 min ago)
1789972275.283797;m3-219;[INFO: RPL       ] nbr: fe80::b280  256,   256 =>   512 --  0   a   (no tx)
1789972275.283822;m3-219;[INFO: RPL       ] nbr: fe80::9981  256,   256 =>   512 --  0   a   (no tx)
1789972275.283842;m3-219;[INFO: RPL       ] nbr: fe80::9076  274,   256 =>   530 --  0   a   (no tx)
1789972275.285571;m3-211;[INFO: RPL       ] nbr: fe80::b280  256,   256 =>   512 --  0   a   (no tx)
1789972275.285605;m3-211;[INFO: RPL       ] nbr: fe80::9981  257,   256 =>   513 --  0   a   (no tx)
1789972275.285627;m3-211;[INFO: RPL       ] nbr: fe80::9076  274,   256 =>   530 --  0   a   (no tx)
1789972275.287411;m3-210;[INFO: RPL       ] nbr: fe80::9871  256,   256 =>   512 --  0   a   (no tx)
1789972275.287439;m3-210;[INFO: RPL       ] nbr: fe80::b280  256,   256 =>   512 --  0   a   (no tx)
1789972275.287460;m3-210;[INFO: RPL       ] nbr: fe80::9981  257,   256 =>   513 --  0   a   (no tx)
1789972275.288703;m3-217;[INFO: RPL       ] nbr: fe80::9981  257,   256 =>   513 --  0   a   (no tx)
1789972275.288743;m3-217;[INFO: RPL       ] nbr: fe80::9076  274,   256 =>   530 --  0   a   (no tx)
1789972275.288763;m3-217;[INFO: RPL       ] nbr: fe80::c081  258,   256 =>   514 --  0   a   (no tx)
1789972275.289118;m3-216;[INFO: RPL       ] nbr: fe80::9981  257,   256 =>   513 --  0   a   (no tx)
1789972275.289149;m3-216;[INFO: RPL       ] nbr: fe80::9076  268,   256 =>   524 --  0   a   (no tx)
1789972275.289171;m3-216;[INFO: RPL       ] nbr: fe80::c081  256,   256 =>   512 --  0   a   (no tx)
1789972275.290853;m3-209;[INFO: RPL       ] nbr: fe80::9981  257,   256 =>   513 --  0   a   (no tx)
1789972275.290882;m3-209;[INFO: RPL       ] nbr: fe80::9076  258,   256 =>   514 --  0   a   (no tx)
1789972275.290903;m3-209;[INFO: RPL       ] nbr: fe80::c081  258,   256 =>   514 --  0   a   (no tx)
1789972275.291285;m3-215;[INFO: RPL       ] nbr: fe80::9076  274,   256 =>   530 --  0   a   (no tx)
1789972275.291315;m3-215;[INFO: RPL       ] nbr: fe80::c081  258,   256 =>   514 --  0   a   (no tx)
1789972275.291336;m3-215;[INFO: RPL       ] nbr: fe80::b582  256,   256 =>   512 --  0   a   (no tx)
1789972275.291366;m3-215;[INFO: RPL       ] nbr: end of list
1789972275.293726;m3-221;[INFO: RPL       ] nbr: fe80::9076  274,   256 =>   530 --  0   a   (no tx)
1789972275.293759;m3-221;[INFO: RPL       ] nbr: fe80::c081  258,   256 =>   514 --  0   a   (no tx)
1789972275.293781;m3-221;[INFO: RPL       ] nbr: fe80::b582  256,   256 =>   512 --  0   a   (no tx)
1789972275.293802;m3-221;[INFO: RPL       ] nbr: end of list
1789972275.293839;m3-220;[INFO: RPL       ] nbr: fe80::9076  274,   256 =>   530 --  0   a   (no tx)
1789972275.293859;m3-220;[INFO: RPL       ] nbr: fe80::c081  258,   256 =>   514 --  0   a   (no tx)
1789972275.293879;m3-220;[INFO: RPL       ] nbr: fe80::b582  256,   256 =>   512 --  0   a   (no tx)
1789972275.293898;m3-220;[INFO: RPL       ] nbr: end of list
1789972275.293924;m3-208;[INFO: RPL       ] nbr: fe80::b280  256,   256 =>   512 --  0   a   (no tx)
1789972275.293949;m3-208;[INFO: RPL       ] nbr: fe80::9981  257,   256 =>   513 --  0   a   (no tx)
1789972275.293968;m3-208;[INFO: RPL       ] nbr: fe80::c081  258,   256 =>   514 --  0   a   (no tx)
1789972275.295710;m3-214;[INFO: RPL       ] nbr: fe80::c081  258,   256 =>   514 --  0   a   (no tx)
1789972275.295738;m3-214;[INFO: RPL       ] nbr: fe80::b582  256,   256 =>   512 --  0   a   (no tx)
1789972275.295775;m3-214;[INFO: RPL       ] nbr: end of list
1789972275.296343;m3-213;[INFO: RPL       ] nbr: fe80::c081  258,   256 =>   514 --  0   a   (no tx)
1789972275.296371;m3-213;[INFO: RPL       ] nbr: fe80::b582  256,   256 =>   512 --  0   a   (no tx)
1789972275.296392;m3-213;[INFO: RPL       ] nbr: end of list
1789972275.299335;m3-212;[INFO: RPL       ] nbr: fe80::c081  258,   256 =>   514 --  0   a   (no tx)
1789972275.299366;m3-212;[INFO: RPL       ] nbr: fe80::b582  256,   256 =>   512 --  0   a   (no tx)
1789972275.299387;m3-212;[INFO: RPL       ] nbr: end of list
1789972275.299409;m3-218;[INFO: RPL       ] nbr: fe80::9076  274,   256 =>   530 --  0   a   (no tx)
1789972275.299428;m3-218;[INFO: RPL       ] nbr: fe80::c081  258,   256 =>   514 --  0   a   (no tx)
1789972275.299445;m3-218;[INFO: RPL       ] nbr: end of list
1789972275.301382;m3-207;[INFO: RPL       ] nbr: fe80::8875  256,   128 =>   384 -- 16   af  (last tx 0 min ago)
1789972275.301414;m3-207;[INFO: RPL       ] nbr: fe80::c081  258,   128 =>   386 -- 16   af  (last tx 0 min ago)
1789972275.301436;m3-207;[INFO: RPL       ] nbr: fe80::b280  256,   128 =>   384 -- 16   af  (last tx 0 min ago)
1789972275.301460;m3-219;[INFO: RPL       ] nbr: fe80::c081  258,   256 =>   514 --  0   a   (no tx)
1789972275.301479;m3-219;[INFO: RPL       ] nbr: fe80::b582  256,   256 =>   512 --  0   a   (no tx)
1789972275.301513;m3-219;[INFO: RPL       ] nbr: end of list
1789972275.301587;m3-211;[INFO: RPL       ] nbr: fe80::c081  258,   256 =>   514 --  0   a   (no tx)
1789972275.301613;m3-211;[INFO: RPL       ] nbr: fe80::b582  256,   256 =>   512 --  0   a   (no tx)
1789972275.301633;m3-211;[INFO: RPL       ] nbr: end of list
1789972275.303373;m3-210;[INFO: RPL       ] nbr: fe80::9076  274,   256 =>   530 --  0   a   (no tx)
1789972275.303401;m3-210;[INFO: RPL       ] nbr: fe80::b582  256,   256 =>   512 --  0   a   (no tx)
1789972275.303421;m3-210;[INFO: RPL       ] nbr: end of list
1789972275.304665;m3-217;[INFO: RPL       ] nbr: fe80::b582  256,   256 =>   512 --  0   a   (no tx)
1789972275.304705;m3-217;[INFO: RPL       ] nbr: end of list
1789972275.305120;m3-216;[INFO: RPL       ] nbr: fe80::b582  256,   256 =>   512 --  0   a   (no tx)
1789972275.305151;m3-216;[INFO: RPL       ] nbr: end of list
1789972275.306758;m3-209;[INFO: RPL       ] nbr: fe80::b582  256,   256 =>   512 --  0   a   (no tx)
1789972275.306788;m3-209;[INFO: RPL       ] nbr: end of list
1789972275.309913;m3-208;[INFO: RPL       ] nbr: fe80::b582  256,   256 =>   512 --  0   a   (no tx)
1789972275.309944;m3-208;[INFO: RPL       ] nbr: end of list
1789972275.315847;m3-207;[INFO: RPL       ] nbr: fe80::9871  256,   128 =>   384 -- 16  baf  (last tx 0 min ago)
1789972275.315878;m3-207;[INFO: RPL       ] nbr: end of list
1789972275.315898;m3-207;[INFO: RPL       ] links: 15 routing links in total (Periodic)
1789972275.315917;m3-207;[INFO: RPL       ] links: fd00::a379  (DODAG root) (lifetime: infinite)
1789972275.315935;m3-207;[INFO: RPL       ] links: fd00::b369  to fd00::a379 (lifetime: 1380 seconds)
1789972275.315953;m3-207;[INFO: RPL       ] links: fd00::b379  to fd00::a379 (lifetime: 1380 seconds)
1789972275.315988;m3-207;[INFO: RPL       ] links: fd00::9175  to fd00::a379 (lifetime: 1380 seconds)
1789972275.328433;m3-207;[INFO: RPL       ] links: fd00::2160  to fd00::a379 (lifetime: 1380 seconds)
1789972275.328465;m3-207;[INFO: RPL       ] links: fd00::b481  to fd00::a379 (lifetime: 1380 seconds)
1789972275.328487;m3-207;[INFO: RPL       ] links: fd00::8472  to fd00::a379 (lifetime: 1380 seconds)
1789972275.328507;m3-207;[INFO: RPL       ] links: fd00::8875  to fd00::a379 (lifetime: 1380 seconds)
1789972275.328526;m3-207;[INFO: RPL       ] links: fd00::9871  to fd00::a379 (lifetime: 1380 seconds)
1789972275.328544;m3-207;[INFO: RPL       ] links: fd00::9567  to fd00::a379 (lifetime: 1380 seconds)
1789972275.343856;m3-207;[INFO: RPL       ] links: fd00::b280  to fd00::a379 (lifetime: 1380 seconds)
1789972275.343888;m3-207;[INFO: RPL       ] links: fd00::9981  to fd00::a379 (lifetime: 1380 seconds)
1789972275.343910;m3-207;[INFO: RPL       ] links: fd00::9076  to fd00::a379 (lifetime: 1380 seconds)
1789972275.343930;m3-207;[INFO: RPL       ] links: fd00::c081  to fd00::a379 (lifetime: 1380 seconds)
1789972275.343948;m3-207;[INFO: RPL       ] links: fd00::b582  to fd00::a379 (lifetime: 1380 seconds)
1789972275.343967;m3-207;[INFO: RPL       ] links: end of list
1789972275.965707;m3-221;[INFO: App       ] Sending request 39 to fd00::a379
1789972275.965775;m3-221;[INFO: RPL       ] creating hop-by-hop option
1789972276.013528;m3-221;[INFO: RPL       ] packet sent to 0200.0000.0000.a379, status 0, tx 1, new link metric 128
1789972276.015996;m3-207;[INFO: RPL       ] ext hdr: packet from fd00::9981 to fd00::a379 going up, sender closer 0 (256 < 128), rank error 0, loop detected 0
1789972276.016031;m3-207;[INFO: RPL       ] ext hdr: packet from fd00::9981 to fd00::a379 going up, sender closer 0 (256 < 128), rank error 0, loop detected 0
1789972276.016056;m3-207;[INFO: App       ] Received request 'hello 39' from fd00::9981
1789972276.016076;m3-207;[INFO: App       ] Sending response.
1789972276.016094;m3-207;[INFO: RPL       ] SRH creating source routing header with destination fd00::9981 
1789972276.031790;m3-207;[INFO: RPL       ] SRH path len: 0, ComprI 15, ComprE 15, ext len 8 (padding 0)
1789972276.081372;m3-221;[INFO: App       ] Received response 'hello 39' from fd00::a379
1789972276.081418;m3-207;[INFO: RPL       ] packet sent to 0200.0000.0000.9981, status 0, tx 1, new link metric 128
1789972276.373657;m3-211;[INFO: App       ] Sending request 41 to fd00::a379
1789972276.373704;m3-211;[INFO: RPL       ] creating hop-by-hop option
1789972276.437485;m3-211;[INFO: RPL       ] packet sent to 0200.0000.0000.a379, status 0, tx 1, new link metric 128
1789972276.446257;m3-207;[INFO: RPL       ] ext hdr: packet from fd00::8875 to fd00::a379 going up, sender closer 0 (256 < 128), rank error 0, loop detected 0
1789972276.446301;m3-207;[INFO: RPL       ] ext hdr: packet from fd00::8875 to fd00::a379 going up, sender closer 0 (256 < 128), rank error 0, loop detected 0
1789972276.446327;m3-207;[INFO: App       ] Received request 'hello 41' from fd00::8875
1789972276.446347;m3-207;[INFO: App       ] Sending response.
1789972276.446383;m3-207;[INFO: RPL       ] SRH creating source routing header with destination fd00::8875 
1789972276.453444;m3-211;[INFO: App       ] Received response 'hello 41' from fd00::a379
1789972276.461659;m3-207;[INFO: RPL       ] SRH path len: 0, ComprI 15, ComprE 15, ext len 8 (padding 0)
1789972276.461693;m3-207;[INFO: RPL       ] packet sent to 0200.0000.0000.8875, status 0, tx 1, new link metric 128
1789972277.803273;m3-215;[INFO: App       ] Tx/Rx/MissedTx: 40/39/0
1789972277.803329;m3-215;[INFO: App       ] Sending request 40 to fd00::a379
1789972277.803355;m3-215;[INFO: RPL       ] creating hop-by-hop option
1789972277.851088;m3-215;[INFO: RPL       ] packet sent to 0200.0000.0000.a379, status 0, tx 1, new link metric 128
1789972277.851274;m3-207;[INFO: RPL       ] ext hdr: packet from fd00::9175 to fd00::a379 going up, sender closer 0 (256 < 128), rank error 0, loop detected 0
1789972277.851308;m3-207;[INFO: RPL       ] ext hdr: packet from fd00::9175 to fd00::a379 going up, sender closer 0 (256 < 128), rank error 0, loop detected 0
1789972277.851333;m3-207;[INFO: App       ] Received request 'hello 40' from fd00::9175
1789972277.851354;m3-207;[INFO: App       ] Sending response.
1789972277.851373;m3-207;[INFO: RPL       ] SRH creating source routing header with destination fd00::9175 
1789972277.866581;m3-207;[INFO: RPL       ] SRH path len: 0, ComprI 15, ComprE 15, ext len 8 (padding 0)
1789972277.898586;m3-207;[INFO: RPL       ] packet sent to 0200.0000.0000.9175, status 0, tx 1, new link metric 128
1789972277.899002;m3-215;[INFO: App       ] Received response 'hello 40' from fd00::a379
1789972278.088571;m3-217;[INFO: App       ] Sending request 39 to fd00::a379
1789972278.088619;m3-217;[INFO: RPL       ] creating hop-by-hop option
1789972278.104499;m3-217;[INFO: RPL       ] packet sent to 0200.0000.0000.a379, status 0, tx 1, new link metric 129
1789972278.106511;m3-207;[INFO: RPL       ] ext hdr: packet from fd00::9871 to fd00::a379 going up, sender closer 0 (258 < 128), rank error 0, loop detected 0
1789972278.106548;m3-207;[INFO: RPL       ] ext hdr: packet from fd00::9871 to fd00::a379 going up, sender closer 0 (258 < 128), rank error 0, loop detected 0
1789972278.106573;m3-207;[INFO: App       ] Received request 'hello 39' from fd00::9871
1789972278.106593;m3-207;[INFO: App       ] Sending response.
1789972278.106611;m3-207;[INFO: RPL       ] SRH creating source routing header with destination fd00::9871 
1789972278.106646;m3-207;[INFO: RPL       ] SRH path len: 0, ComprI 15, ComprE 15, ext len 8 (padding 0)
1789972278.120440;m3-217;[INFO: App       ] Received response 'hello 39' from fd00::a379
1789972278.122407;m3-207;[INFO: RPL       ] packet sent to 0200.0000.0000.9871, status 0, tx 1, new link metric 128
1789972278.768318;m3-213;[INFO: App       ] Sending request 41 to fd00::a379
1789972278.768369;m3-213;[INFO: RPL       ] creating hop-by-hop option
1789972278.800147;m3-213;[INFO: RPL       ] packet sent to 0200.0000.0000.a379, status 0, tx 1, new link metric 128
1789972278.810514;m3-207;[INFO: RPL       ] ext hdr: packet from fd00::8472 to fd00::a379 going up, sender closer 0 (256 < 128), rank error 0, loop detected 0
1789972278.810552;m3-207;[INFO: RPL       ] ext hdr: packet from fd00::8472 to fd00::a379 going up, sender closer 0 (256 < 128), rank error 0, loop detected 0
1789972278.810577;m3-207;[INFO: App       ] Received request 'hello 41' from fd00::8472
1789972278.810598;m3-207;[INFO: App       ] Sending response.
1789972278.810618;m3-207;[INFO: RPL       ] SRH creating source routing header with destination fd00::8472 
1789972278.810654;m3-207;[INFO: RPL       ] SRH path len: 0, ComprI 15, ComprE 15, ext len 8 (padding 0)
1789972278.826401;m3-207;[INFO: RPL       ] packet sent to 0200.0000.0000.8472, status 0, tx 1, new link metric 128
1789972278.832040;m3-213;[INFO: App       ] Received response 'hello 41' from fd00::a379
1789972278.936827;m3-216;[INFO: App       ] Sending request 41 to fd00::a379
1789972278.936874;m3-216;[INFO: RPL       ] creating hop-by-hop option
1789972279.000697;m3-216;[INFO: RPL       ] packet sent to 0200.0000.0000.a379, status 0, tx 1, new link metric 128
1789972279.002494;m3-207;[INFO: RPL       ] ext hdr: packet from fd00::b369 to fd00::a379 going up, sender closer 0 (256 < 128), rank error 0, loop detected 0
1789972279.002532;m3-207;[INFO: RPL       ] ext hdr: packet from fd00::b369 to fd00::a379 going up, sender closer 0 (256 < 128), rank error 0, loop detected 0
1789972279.002557;m3-207;[INFO: App       ] Received request 'hello 41' from fd00::b369
1789972279.002577;m3-207;[INFO: App       ] Sending response.
1789972279.002596;m3-207;[INFO: RPL       ] SRH creating source routing header with destination fd00::b369 
1789972279.002631;m3-207;[INFO: RPL       ] SRH path len: 0, ComprI 15, ComprE 15, ext len 8 (padding 0)
1789972279.048641;m3-216;[INFO: App       ] Received response 'hello 41' from fd00::a379
1789972279.050372;m3-207;[INFO: RPL       ] packet sent to 0200.0000.0000.b369, status 0, tx 1, new link metric 128
1789972279.427181;m3-218;[INFO: RPL       ] sending a multicast-DIO with rank 256 to ff02::1a
1789972279.469330;m3-221;[INFO: RPL       ] received a multicast-DIO from fe80::b582, instance_id 0, DAG ID fd00::a379, version 240, dtsn 240, rank 256
1789972279.469408;m3-220;[INFO: RPL       ] received a multicast-DIO from fe80::b582, instance_id 0, DAG ID fd00::a379, version 240, dtsn 240, rank 256
1789972279.469671;m3-208;[INFO: RPL       ] received a multicast-DIO from fe80::b582, instance_id 0, DAG ID fd00::a379, version 240, dtsn 240, rank 256
1789972279.471393;m3-214;[INFO: RPL       ] received a multicast-DIO from fe80::b582, instance_id 0, DAG ID fd00::a379, version 240, dtsn 240, rank 256
1789972279.472169;m3-213;[INFO: RPL       ] received a multicast-DIO from fe80::b582, instance_id 0, DAG ID fd00::a379, version 240, dtsn 240, rank 256
1789972279.475057;m3-212;[INFO: RPL       ] received a multicast-DIO from fe80::b582, instance_id 0, DAG ID fd00::a379, version 240, dtsn 240, rank 256
1789972279.475537;m3-219;[INFO: RPL       ] received a multicast-DIO from fe80::b582, instance_id 0, DAG ID fd00::a379, version 240, dtsn 240, rank 256
1789972279.477244;m3-211;[INFO: RPL       ] received a multicast-DIO from fe80::b582, instance_id 0, DAG ID fd00::a379, version 240, dtsn 240, rank 256
1789972279.479091;m3-210;[INFO: RPL       ] received a multicast-DIO from fe80::b582, instance_id 0, DAG ID fd00::a379, version 240, dtsn 240, rank 256
1789972279.480458;m3-217;[INFO: RPL       ] received a multicast-DIO from fe80::b582, instance_id 0, DAG ID fd00::a379, version 240, dtsn 240, rank 256
1789972279.480743;m3-216;[INFO: RPL       ] received a multicast-DIO from fe80::b582, instance_id 0, DAG ID fd00::a379, version 240, dtsn 240, rank 256
1789972279.482408;m3-207;[INFO: RPL       ] received a multicast-DIO from fe80::b582, instance_id 0, DAG ID fd00::a379, version 240, dtsn 240, rank 256
1789972279.482462;m3-209;[INFO: RPL       ] received a multicast-DIO from fe80::b582, instance_id 0, DAG ID fd00::a379, version 240, dtsn 240, rank 256
1789972279.482754;m3-215;[INFO: RPL       ] received a multicast-DIO from fe80::b582, instance_id 0, DAG ID fd00::a379, version 240, dtsn 240, rank 256
1789972279.565292;m3-220;[INFO: App       ] Sending request 41 to fd00::a379
1789972279.565341;m3-220;[INFO: RPL       ] creating hop-by-hop option
1789972279.626485;m3-207;[INFO: RPL       ] ext hdr: packet from fd00::2160 to fd00::a379 going up, sender closer 0 (256 < 128), rank error 0, loop detected 0
1789972279.626544;m3-207;[INFO: RPL       ] ext hdr: packet from fd00::2160 to fd00::a379 going up, sender closer 0 (256 < 128), rank error 0, loop detected 0
1789972279.626571;m3-207;[INFO: App       ] Received request 'hello 41' from fd00::2160
1789972279.626593;m3-207;[INFO: App       ] Sending response.
1789972279.626612;m3-207;[INFO: RPL       ] SRH creating source routing header with destination fd00::2160 
1789972279.629249;m3-220;[INFO: RPL       ] packet sent to 0200.0000.0000.a379, status 0, tx 1, new link metric 128
1789972279.642373;m3-207;[INFO: RPL       ] SRH path len: 0, ComprI 15, ComprE 15, ext len 8 (padding 0)
1789972279.687069;m3-210;[INFO: App       ] Tx/Rx/MissedTx: 40/40/0
1789972279.687108;m3-210;[INFO: App       ] Sending request 40 to fd00::a379
1789972279.687131;m3-210;[INFO: RPL       ] creating hop-by-hop option
1789972279.687149;m3-210;[INFO: RPL       ] packet sent to 0200.0000.0000.a379, status 0, tx 1, new link metric 128
1789972279.690437;m3-207;[INFO: RPL       ] ext hdr: packet from fd00::c081 to fd00::a379 going up, sender closer 0 (256 < 128), rank error 0, loop detected 0
1789972279.690472;m3-207;[INFO: RPL       ] ext hdr: packet from fd00::c081 to fd00::a379 going up, sender closer 0 (256 < 128), rank error 0, loop detected 0
1789972279.690496;m3-207;[INFO: App       ] Received request 'hello 40' from fd00::c081
1789972279.690515;m3-207;[INFO: App       ] Sending response.
1789972279.706416;m3-207;[INFO: RPL       ] SRH creating source routing header with destination fd00::c081 
1789972279.706459;m3-207;[INFO: RPL       ] SRH path len: 0, ComprI 15, ComprE 15, ext len 8 (padding 0)
1789972279.706483;m3-207;[INFO: RPL       ] packet sent to 0200.0000.0000.2160, status 0, tx 1, new link metric 128
1789972279.709226;m3-220;[INFO: App       ] Received response 'hello 41' from fd00::a379
1789972279.718950;m3-210;[INFO: App       ] Received response 'hello 40' from fd00::a379
1789972279.722327;m3-207;[INFO: RPL       ] packet sent to 0200.0000.0000.c081, status 0, tx 1, new link metric 128
1789972280.066901;m3-218;[INFO: App       ] Tx/Rx/MissedTx: 40/40/0
1789972280.066951;m3-218;[INFO: App       ] Sending request 40 to fd00::a379
1789972280.066975;m3-218;[INFO: RPL       ] creating hop-by-hop option
1789972280.090368;m3-209;[INFO: App       ] Tx/Rx/MissedTx: 40/40/0
1789972280.090404;m3-209;[INFO: App       ] Sending request 40 to fd00::a379
1789972280.090425;m3-209;[INFO: RPL       ] creating hop-by-hop option
1789972280.119820;m3-207;[INFO: RPL       ] ext hdr: packet from fd00::b379 to fd00::a379 going up, sender closer 0 (256 < 128), rank error 0, loop detected 0
1789972280.119883;m3-207;[INFO: RPL       ] ext hdr: packet from fd00::b379 to fd00::a379 going up, sender closer 0 (256 < 128), rank error 0, loop detected 0
1789972280.119909;m3-207;[INFO: App       ] Received request 'hello 40' from fd00::b379
1789972280.119930;m3-207;[INFO: App       ] Sending response.
1789972280.119949;m3-207;[INFO: RPL       ] SRH creating source routing header with destination fd00::b379 
1789972280.119969;m3-207;[INFO: RPL       ] SRH path len: 0, ComprI 15, ComprE 15, ext len 8 (padding 0)
1789972280.122272;m3-209;[INFO: RPL       ] packet sent to 0200.0000.0000.a379, status 0, tx 1, new link metric 128
1789972280.130794;m3-218;[INFO: RPL       ] packet sent to 0200.0000.0000.a379, status 0, tx 2, new link metric 140
1789972280.135300;m3-207;[INFO: RPL       ] ext hdr: packet from fd00::b582 to fd00::a379 going up, sender closer 0 (256 < 128), rank error 0, loop detected 0
1789972280.135336;m3-207;[INFO: RPL       ] ext hdr: packet from fd00::b582 to fd00::a379 going up, sender closer 0 (256 < 128), rank error 0, loop detected 0
1789972280.135360;m3-207;[INFO: App       ] Received request 'hello 40' from fd00::b582
1789972280.135379;m3-207;[INFO: App       ] Sending response.
1789972280.135397;m3-207;[INFO: RPL       ] SRH creating source routing header with destination fd00::b582 
1789972280.135432;m3-207;[INFO: RPL       ] SRH path len: 0, ComprI 15, ComprE 15, ext len 8 (padding 0)
1789972280.151198;m3-207;[INFO: RPL       ] packet sent to 0200.0000.0000.b379, status 0, tx 1, new link metric 128
1789972280.154148;m3-209;[INFO: App       ] Received response 'hello 40' from fd00::a379
1789972280.162774;m3-218;[INFO: App       ] Received response 'hello 40' from fd00::a379
1789972280.167199;m3-207;[INFO: RPL       ] packet sent to 0200.0000.0000.b582, status 0, tx 1, new link metric 128
1789972280.861546;m3-208;[INFO: App       ] Sending request 41 to fd00::a379
1789972280.861598;m3-208;[INFO: RPL       ] creating hop-by-hop option
1789972280.925405;m3-208;[INFO: RPL       ] packet sent to 0200.0000.0000.a379, status 0, tx 1, new link metric 128
1789972280.935325;m3-207;[INFO: RPL       ] ext hdr: packet from fd00::9076 to fd00::a379 going up, sender closer 0 (256 < 128), rank error 0, loop detected 0
1789972280.935370;m3-207;[INFO: RPL       ] ext hdr: packet from fd00::9076 to fd00::a379 going up, sender closer 0 (256 < 128), rank error 0, loop detected 0
1789972280.935396;m3-207;[INFO: App       ] Received request 'hello 41' from fd00::9076
1789972280.935417;m3-207;[INFO: App       ] Sending response.
1789972280.935436;m3-207;[INFO: RPL       ] SRH creating source routing header with destination fd00::9076 
1789972280.935471;m3-207;[INFO: RPL       ] SRH path len: 0, ComprI 15, ComprE 15, ext len 8 (padding 0)
1789972280.935490;m3-207;[INFO: RPL       ] packet sent to 0200.0000.0000.9076, status 0, tx 1, new link metric 128
1789972280.941371;m3-208;[INFO: App       ] Received response 'hello 41' from fd00::a379
1789972282.754643;m3-212;[INFO: RPL       ] probing fe80::b369  last tx 3 min ago
1789972282.770470;m3-212;[INFO: RPL       ] sending a unicast-DIO with rank 256 to fe80::b369
1789972282.824493;m3-216;[INFO: RPL       ] received a unicast-DIO from fe80::b280, instance_id 0, DAG ID fd00::a379, version 240, dtsn 240, rank 256
1789972282.834391;m3-212;[INFO: RPL       ] packet sent to 0200.0000.0000.b369, status 0, tx 1, new link metric 182
1789972282.991083;m3-214;[INFO: App       ] Tx/Rx/MissedTx: 40/40/0
1789972282.991130;m3-214;[INFO: App       ] Sending request 40 to fd00::a379
1789972282.991153;m3-214;[INFO: RPL       ] creating hop-by-hop option
1789972283.038874;m3-214;[INFO: RPL       ] packet sent to 0200.0000.0000.a379, status 0, tx 1, new link metric 128
1789972283.047124;m3-207;[INFO: RPL       ] ext hdr: packet from fd00::9567 to fd00::a379 going up, sender closer 0 (256 < 128), rank error 0, loop detected 0
1789972283.047161;m3-207;[INFO: RPL       ] ext hdr: packet from fd00::9567 to fd00::a379 going up, sender closer 0 (256 < 128), rank error 0, loop detected 0
1789972283.047186;m3-207;[INFO: App       ] Received request 'hello 40' from fd00::9567
1789972283.047206;m3-207;[INFO: App       ] Sending response.
1789972283.047225;m3-207;[INFO: RPL       ] SRH creating source routing header with destination fd00::9567 
1789972283.047261;m3-207;[INFO: RPL       ] SRH path len: 0, ComprI 15, ComprE 15, ext len 8 (padding 0)
1789972283.102825;m3-214;[INFO: App       ] Received response 'hello 40' from fd00::a379
1789972283.110965;m3-207;[INFO: RPL       ] packet sent to 0200.0000.0000.9567, status 0, tx 1, new link metric 128
1789972283.267143;m3-219;[INFO: App       ] Sending request 41 to fd00::a379
1789972283.267192;m3-219;[INFO: RPL       ] creating hop-by-hop option
1789972283.298973;m3-219;[INFO: RPL       ] packet sent to 0200.0000.0000.a379, status 0, tx 1, new link metric 128
1789972283.305359;m3-207;[INFO: RPL       ] ext hdr: packet from fd00::b481 to fd00::a379 going up, sender closer 0 (256 < 128), rank error 0, loop detected 0
1789972283.305402;m3-207;[INFO: RPL       ] ext hdr: packet from fd00::b481 to fd00::a379 going up, sender closer 0 (256 < 128), rank error 0, loop detected 0
1789972283.318995;m3-207;[INFO: App       ] Received request 'hello 41' from fd00::b481
1789972283.319038;m3-207;[INFO: App       ] Sending response.
1789972283.319062;m3-207;[INFO: RPL       ] SRH creating source routing header with destination fd00::b481 
1789972283.319083;m3-207;[INFO: RPL       ] SRH path len: 0, ComprI 15, ComprE 15, ext len 8 (padding 0)
1789972283.331048;m3-219;[INFO: App       ] Received response 'hello 41' from fd00::a379
1789972283.334864;m3-207;[INFO: RPL       ] packet sent to 0200.0000.0000.b481, status 0, tx 1, new link metric 128
1789972283.719946;m3-217;[INFO: RPL       ] sending a multicast-DIO with rank 257 to ff02::1a
1789972283.750647;m3-210;[INFO: RPL       ] received a multicast-DIO from fe80::9871, instance_id 0, DAG ID fd00::a379, version 240, dtsn 240, rank 257
1789972283.750930;m3-207;[INFO: RPL       ] received a multicast-DIO from fe80::9871, instance_id 0, DAG ID fd00::a379, version 240, dtsn 240, rank 257
1789972283.752291;m3-216;[INFO: RPL       ] received a multicast-DIO from fe80::9871, instance_id 0, DAG ID fd00::a379, version 240, dtsn 240, rank 257
1789972283.754121;m3-209;[INFO: RPL       ] received a multicast-DIO from fe80::9871, instance_id 0, DAG ID fd00::a379, version 240, dtsn 240, rank 257
1789972283.754549;m3-215;[INFO: RPL       ] received a multicast-DIO from fe80::9871, instance_id 0, DAG ID fd00::a379, version 240, dtsn 240, rank 257
1789972283.756804;m3-220;[INFO: RPL       ] received a multicast-DIO from fe80::9871, instance_id 0, DAG ID fd00::a379, version 240, dtsn 240, rank 257
1789972283.756852;m3-221;[INFO: RPL       ] received a multicast-DIO from fe80::9871, instance_id 0, DAG ID fd00::a379, version 240, dtsn 240, rank 257
1789972283.757116;m3-208;[INFO: RPL       ] received a multicast-DIO from fe80::9871, instance_id 0, DAG ID fd00::a379, version 240, dtsn 240, rank 257
1789972283.758868;m3-214;[INFO: RPL       ] received a multicast-DIO from fe80::9871, instance_id 0, DAG ID fd00::a379, version 240, dtsn 240, rank 257
1789972283.759633;m3-213;[INFO: RPL       ] received a multicast-DIO from fe80::9871, instance_id 0, DAG ID fd00::a379, version 240, dtsn 240, rank 257
1789972283.762457;m3-212;[INFO: RPL       ] received a multicast-DIO from fe80::9871, instance_id 0, DAG ID fd00::a379, version 240, dtsn 240, rank 257
1789972283.762516;m3-218;[INFO: RPL       ] received a multicast-DIO from fe80::9871, instance_id 0, DAG ID fd00::a379, version 240, dtsn 240, rank 257
1789972283.763036;m3-219;[INFO: RPL       ] received a multicast-DIO from fe80::9871, instance_id 0, DAG ID fd00::a379, version 240, dtsn 240, rank 257
1789972283.764606;m3-211;[INFO: RPL       ] received a multicast-DIO from fe80::9871, instance_id 0, DAG ID fd00::a379, version 240, dtsn 240, rank 257
1789972285.196805;m3-221;[INFO: App       ] Tx/Rx/MissedTx: 40/40/0
1789972285.196888;m3-221;[INFO: App       ] Sending request 40 to fd00::a379
1789972285.196915;m3-221;[INFO: RPL       ] creating hop-by-hop option
1789972285.239013;m3-207;[INFO: RPL       ] ext hdr: packet from fd00::9981 to fd00::a379 going up, sender closer 0 (256 < 128), rank error 0, loop detected 0
1789972285.244599;m3-221;[INFO: RPL       ] packet sent to 0200.0000.0000.a379, status 0, tx 1, new link metric 128
1789972285.254930;m3-207;[INFO: RPL       ] ext hdr: packet from fd00::9981 to fd00::a379 going up, sender closer 0 (256 < 128), rank error 0, loop detected 0
1789972285.254972;m3-207;[INFO: App       ] Received request 'hello 40' from fd00::9981
1789972285.254995;m3-207;[INFO: App       ] Sending response.
1789972285.255014;m3-207;[INFO: RPL       ] SRH creating source routing header with destination fd00::9981 
1789972285.255050;m3-207;[INFO: RPL       ] SRH path len: 0, ComprI 15, ComprE 15, ext len 8 (padding 0)
1789972285.255069;m3-207;[INFO: RPL       ] packet sent to 0200.0000.0000.9981, status 0, tx 1, new link metric 128
1789972285.261373;m3-221;[INFO: App       ] Received response 'hello 40' from fd00::a379
1789972285.266443;m3-212;[INFO: App       ] Tx/Rx/MissedTx: 40/40/0
1789972285.266476;m3-212;[INFO: App       ] Sending request 40 to fd00::a379
1789972285.266497;m3-212;[INFO: RPL       ] creating hop-by-hop option
1789972285.270819;m3-207;[INFO: RPL       ] ext hdr: packet from fd00::b280 to fd00::a379 going up, sender closer 0 (256 < 128), rank error 0, loop detected 0
1789972285.282222;m3-212;[INFO: RPL       ] packet sent to 0200.0000.0000.a379, status 0, tx 1, new link metric 128
1789972285.286804;m3-207;[INFO: RPL       ] ext hdr: packet from fd00::b280 to fd00::a379 going up, sender closer 0 (256 < 128), rank error 0, loop detected 0
1789972285.286839;m3-207;[INFO: App       ] Received request 'hello 40' from fd00::b280
1789972285.286862;m3-207;[INFO: App       ] Sending response.
1789972285.286880;m3-207;[INFO: RPL       ] SRH creating source routing header with destination fd00::b280 
1789972285.286899;m3-207;[INFO: RPL       ] SRH path len: 0, ComprI 15, ComprE 15, ext len 8 (padding 0)
1789972285.318916;m3-207;[INFO: RPL       ] packet sent to 0200.0000.0000.b280, status 0, tx 1, new link metric 128
1789972285.330232;m3-212;[INFO: App       ] Received response 'hello 40' from fd00::a379
1789972285.524676;m3-211;[INFO: App       ] Sending request 42 to fd00::a379
1789972285.524724;m3-211;[INFO: RPL       ] creating hop-by-hop option
1789972285.540426;m3-211;[INFO: RPL       ] packet sent to 0200.0000.0000.a379, status 0, tx 1, new link metric 128
1789972285.542847;m3-207;[INFO: RPL       ] ext hdr: packet from fd00::8875 to fd00::a379 going up, sender closer 0 (256 < 128), rank error 0, loop detected 0
1789972285.542882;m3-207;[INFO: RPL       ] ext hdr: packet from fd00::8875 to fd00::a379 going up, sender closer 0 (256 < 128), rank error 0, loop detected 0
1789972285.542907;m3-207;[INFO: App       ] Received request 'hello 42' from fd00::8875
1789972285.542927;m3-207;[INFO: App       ] Sending response.
1789972285.561353;m3-207;[INFO: RPL       ] SRH creating source routing header with destination fd00::8875 
1789972285.561382;m3-207;[INFO: RPL       ] SRH path len: 0, ComprI 15, ComprE 15, ext len 8 (padding 0)
1789972285.588365;m3-211;[INFO: App       ] Received response 'hello 42' from fd00::a379
1789972285.590628;m3-207;[INFO: RPL       ] packet sent to 0200.0000.0000.8875, status 0, tx 1, new link metric 128
1789972286.838809;m3-207;[INFO: RPL       ] ext hdr: packet from fd00::9175 to fd00::a379 going up, sender closer 0 (256 < 128), rank error 0, loop detected 0
1789972286.838867;m3-207;[INFO: RPL       ] ext hdr: packet from fd00::9175 to fd00::a379 going up, sender closer 0 (256 < 128), rank error 0, loop detected 0
1789972286.842182;m3-215;[INFO: App       ] Sending request 41 to fd00::a379
1789972286.842218;m3-215;[INFO: RPL       ] creating hop-by-hop option
1789972286.842240;m3-215;[INFO: RPL       ] packet sent to 0200.0000.0000.a379, status 0, tx 1, new link metric 128
1789972286.854680;m3-207;[INFO: App       ] Received request 'hello 41' from fd00::9175
1789972286.854724;m3-207;[INFO: App       ] Sending response.
1789972286.854747;m3-207;[INFO: RPL       ] SRH creating source routing header with destination fd00::9175 
1789972286.854768;m3-207;[INFO: RPL       ] SRH path len: 0, ComprI 15, ComprE 15, ext len 8 (padding 0)
1789972286.854787;m3-207;[INFO: RPL       ] packet sent to 0200.0000.0000.9175, status 0, tx 1, new link metric 128
1789972286.858060;m3-215;[INFO: App       ] Received response 'hello 41' from fd00::a379
1789972287.708377;m3-221;[INFO: RPL       ] probing fe80::b369  last tx 7 min ago
1789972287.708447;m3-221;[INFO: RPL       ] sending a unicast-DIO with rank 256 to fe80::b369
1789972287.735942;m3-216;[INFO: RPL       ] received a unicast-DIO from fe80::9981, instance_id 0, DAG ID fd00::a379, version 240, dtsn 240, rank 256
1789972287.740317;m3-221;[INFO: RPL       ] packet sent to 0200.0000.0000.b369, status 0, tx 1, new link metric 224
1789972287.887342;m3-213;[INFO: App       ] Sending request 42 to fd00::a379
1789972287.887390;m3-213;[INFO: RPL       ] creating hop-by-hop option
1789972287.910617;m3-207;[INFO: RPL       ] ext hdr: packet from fd00::8472 to fd00::a379 going up, sender closer 0 (256 < 128), rank error 0, loop detected 0
1789972287.910676;m3-207;[INFO: RPL       ] ext hdr: packet from fd00::8472 to fd00::a379 going up, sender closer 0 (256 < 128), rank error 0, loop detected 0
1789972287.910702;m3-207;[INFO: App       ] Received request 'hello 42' from fd00::8472
1789972287.910724;m3-207;[INFO: App       ] Sending response.
1789972287.919012;m3-213;[INFO: RPL       ] packet sent to 0200.0000.0000.a379, status 0, tx 1, new link metric 128
1789972287.926446;m3-207;[INFO: RPL       ] SRH creating source routing header with destination fd00::8472 
1789972287.926480;m3-207;[INFO: RPL       ] SRH path len: 0, ComprI 15, ComprE 15, ext len 8 (padding 0)
1789972287.983069;m3-213;[INFO: App       ] Received response 'hello 42' from fd00::a379
1789972287.990410;m3-207;[INFO: RPL       ] packet sent to 0200.0000.0000.8472, status 0, tx 1, new link metric 128
1789972288.007694;m3-217;[INFO: App       ] Tx/Rx/MissedTx: 40/40/0
1789972288.007740;m3-217;[INFO: App       ] Sending request 40 to fd00::a379
1789972288.007763;m3-217;[INFO: RPL       ] creating hop-by-hop option
1789972288.022449;m3-207;[INFO: RPL       ] ext hdr: packet from fd00::9871 to fd00::a379 going up, sender closer 0 (257 < 128), rank error 0, loop detected 0
1789972288.022485;m3-207;[INFO: RPL       ] ext hdr: packet from fd00::9871 to fd00::a379 going up, sender closer 0 (257 < 128), rank error 0, loop detected 0
1789972288.022509;m3-207;[INFO: App       ] Received request 'hello 40' from fd00::9871
1789972288.022530;m3-207;[INFO: App       ] Sending response.
1789972288.022548;m3-207;[INFO: RPL       ] SRH creating source routing header with destination fd00::9871 
1789972288.022567;m3-207;[INFO: RPL       ] SRH path len: 0, ComprI 15, ComprE 15, ext len 8 (padding 0)
1789972288.023326;m3-217;[INFO: RPL       ] packet sent to 0200.0000.0000.a379, status 0, tx 1, new link metric 128
1789972288.038382;m3-207;[INFO: RPL       ] packet sent to 0200.0000.0000.9871, status 0, tx 1, new link metric 128
1789972288.039273;m3-217;[INFO: App       ] Received response 'hello 40' from fd00::a379
1789972288.247742;m3-216;[INFO: App       ] Sending request 42 to fd00::a379
1789972288.247788;m3-216;[INFO: RPL       ] creating hop-by-hop option
1789972288.259483;m3-207;[INFO: RPL       ] ext hdr: packet from fd00::b369 to fd00::a379 going up, sender closer 0 (256 < 128), rank error 0, loop detected 0
1789972288.259523;m3-207;[INFO: RPL       ] ext hdr: packet from fd00::b369 to fd00::a379 going up, sender closer 0 (256 < 128), rank error 0, loop detected 0
1789972288.259548;m3-207;[INFO: App       ] Received request 'hello 42' from fd00::b369
1789972288.259567;m3-207;[INFO: App       ] Sending response.
1789972288.259586;m3-207;[INFO: RPL       ] SRH creating source routing header with destination fd00::b369 
1789972288.263686;m3-216;[INFO: RPL       ] packet sent to 0200.0000.0000.a379, status 0, tx 1, new link metric 128
1789972288.274374;m3-207;[INFO: RPL       ] SRH path len: 0, ComprI 15, ComprE 15, ext len 8 (padding 0)
1789972288.279655;m3-216;[INFO: App       ] Received response 'hello 42' from fd00::a379
1789972288.290247;m3-207;[INFO: RPL       ] packet sent to 0200.0000.0000.b369, status 0, tx 1, new link metric 128
1789972289.349990;m3-210;[INFO: App       ] Sending request 41 to fd00::a379
1789972289.350074;m3-210;[INFO: RPL       ] creating hop-by-hop option
1789972289.362441;m3-207;[INFO: RPL       ] ext hdr: packet from fd00::c081 to fd00::a379 going up, sender closer 0 (256 < 128), rank error 0, loop detected 0
1789972289.369371;m3-210;[INFO: RPL       ] packet sent to 0200.0000.0000.a379, status 0, tx 1, new link metric 128
1789972289.378330;m3-207;[INFO: RPL       ] ext hdr: packet from fd00::c081 to fd00::a379 going up, sender closer 0 (256 < 128), rank error 0, loop detected 0
1789972289.378367;m3-207;[INFO: App       ] Received request 'hello 41' from fd00::c081
1789972289.378391;m3-207;[INFO: App       ] Sending response.
1789972289.378410;m3-207;[INFO: RPL       ] SRH creating source routing header with destination fd00::c081 
1789972289.378429;m3-207;[INFO: RPL       ] SRH path len: 0, ComprI 15, ComprE 15, ext len 8 (padding 0)
1789972289.429860;m3-210;[INFO: App       ] Received response 'hello 41' from fd00::a379
1789972289.442244;m3-207;[INFO: RPL       ] packet sent to 0200.0000.0000.c081, status 0, tx 1, new link metric 128
1789972289.484331;m3-220;[INFO: App       ] Sending request 42 to fd00::a379
1789972289.484368;m3-220;[INFO: RPL       ] creating hop-by-hop option
1789972289.522271;m3-207;[INFO: RPL       ] ext hdr: packet from fd00::2160 to fd00::a379 going up, sender closer 0 (256 < 128), rank error 0, loop detected 0
1789972289.522316;m3-207;[INFO: RPL       ] ext hdr: packet from fd00::2160 to fd00::a379 going up, sender closer 0 (256 < 128), rank error 0, loop detected 0
1789972289.522341;m3-207;[INFO: App       ] Received request 'hello 42' from fd00::2160
1789972289.532050;m3-220;[INFO: RPL       ] packet sent to 0200.0000.0000.a379, status 0, tx 1, new link metric 128
1789972289.538171;m3-207;[INFO: App       ] Sending response.
1789972289.538204;m3-207;[INFO: RPL       ] SRH creating source routing header with destination fd00::2160 
1789972289.538227;m3-207;[INFO: RPL       ] SRH path len: 0, ComprI 15, ComprE 15, ext len 8 (padding 0)
1789972289.570205;m3-207;[INFO: RPL       ] packet sent to 0200.0000.0000.2160, status 0, tx 1, new link metric 128
1789972289.580086;m3-220;[INFO: App       ] Received response 'hello 42' from fd00::a379
1789972290.393555;m3-209;[INFO: App       ] Sending request 41 to fd00::a379
1789972290.393610;m3-209;[INFO: RPL       ] creating hop-by-hop option
1789972290.444669;m3-208;[INFO: App       ] Sending request 42 to fd00::a379
1789972290.444707;m3-208;[INFO: RPL       ] creating hop-by-hop option
1789972290.450357;m3-207;[INFO: RPL       ] ext hdr: packet from fd00::b379 to fd00::a379 going up, sender closer 0 (256 < 128), rank error 0, loop detected 0
1789972290.457309;m3-209;[INFO: RPL       ] packet sent to 0200.0000.0000.a379, status 0, tx 1, new link metric 128
1789972290.463862;m3-207;[INFO: RPL       ] ext hdr: packet from fd00::b379 to fd00::a379 going up, sender closer 0 (256 < 128), rank error 0, loop detected 0
1789972290.463898;m3-207;[INFO: App       ] Received request 'hello 41' from fd00::b379
1789972290.463920;m3-207;[INFO: App       ] Sending response.
1789972290.463939;m3-207;[INFO: RPL       ] SRH creating source routing header with destination fd00::b379 
1789972290.463958;m3-207;[INFO: RPL       ] SRH path len: 0, ComprI 15, ComprE 15, ext len 8 (padding 0)
1789972290.463992;m3-207;[INFO: RPL       ] ext hdr: packet from fd00::9076 to fd00::a379 going up, sender closer 0 (256 < 128), rank error 0, loop detected 0
1789972290.479250;m3-207;[INFO: RPL       ] ext hdr: packet from fd00::9076 to fd00::a379 going up, sender closer 0 (256 < 128), rank error 0, loop detected 0
1789972290.479285;m3-207;[INFO: App       ] Received request 'hello 42' from fd00::9076
1789972290.479306;m3-207;[INFO: App       ] Sending response.
1789972290.479325;m3-207;[INFO: RPL       ] SRH creating source routing header with destination fd00::9076 
1789972290.479344;m3-207;[INFO: RPL       ] SRH path len: 0, ComprI 15, ComprE 15, ext len 8 (padding 0)
1789972290.489288;m3-209;[INFO: App       ] Received response 'hello 41' from fd00::a379
1789972290.495179;m3-207;[INFO: RPL       ] packet sent to 0200.0000.0000.b379, status 0, tx 1, new link metric 128
1789972290.508426;m3-208;[INFO: App       ] Received response 'hello 42' from fd00::a379
1789972290.511153;m3-207;[INFO: RPL       ] packet sent to 0200.0000.0000.9076, status 0, tx 1, new link metric 128
1789972290.524428;m3-208;[INFO: RPL       ] packet sent to 0200.0000.0000.a379, status 0, tx 2, new link metric 140
1789972290.993846;m3-218;[INFO: App       ] Sending request 41 to fd00::a379
1789972290.993908;m3-218;[INFO: RPL       ] creating hop-by-hop option
1789972291.039250;m3-207;[INFO: RPL       ] ext hdr: packet from fd00::b582 to fd00::a379 going up, sender closer 0 (268 < 128), rank error 0, loop detected 0
1789972291.041636;m3-218;[INFO: RPL       ] packet sent to 0200.0000.0000.a379, status 0, tx 1, new link metric 138
1789972291.055214;m3-207;[INFO: RPL       ] ext hdr: packet from fd00::b582 to fd00::a379 going up, sender closer 0 (268 < 128), rank error 0, loop detected 0
1789972291.055251;m3-207;[INFO: App       ] Received request 'hello 41' from fd00::b582
1789972291.055274;m3-207;[INFO: App       ] Sending response.
1789972291.055293;m3-207;[INFO: RPL       ] SRH creating source routing header with destination fd00::b582 
1789972291.055312;m3-207;[INFO: RPL       ] SRH path len: 0, ComprI 15, ComprE 15, ext len 8 (padding 0)
1789972291.087158;m3-207;[INFO: RPL       ] packet sent to 0200.0000.0000.b582, status 0, tx 1, new link metric 128
1789972291.089577;m3-218;[INFO: App       ] Received response 'hello 41' from fd00::a379
1789972292.542185;m3-214;[INFO: App       ] Sending request 41 to fd00::a379
1789972292.542238;m3-214;[INFO: RPL       ] creating hop-by-hop option
1789972292.542263;m3-214;[INFO: RPL       ] packet sent to 0200.0000.0000.a379, status 0, tx 1, new link metric 128
1789972292.543033;m3-207;[INFO: RPL       ] ext hdr: packet from fd00::9567 to fd00::a379 going up, sender closer 0 (256 < 128), rank error 0, loop detected 0
1789972292.557956;m3-214;[INFO: App       ] Received response 'hello 41' from fd00::a379
1789972292.558984;m3-207;[INFO: RPL       ] ext hdr: packet from fd00::9567 to fd00::a379 going up, sender closer 0 (256 < 128), rank error 0, loop detected 0
1789972292.559021;m3-207;[INFO: App       ] Received request 'hello 41' from fd00::9567
1789972292.559044;m3-207;[INFO: App       ] Sending response.
1789972292.559065;m3-207;[INFO: RPL       ] SRH creating source routing header with destination fd00::9567 
1789972292.559094;m3-207;[INFO: RPL       ] SRH path len: 0, ComprI 15, ComprE 15, ext len 8 (padding 0)
1789972292.559114;m3-207;[INFO: RPL       ] packet sent to 0200.0000.0000.9567, status 0, tx 1, new link metric 128
1789972293.954185;m3-219;[INFO: App       ] Sending request 42 to fd00::a379
1789972293.954242;m3-219;[INFO: RPL       ] creating hop-by-hop option
1789972293.997937;m3-207;[INFO: RPL       ] ext hdr: packet from fd00::b481 to fd00::a379 going up, sender closer 0 (256 < 128), rank error 0, loop detected 0
1789972293.997986;m3-207;[INFO: RPL       ] ext hdr: packet from fd00::b481 to fd00::a379 going up, sender closer 0 (256 < 128), rank error 0, loop detected 0
1789972293.998014;m3-207;[INFO: App       ] Received request 'hello 42' from fd00::b481
1789972293.998035;m3-207;[INFO: App       ] Sending response.
1789972293.998055;m3-207;[INFO: RPL       ] SRH creating source routing header with destination fd00::b481 
1789972294.001913;m3-219;[INFO: RPL       ] packet sent to 0200.0000.0000.a379, status 0, tx 1, new link metric 128
1789972294.012825;m3-207;[INFO: RPL       ] SRH path len: 0, ComprI 15, ComprE 15, ext len 8 (padding 0)
1789972294.017924;m3-219;[INFO: App       ] Received response 'hello 42' from fd00::a379
1789972294.028877;m3-207;[INFO: RPL       ] packet sent to 0200.0000.0000.b481, status 0, tx 1, new link metric 128
1789972295.147711;m3-221;[INFO: App       ] Sending request 41 to fd00::a379
1789972295.147766;m3-221;[INFO: RPL       ] creating hop-by-hop option
1789972295.163478;m3-221;[INFO: RPL       ] packet sent to 0200.0000.0000.a379, status 0, tx 1, new link metric 128
1789972295.163519;m3-221;[INFO: App       ] Received response 'hello 41' from fd00::a379
1789972295.164701;m3-207;[INFO: RPL       ] ext hdr: packet from fd00::9981 to fd00::a379 going up, sender closer 0 (256 < 128), rank error 0, loop detected 0
1789972295.164739;m3-207;[INFO: RPL       ] ext hdr: packet from fd00::9981 to fd00::a379 going up, sender closer 0 (256 < 128), rank error 0, loop detected 0
1789972295.164764;m3-207;[INFO: App       ] Received request 'hello 41' from fd00::9981
1789972295.164784;m3-207;[INFO: App       ] Sending response.
1789972295.164803;m3-207;[INFO: RPL       ] SRH creating source routing header with destination fd00::9981 
1789972295.164822;m3-207;[INFO: RPL       ] SRH path len: 0, ComprI 15, ComprE 15, ext len 8 (padding 0)
1789972295.164841;m3-207;[INFO: RPL       ] packet sent to 0200.0000.0000.9981, status 0, tx 1, new link metric 128
1789972295.553316;m3-212;[INFO: App       ] Sending request 41 to fd00::a379
1789972295.553393;m3-212;[INFO: RPL       ] creating hop-by-hop option
1789972295.569077;m3-212;[INFO: RPL       ] packet sent to 0200.0000.0000.a379, status 0, tx 1, new link metric 128
1789972295.577013;m3-207;[INFO: RPL       ] ext hdr: packet from fd00::b280 to fd00::a379 going up, sender closer 0 (256 < 128), rank error 0, loop detected 0
1789972295.577054;m3-207;[INFO: RPL       ] ext hdr: packet from fd00::b280 to fd00::a379 going up, sender closer 0 (256 < 128), rank error 0, loop detected 0
1789972295.577080;m3-207;[INFO: App       ] Received request 'hello 41' from fd00::b280
1789972295.577101;m3-207;[INFO: App       ] Sending response.
1789972295.577120;m3-207;[INFO: RPL       ] SRH creating source routing header with destination fd00::b280 
1789972295.593357;m3-207;[INFO: RPL       ] SRH path len: 0, ComprI 15, ComprE 15, ext len 8 (padding 0)
1789972295.601032;m3-212;[INFO: App       ] Received response 'hello 41' from fd00::a379
1789972295.608635;m3-207;[INFO: RPL       ] packet sent to 0200.0000.0000.b280, status 0, tx 1, new link metric 128
1789972296.051500;m3-211;[INFO: App       ] Sending request 43 to fd00::a379
1789972296.051550;m3-211;[INFO: RPL       ] creating hop-by-hop option
1789972296.067304;m3-211;[INFO: RPL       ] packet sent to 0200.0000.0000.a379, status 0, tx 1, new link metric 128
1789972296.072656;m3-207;[INFO: RPL       ] ext hdr: packet from fd00::8875 to fd00::a379 going up, sender closer 0 (256 < 128), rank error 0, loop detected 0
1789972296.072694;m3-207;[INFO: RPL       ] ext hdr: packet from fd00::8875 to fd00::a379 going up, sender closer 0 (256 < 128), rank error 0, loop detected 0
1789972296.072720;m3-207;[INFO: App       ] Received request 'hello 43' from fd00::8875
1789972296.072741;m3-207;[INFO: App       ] Sending response.
1789972296.088627;m3-207;[INFO: RPL       ] SRH creating source routing header with destination fd00::8875 
1789972296.088660;m3-207;[INFO: RPL       ] SRH path len: 0, ComprI 15, ComprE 15, ext len 8 (padding 0)
1789972296.099255;m3-211;[INFO: App       ] Received response 'hello 43' from fd00::a379
1789972296.104573;m3-207;[INFO: RPL       ] packet sent to 0200.0000.0000.8875, status 0, tx 1, new link metric 128
1789972296.680835;m3-209;[INFO: RPL       ] probing fe80::b369  last tx 5 min ago
1789972296.680884;m3-209;[INFO: RPL       ] sending a unicast-DIO with rank 256 to fe80::b369
1789972296.729377;m3-216;[INFO: RPL       ] received a unicast-DIO from fe80::b379, instance_id 0, DAG ID fd00::a379, version 240, dtsn 240, rank 256
1789972296.729426;m3-209;[INFO: RPL       ] packet sent to 0200.0000.0000.b369, status 0, tx 1, new link metric 200
1789972297.310224;m3-213;[INFO: App       ] Sending request 43 to fd00::a379
1789972297.310275;m3-213;[INFO: RPL       ] creating hop-by-hop option
1789972297.318591;m3-217;[INFO: App       ] Sending request 41 to fd00::a379
1789972297.318625;m3-217;[INFO: RPL       ] creating hop-by-hop option
1789972297.352686;m3-207;[INFO: RPL       ] ext hdr: packet from fd00::8472 to fd00::a379 going up, sender closer 0 (256 < 128), rank error 0, loop detected 0
1789972297.352727;m3-207;[INFO: RPL       ] ext hdr: packet from fd00::8472 to fd00::a379 going up, sender closer 0 (256 < 128), rank error 0, loop detected 0
1789972297.352753;m3-207;[INFO: App       ] Received request 'hello 43' from fd00::8472
1789972297.352773;m3-207;[INFO: App       ] Sending response.
1789972297.352792;m3-207;[INFO: RPL       ] SRH creating source routing header with destination fd00::8472 
1789972297.357992;m3-213;[INFO: RPL       ] packet sent to 0200.0000.0000.a379, status 0, tx 1, new link metric 128
1789972297.368527;m3-207;[INFO: RPL       ] SRH path len: 0, ComprI 15, ComprE 15, ext len 8 (padding 0)
1789972297.368562;m3-207;[INFO: RPL       ] ext hdr: packet from fd00::9871 to fd00::a379 going up, sender closer 0 (256 < 128), rank error 0, loop detected 0
1789972297.382415;m3-217;[INFO: RPL       ] packet sent to 0200.0000.0000.a379, status 0, tx 1, new link metric 128
1789972297.384499;m3-207;[INFO: RPL       ] ext hdr: packet from fd00::9871 to fd00::a379 going up, sender closer 0 (256 < 128), rank error 0, loop detected 0
1789972297.384534;m3-207;[INFO: App       ] Received request 'hello 41' from fd00::9871
1789972297.384556;m3-207;[INFO: App       ] Sending response.
1789972297.384574;m3-207;[INFO: RPL       ] SRH creating source routing header with destination fd00::9871 
1789972297.384594;m3-207;[INFO: RPL       ] SRH path len: 0, ComprI 15, ComprE 15, ext len 8 (padding 0)
1789972297.400414;m3-207;[INFO: RPL       ] packet sent to 0200.0000.0000.8472, status 0, tx 1, new link metric 128
1789972297.406130;m3-213;[INFO: App       ] Received response 'hello 43' from fd00::a379
1789972297.446549;m3-217;[INFO: App       ] Received response 'hello 41' from fd00::a379
1789972297.448585;m3-207;[INFO: RPL       ] packet sent to 0200.0000.0000.9871, status 0, tx 1, new link metric 128
1789972297.721040;m3-215;[INFO: App       ] Sending request 42 to fd00::a379
1789972297.721087;m3-215;[INFO: RPL       ] creating hop-by-hop option
1789972297.750291;m3-207;[INFO: RPL       ] ext hdr: packet from fd00::9175 to fd00::a379 going up, sender closer 0 (256 < 128), rank error 0, loop detected 0
1789972297.750330;m3-207;[INFO: RPL       ] ext hdr: packet from fd00::9175 to fd00::a379 going up, sender closer 0 (256 < 128), rank error 0, loop detected 0
1789972297.750356;m3-207;[INFO: App       ] Received request 'hello 42' from fd00::9175
1789972297.750376;m3-207;[INFO: App       ] Sending response.
1789972297.750394;m3-207;[INFO: RPL       ] SRH creating source routing header with destination fd00::9175 
1789972297.752818;m3-215;[INFO: RPL       ] packet sent to 0200.0000.0000.a379, status 0, tx 1, new link metric 128
1789972297.765387;m3-207;[INFO: RPL       ] SRH path len: 0, ComprI 15, ComprE 15, ext len 8 (padding 0)
1789972297.797383;m3-207;[INFO: RPL       ] packet sent to 0200.0000.0000.9175, status 0, tx 1, new link metric 128
1789972297.800715;m3-215;[INFO: App       ] Received response 'hello 42' from fd00::a379
1789972297.827255;m3-211;[INFO: RPL       ] sending a multicast-DIO with rank 256 to ff02::1a
1789972297.867372;m3-220;[INFO: RPL       ] received a multicast-DIO from fe80::8875, instance_id 0, DAG ID fd00::a379, version 240, dtsn 240, rank 256
1789972297.867439;m3-221;[INFO: RPL       ] received a multicast-DIO from fe80::8875, instance_id 0, DAG ID fd00::a379, version 240, dtsn 240, rank 256
1789972297.867734;m3-208;[INFO: RPL       ] received a multicast-DIO from fe80::8875, instance_id 0, DAG ID fd00::a379, version 240, dtsn 240, rank 256
1789972297.869594;m3-214;[INFO: RPL       ] received a multicast-DIO from fe80::8875, instance_id 0, DAG ID fd00::a379, version 240, dtsn 240, rank 256
1789972297.869942;m3-213;[INFO: RPL       ] received a multicast-DIO from fe80::8875, instance_id 0, DAG ID fd00::a379, version 240, dtsn 240, rank 256
1789972297.872932;m3-218;[INFO: RPL       ] received a multicast-DIO from fe80::8875, instance_id 0, DAG ID fd00::a379, version 240, dtsn 240, rank 256
1789972297.872969;m3-212;[INFO: RPL       ] received a multicast-DIO from fe80::8875, instance_id 0, DAG ID fd00::a379, version 240, dtsn 240, rank 256
1789972297.873593;m3-219;[INFO: RPL       ] received a multicast-DIO from fe80::8875, instance_id 0, DAG ID fd00::a379, version 240, dtsn 240, rank 256
1789972297.877063;m3-210;[INFO: RPL       ] received a multicast-DIO from fe80::8875, instance_id 0, DAG ID fd00::a379, version 240, dtsn 240, rank 256
1789972297.877308;m3-207;[INFO: RPL       ] received a multicast-DIO from fe80::8875, instance_id 0, DAG ID fd00::a379, version 240, dtsn 240, rank 256
1789972297.878237;m3-217;[INFO: RPL       ] received a multicast-DIO from fe80::8875, instance_id 0, DAG ID fd00::a379, version 240, dtsn 240, rank 256
1789972297.878668;m3-216;[INFO: RPL       ] received a multicast-DIO from fe80::8875, instance_id 0, DAG ID fd00::a379, version 240, dtsn 240, rank 256
1789972297.880389;m3-209;[INFO: RPL       ] received a multicast-DIO from fe80::8875, instance_id 0, DAG ID fd00::a379, version 240, dtsn 240, rank 256
1789972297.880600;m3-215;[INFO: RPL       ] received a multicast-DIO from fe80::8875, instance_id 0, DAG ID fd00::a379, version 240, dtsn 240, rank 256
1789972298.377385;m3-216;[INFO: App       ] Sending request 43 to fd00::a379
1789972298.377429;m3-216;[INFO: RPL       ] creating hop-by-hop option
1789972298.405473;m3-207;[INFO: RPL       ] ext hdr: packet from fd00::b369 to fd00::a379 going up, sender closer 0 (256 < 128), rank error 0, loop detected 0
1789972298.405513;m3-207;[INFO: RPL       ] ext hdr: packet from fd00::b369 to fd00::a379 going up, sender closer 0 (256 < 128), rank error 0, loop detected 0
1789972298.405539;m3-207;[INFO: App       ] Received request 'hello 43' from fd00::b369
1789972298.405560;m3-207;[INFO: App       ] Sending response.
1789972298.405578;m3-207;[INFO: RPL       ] SRH creating source routing header with destination fd00::b369 
1789972298.406577;m3-216;[INFO: RPL       ] packet sent to 0200.0000.0000.a379, status 0, tx 1, new link metric 128
1789972298.421383;m3-207;[INFO: RPL       ] SRH path len: 0, ComprI 15, ComprE 15, ext len 8 (padding 0)
1789972298.453509;m3-207;[INFO: RPL       ] packet sent to 0200.0000.0000.b369, status 0, tx 1, new link metric 128
1789972298.454509;m3-216;[INFO: App       ] Received response 'hello 43' from fd00::a379
1789972298.853026;m3-210;[INFO: App       ] Sending request 42 to fd00::a379
1789972298.853075;m3-210;[INFO: RPL       ] creating hop-by-hop option
1789972298.884885;m3-210;[INFO: RPL       ] packet sent to 0200.0000.0000.a379, status 0, tx 1, new link metric 128
1789972298.885308;m3-207;[INFO: RPL       ] ext hdr: packet from fd00::c081 to fd00::a379 going up, sender closer 0 (256 < 128), rank error 0, loop detected 0
1789972298.885355;m3-207;[INFO: RPL       ] ext hdr: packet from fd00::c081 to fd00::a379 going up, sender closer 0 (256 < 128), rank error 0, loop detected 0
1789972298.885382;m3-207;[INFO: App       ] Received request 'hello 42' from fd00::c081
1789972298.885403;m3-207;[INFO: App       ] Sending response.
1789972298.901266;m3-207;[INFO: RPL       ] SRH creating source routing header with destination fd00::c081 
1789972298.901303;m3-207;[INFO: RPL       ] SRH path len: 0, ComprI 15, ComprE 15, ext len 8 (padding 0)
1789972298.916830;m3-210;[INFO: App       ] Received response 'hello 42' from fd00::a379
1789972298.917154;m3-207;[INFO: RPL       ] packet sent to 0200.0000.0000.c081, status 0, tx 1, new link metric 128
1789972300.352618;m3-218;[INFO: App       ] Sending request 42 to fd00::a379
1789972300.352678;m3-218;[INFO: RPL       ] creating hop-by-hop option
1789972300.357381;m3-207;[INFO: RPL       ] ext hdr: packet from fd00::b582 to fd00::a379 going up, sender closer 0 (266 < 128), rank error 0, loop detected 0
1789972300.368508;m3-218;[INFO: RPL       ] packet sent to 0200.0000.0000.a379, status 0, tx 1, new link metric 137
1789972300.373292;m3-207;[INFO: RPL       ] ext hdr: packet from fd00::b582 to fd00::a379 going up, sender closer 0 (266 < 128), rank error 0, loop detected 0
1789972300.373328;m3-207;[INFO: App       ] Received request 'hello 42' from fd00::b582
1789972300.373357;m3-207;[INFO: App       ] Sending response.
1789972300.373376;m3-207;[INFO: RPL       ] SRH creating source routing header with destination fd00::b582 
1789972300.373396;m3-207;[INFO: RPL       ] SRH path len: 0, ComprI 15, ComprE 15, ext len 8 (padding 0)
1789972300.400450;m3-218;[INFO: App       ] Received response 'hello 42' from fd00::a379
1789972300.405170;m3-207;[INFO: RPL       ] packet sent to 0200.0000.0000.b582, status 0, tx 1, new link metric 128
1789972300.408472;m3-209;[INFO: App       ] Sending request 42 to fd00::a379
1789972300.408503;m3-209;[INFO: RPL       ] creating hop-by-hop option
1789972300.418757;m3-207;[INFO: RPL       ] ext hdr: packet from fd00::b379 to fd00::a379 going up, sender closer 0 (256 < 128), rank error 0, loop detected 0
1789972300.418794;m3-207;[INFO: RPL       ] ext hdr: packet from fd00::b379 to fd00::a379 going up, sender closer 0 (256 < 128), rank error 0, loop detected 0
1789972300.418818;m3-207;[INFO: App       ] Received request 'hello 42' from fd00::b379
1789972300.418838;m3-207;[INFO: App       ] Sending response.
1789972300.418855;m3-207;[INFO: RPL       ] SRH creating source routing header with destination fd00::b379 
1789972300.424265;m3-209;[INFO: RPL       ] packet sent to 0200.0000.0000.a379, status 0, tx 1, new link metric 128
1789972300.424297;m3-209;[INFO: App       ] Received response 'hello 42' from fd00::a379
1789972300.434362;m3-207;[INFO: RPL       ] SRH path len: 0, ComprI 15, ComprE 15, ext len 8 (padding 0)
1789972300.434396;m3-207;[INFO: RPL       ] packet sent to 0200.0000.0000.b379, status 0, tx 1, new link metric 128
1789972300.443091;m3-220;[INFO: App       ] Sending request 43 to fd00::a379
1789972300.443121;m3-220;[INFO: RPL       ] creating hop-by-hop option
1789972300.482263;m3-207;[INFO: RPL       ] ext hdr: packet from fd00::2160 to fd00::a379 going up, sender closer 0 (256 < 128), rank error 0, loop detected 0
1789972300.482304;m3-207;[INFO: RPL       ] ext hdr: packet from fd00::2160 to fd00::a379 going up, sender closer 0 (256 < 128), rank error 0, loop detected 0
1789972300.482329;m3-207;[INFO: App       ] Received request 'hello 43' from fd00::2160
1789972300.490809;m3-220;[INFO: RPL       ] packet sent to 0200.0000.0000.a379, status 0, tx 1, new link metric 128
1789972300.498187;m3-207;[INFO: App       ] Sending response.
1789972300.498219;m3-207;[INFO: RPL       ] SRH creating source routing header with destination fd00::2160 
1789972300.498240;m3-207;[INFO: RPL       ] SRH path len: 0, ComprI 15, ComprE 15, ext len 8 (padding 0)
1789972300.538801;m3-220;[INFO: App       ] Received response 'hello 43' from fd00::a379
1789972300.546030;m3-207;[INFO: RPL       ] packet sent to 0200.0000.0000.2160, status 0, tx 1, new link metric 128
1789972300.859499;m3-208;[INFO: App       ] Sending request 43 to fd00::a379
1789972300.859546;m3-208;[INFO: RPL       ] creating hop-by-hop option
1789972300.907334;m3-208;[INFO: RPL       ] packet sent to 0200.0000.0000.a379, status 0, tx 1, new link metric 138
1789972300.914104;m3-207;[INFO: RPL       ] ext hdr: packet from fd00::9076 to fd00::a379 going up, sender closer 0 (268 < 128), rank error 0, loop detected 0
1789972300.914142;m3-207;[INFO: RPL       ] ext hdr: packet from fd00::9076 to fd00::a379 going up, sender closer 0 (268 < 128), rank error 0, loop detected 0
1789972300.914166;m3-207;[INFO: App       ] Received request 'hello 43' from fd00::9076
1789972300.914186;m3-207;[INFO: App       ] Sending response.
1789972300.914204;m3-207;[INFO: RPL       ] SRH creating source routing header with destination fd00::9076 
1789972300.914239;m3-207;[INFO: RPL       ] SRH path len: 0, ComprI 15, ComprE 15, ext len 8 (padding 0)
1789972300.949360;m3-207;[INFO: RPL       ] packet sent to 0200.0000.0000.9076, status 0, tx 1, new link metric 128
1789972300.955262;m3-208;[INFO: App       ] Received response 'hello 43' from fd00::a379
1789972301.808478;m3-218;[INFO: RPL       ] probing fe80::b369  last tx 1 min ago
1789972301.808545;m3-218;[INFO: RPL       ] sending a unicast-DIO with rank 265 to fe80::b369
1789972301.872308;m3-218;[INFO: RPL       ] packet sent to 0200.0000.0000.b369, status 0, tx 1, new link metric 182
1789972301.878394;m3-216;[INFO: RPL       ] received a unicast-DIO from fe80::b582, instance_id 0, DAG ID fd00::a379, version 240, dtsn 240, rank 265
1789972302.109185;m3-214;[INFO: App       ] Sending request 42 to fd00::a379
1789972302.109233;m3-214;[INFO: RPL       ] creating hop-by-hop option
1789972302.172976;m3-214;[INFO: RPL       ] packet sent to 0200.0000.0000.a379, status 0, tx 1, new link metric 128
1789972302.178099;m3-207;[INFO: RPL       ] ext hdr: packet from fd00::9567 to fd00::a379 going up, sender closer 0 (256 < 128), rank error 0, loop detected 0
1789972302.178138;m3-207;[INFO: RPL       ] ext hdr: packet from fd00::9567 to fd00::a379 going up, sender closer 0 (256 < 128), rank error 0, loop detected 0
1789972302.178163;m3-207;[INFO: App       ] Received request 'hello 42' from fd00::9567
1789972302.178183;m3-207;[INFO: App       ] Sending response.
1789972302.178201;m3-207;[INFO: RPL       ] SRH creating source routing header with destination fd00::9567 
1789972302.178237;m3-207;[INFO: RPL       ] SRH path len: 0, ComprI 15, ComprE 15, ext len 8 (padding 0)
1789972302.204951;m3-214;[INFO: App       ] Received response 'hello 42' from fd00::a379
1789972302.209975;m3-207;[INFO: RPL       ] packet sent to 0200.0000.0000.9567, status 0, tx 1, new link metric 128
1789972304.401036;m3-219;[INFO: App       ] Sending request 43 to fd00::a379
1789972304.401095;m3-219;[INFO: RPL       ] creating hop-by-hop option
1789972304.401122;m3-219;[INFO: RPL       ] packet sent to 0200.0000.0000.a379, status 0, tx 1, new link metric 128
1789972304.401777;m3-207;[INFO: RPL       ] ext hdr: packet from fd00::b481 to fd00::a379 going up, sender closer 0 (256 < 128), rank error 0, loop detected 0
1789972304.416900;m3-219;[INFO: App       ] Received response 'hello 43' from fd00::a379
1789972304.417716;m3-207;[INFO: RPL       ] ext hdr: packet from fd00::b481 to fd00::a379 going up, sender closer 0 (256 < 128), rank error 0, loop detected 0
1789972304.417754;m3-207;[INFO: App       ] Received request 'hello 43' from fd00::b481
1789972304.417778;m3-207;[INFO: App       ] Sending response.
1789972304.417798;m3-207;[INFO: RPL       ] SRH creating source routing header with destination fd00::b481 
1789972304.417819;m3-207;[INFO: RPL       ] SRH path len: 0, ComprI 15, ComprE 15, ext len 8 (padding 0)
1789972304.417843;m3-207;[INFO: RPL       ] packet sent to 0200.0000.0000.b481, status 0, tx 1, new link metric 128
1789972304.752270;m3-212;[INFO: App       ] Sending request 42 to fd00::a379
1789972304.768086;m3-212;[INFO: RPL       ] creating hop-by-hop option
1789972304.800042;m3-212;[INFO: RPL       ] packet sent to 0200.0000.0000.a379, status 0, tx 1, new link metric 128
1789972304.801831;m3-207;[INFO: RPL       ] ext hdr: packet from fd00::b280 to fd00::a379 going up, sender closer 0 (256 < 128), rank error 0, loop detected 0
1789972304.801867;m3-207;[INFO: RPL       ] ext hdr: packet from fd00::b280 to fd00::a379 going up, sender closer 0 (256 < 128), rank error 0, loop detected 0
1789972304.801892;m3-207;[INFO: App       ] Received request 'hello 42' from fd00::b280
1789972304.817688;m3-207;[INFO: App       ] Sending response.
1789972304.817721;m3-207;[INFO: RPL       ] SRH creating source routing header with destination fd00::b280 
1789972304.817744;m3-207;[INFO: RPL       ] SRH path len: 0, ComprI 15, ComprE 15, ext len 8 (padding 0)
1789972304.848018;m3-212;[INFO: App       ] Received response 'hello 42' from fd00::a379
1789972304.849613;m3-207;[INFO: RPL       ] packet sent to 0200.0000.0000.b280, status 0, tx 1, new link metric 128
1789972305.354652;m3-221;[INFO: App       ] Sending request 42 to fd00::a379
1789972305.354702;m3-221;[INFO: RPL       ] creating hop-by-hop option
1789972305.377711;m3-207;[INFO: RPL       ] ext hdr: packet from fd00::9981 to fd00::a379 going up, sender closer 0 (256 < 128), rank error 0, loop detected 0
1789972305.386457;m3-221;[INFO: RPL       ] packet sent to 0200.0000.0000.a379, status 0, tx 1, new link metric 128
1789972305.393679;m3-207;[INFO: RPL       ] ext hdr: packet from fd00::9981 to fd00::a379 going up, sender closer 0 (256 < 128), rank error 0, loop detected 0
1789972305.393715;m3-207;[INFO: App       ] Received request 'hello 42' from fd00::9981
1789972305.393737;m3-207;[INFO: App       ] Sending response.
1789972305.393756;m3-207;[INFO: RPL       ] SRH creating source routing header with destination fd00::9981 
1789972305.393775;m3-207;[INFO: RPL       ] SRH path len: 0, ComprI 15, ComprE 15, ext len 8 (padding 0)
1789972305.442654;m3-207;[INFO: RPL       ] packet sent to 0200.0000.0000.9981, status 0, tx 1, new link metric 128
1789972305.450436;m3-221;[INFO: App       ] Received response 'hello 42' from fd00::a379
1789972306.178404;m3-211;[INFO: App       ] Sending request 44 to fd00::a379
1789972306.178455;m3-211;[INFO: RPL       ] creating hop-by-hop option
1789972306.241575;m3-207;[INFO: RPL       ] ext hdr: packet from fd00::8875 to fd00::a379 going up, sender closer 0 (256 < 128), rank error 0, loop detected 0
1789972306.241622;m3-207;[INFO: RPL       ] ext hdr: packet from fd00::8875 to fd00::a379 going up, sender closer 0 (256 < 128), rank error 0, loop detected 0
1789972306.241648;m3-207;[INFO: App       ] Received request 'hello 44' from fd00::8875
1789972306.241669;m3-207;[INFO: App       ] Sending response.
1789972306.242132;m3-211;[INFO: RPL       ] packet sent to 0200.0000.0000.a379, status 0, tx 1, new link metric 128
1789972306.257477;m3-207;[INFO: RPL       ] SRH creating source routing header with destination fd00::8875 
1789972306.257515;m3-207;[INFO: RPL       ] SRH path len: 0, ComprI 15, ComprE 15, ext len 8 (padding 0)
1789972306.273431;m3-207;[INFO: RPL       ] packet sent to 0200.0000.0000.8875, status 0, tx 1, new link metric 128
1789972306.274099;m3-211;[INFO: App       ] Received response 'hello 44' from fd00::a379
1789972306.810936;m3-208;[INFO: RPL       ] sending a multicast-DIO with rank 266 to ff02::1a
1789972306.839755;m3-209;[INFO: RPL       ] received a multicast-DIO from fe80::9076, instance_id 0, DAG ID fd00::a379, version 240, dtsn 240, rank 266
1789972306.839896;m3-215;[INFO: RPL       ] received a multicast-DIO from fe80::9076, instance_id 0, DAG ID fd00::a379, version 240, dtsn 240, rank 266
1789972306.842340;m3-220;[INFO: RPL       ] received a multicast-DIO from fe80::9076, instance_id 0, DAG ID fd00::a379, version 240, dtsn 240, rank 266
1789972306.842379;m3-221;[INFO: RPL       ] received a multicast-DIO from fe80::9076, instance_id 0, DAG ID fd00::a379, version 240, dtsn 240, rank 266
1789972306.844673;m3-214;[INFO: RPL       ] received a multicast-DIO from fe80::9076, instance_id 0, DAG ID fd00::a379, version 240, dtsn 240, rank 266
1789972306.845184;m3-213;[INFO: RPL       ] received a multicast-DIO from fe80::9076, instance_id 0, DAG ID fd00::a379, version 240, dtsn 240, rank 266
1789972306.847907;m3-218;[INFO: RPL       ] received a multicast-DIO from fe80::9076, instance_id 0, DAG ID fd00::a379, version 240, dtsn 240, rank 266
1789972306.847968;m3-212;[INFO: RPL       ] received a multicast-DIO from fe80::9076, instance_id 0, DAG ID fd00::a379, version 240, dtsn 240, rank 266
1789972306.848625;m3-219;[INFO: RPL       ] received a multicast-DIO from fe80::9076, instance_id 0, DAG ID fd00::a379, version 240, dtsn 240, rank 266
1789972306.849523;m3-207;[INFO: RPL       ] received a multicast-DIO from fe80::9076, instance_id 0, DAG ID fd00::a379, version 240, dtsn 240, rank 266
1789972306.850089;m3-211;[INFO: RPL       ] received a multicast-DIO from fe80::9076, instance_id 0, DAG ID fd00::a379, version 240, dtsn 240, rank 266
1789972306.852067;m3-210;[INFO: RPL       ] received a multicast-DIO from fe80::9076, instance_id 0, DAG ID fd00::a379, version 240, dtsn 240, rank 266
1789972306.853486;m3-217;[INFO: RPL       ] received a multicast-DIO from fe80::9076, instance_id 0, DAG ID fd00::a379, version 240, dtsn 240, rank 266
1789972306.853590;m3-216;[INFO: RPL       ] received a multicast-DIO from fe80::9076, instance_id 0, DAG ID fd00::a379, version 240, dtsn 240, rank 266
1789972306.973380;m3-213;[INFO: App       ] Sending request 44 to fd00::a379
1789972306.973427;m3-213;[INFO: RPL       ] creating hop-by-hop option
1789972306.973452;m3-213;[INFO: RPL       ] packet sent to 0200.0000.0000.a379, status 0, tx 1, new link metric 128
1789972306.977500;m3-207;[INFO: RPL       ] ext hdr: packet from fd00::8472 to fd00::a379 going up, sender closer 0 (256 < 128), rank error 0, loop detected 0
1789972306.977536;m3-207;[INFO: RPL       ] ext hdr: packet from fd00::8472 to fd00::a379 going up, sender closer 0 (256 < 128), rank error 0, loop detected 0
1789972306.993453;m3-207;[INFO: App       ] Received request 'hello 44' from fd00::8472
1789972306.993485;m3-207;[INFO: App       ] Sending response.
1789972306.993506;m3-207;[INFO: RPL       ] SRH creating source routing header with destination fd00::8472 
1789972306.993527;m3-207;[INFO: RPL       ] SRH path len: 0, ComprI 15, ComprE 15, ext len 8 (padding 0)
1789972307.004983;m3-213;[INFO: App       ] Received response 'hello 44' from fd00::a379
1789972307.009331;m3-207;[INFO: RPL       ] packet sent to 0200.0000.0000.8472, status 0, tx 1, new link metric 128
1789972307.173689;m3-216;[INFO: RPL       ] probing fe80::2160  last tx 7 min ago
1789972307.173734;m3-216;[INFO: RPL       ] sending a unicast-DIO with rank 256 to fe80::2160
1789972307.237609;m3-216;[INFO: RPL       ] packet sent to 0200.0000.0000.2160, status 0, tx 1, new link metric 224
1789972307.241964;m3-220;[INFO: RPL       ] received a unicast-DIO from fe80::b369, instance_id 0, DAG ID fd00::a379, version 240, dtsn 240, rank 256
1789972307.269462;m3-217;[INFO: App       ] Sending request 42 to fd00::a379
1789972307.269505;m3-217;[INFO: RPL       ] creating hop-by-hop option
1789972307.317482;m3-217;[INFO: RPL       ] packet sent to 0200.0000.0000.a379, status 0, tx 1, new link metric 128
1789972307.327299;m3-207;[INFO: RPL       ] ext hdr: packet from fd00::9871 to fd00::a379 going up, sender closer 0 (256 < 128), rank error 0, loop detected 0
1789972307.327337;m3-207;[INFO: RPL       ] ext hdr: packet from fd00::9871 to fd00::a379 going up, sender closer 0 (256 < 128), rank error 0, loop detected 0
1789972307.327362;m3-207;[INFO: App       ] Received request 'hello 42' from fd00::9871
1789972307.327383;m3-207;[INFO: App       ] Sending response.
1789972307.327402;m3-207;[INFO: RPL       ] SRH creating source routing header with destination fd00::9871 
1789972307.342416;m3-207;[INFO: RPL       ] SRH path len: 0, ComprI 15, ComprE 15, ext len 8 (padding 0)
1789972307.342450;m3-207;[INFO: RPL       ] packet sent to 0200.0000.0000.9871, status 0, tx 1, new link metric 128
1789972307.349416;m3-217;[INFO: App       ] Received response 'hello 42' from fd00::a379
1789972307.559888;m3-215;[INFO: App       ] Sending request 43 to fd00::a379
1789972307.559932;m3-215;[INFO: RPL       ] creating hop-by-hop option
1789972307.591846;m3-215;[INFO: RPL       ] packet sent to 0200.0000.0000.a379, status 0, tx 1, new link metric 128
1789972307.598614;m3-207;[INFO: RPL       ] ext hdr: packet from fd00::9175 to fd00::a379 going up, sender closer 0 (256 < 128), rank error 0, loop detected 0
1789972307.598649;m3-207;[INFO: RPL       ] ext hdr: packet from fd00::9175 to fd00::a379 going up, sender closer 0 (256 < 128), rank error 0, loop detected 0
1789972307.598674;m3-207;[INFO: App       ] Received request 'hello 43' from fd00::9175
1789972307.598694;m3-207;[INFO: App       ] Sending response.
1789972307.598713;m3-207;[INFO: RPL       ] SRH creating source routing header with destination fd00::9175 
1789972307.607763;m3-215;[INFO: App       ] Received response 'hello 43' from fd00::a379
1789972307.614454;m3-207;[INFO: RPL       ] SRH path len: 0, ComprI 15, ComprE 15, ext len 8 (padding 0)
1789972307.614486;m3-207;[INFO: RPL       ] packet sent to 0200.0000.0000.9175, status 0, tx 1, new link metric 128
1789972308.723864;m3-210;[INFO: App       ] Sending request 43 to fd00::a379
1789972308.739677;m3-210;[INFO: RPL       ] creating hop-by-hop option
1789972308.782367;m3-207;[INFO: RPL       ] ext hdr: packet from fd00::c081 to fd00::a379 going up, sender closer 0 (256 < 128), rank error 0, loop detected 0
1789972308.782409;m3-207;[INFO: RPL       ] ext hdr: packet from fd00::c081 to fd00::a379 going up, sender closer 0 (256 < 128), rank error 0, loop detected 0
1789972308.787684;m3-210;[INFO: RPL       ] packet sent to 0200.0000.0000.a379, status 0, tx 1, new link metric 128
1789972308.798299;m3-207;[INFO: App       ] Received request 'hello 43' from fd00::c081
1789972308.798333;m3-207;[INFO: App       ] Sending response.
1789972308.798355;m3-207;[INFO: RPL       ] SRH creating source routing header with destination fd00::c081 
1789972308.798376;m3-207;[INFO: RPL       ] SRH path len: 0, ComprI 15, ComprE 15, ext len 8 (padding 0)
1789972308.830217;m3-207;[INFO: RPL       ] packet sent to 0200.0000.0000.c081, status 0, tx 1, new link metric 128
1789972308.835665;m3-210;[INFO: App       ] Received response 'hello 43' from fd00::a379
1789972309.237369;m3-216;[INFO: App       ] Sending request 44 to fd00::a379
1789972309.237418;m3-216;[INFO: RPL       ] creating hop-by-hop option
1789972309.262153;m3-207;[INFO: RPL       ] ext hdr: packet from fd00::b369 to fd00::a379 going up, sender closer 0 (256 < 128), rank error 0, loop detected 0
1789972309.262193;m3-207;[INFO: RPL       ] ext hdr: packet from fd00::b369 to fd00::a379 going up, sender closer 0 (256 < 128), rank error 0, loop detected 0
1789972309.262220;m3-207;[INFO: App       ] Received request 'hello 44' from fd00::b369
1789972309.269329;m3-216;[INFO: RPL       ] packet sent to 0200.0000.0000.a379, status 0, tx 1, new link metric 128
1789972309.278205;m3-207;[INFO: App       ] Sending response.
1789972309.278240;m3-207;[INFO: RPL       ] SRH creating source routing header with destination fd00::b369 
1789972309.278264;m3-207;[INFO: RPL       ] SRH path len: 0, ComprI 15, ComprE 15, ext len 8 (padding 0)
1789972309.301263;m3-216;[INFO: App       ] Received response 'hello 44' from fd00::a379
1789972309.310174;m3-207;[INFO: RPL       ] packet sent to 0200.0000.0000.b369, status 0, tx 1, new link metric 128
1789972309.687242;m3-209;[INFO: App       ] Sending request 43 to fd00::a379
1789972309.687289;m3-209;[INFO: RPL       ] creating hop-by-hop option
1789972309.710362;m3-207;[INFO: RPL       ] ext hdr: packet from fd00::b379 to fd00::a379 going up, sender closer 0 (256 < 128), rank error 0, loop detected 0
1789972309.710408;m3-207;[INFO: RPL       ] ext hdr: packet from fd00::b379 to fd00::a379 going up, sender closer 0 (256 < 128), rank error 0, loop detected 0
1789972309.719205;m3-209;[INFO: RPL       ] packet sent to 0200.0000.0000.a379, status 0, tx 1, new link metric 128
1789972309.726263;m3-207;[INFO: App       ] Received request 'hello 43' from fd00::b379
1789972309.726298;m3-207;[INFO: App       ] Sending response.
1789972309.726320;m3-207;[INFO: RPL       ] SRH creating source routing header with destination fd00::b379 
1789972309.726340;m3-207;[INFO: RPL       ] SRH path len: 0, ComprI 15, ComprE 15, ext len 8 (padding 0)
1789972309.767116;m3-209;[INFO: App       ] Received response 'hello 43' from fd00::a379
1789972309.774171;m3-207;[INFO: RPL       ] packet sent to 0200.0000.0000.b379, status 0, tx 1, new link metric 128
1789972310.505896;m3-220;[INFO: App       ] Sending request 44 to fd00::a379
1789972310.505948;m3-220;[INFO: RPL       ] creating hop-by-hop option
1789972310.558283;m3-207;[INFO: RPL       ] ext hdr: packet from fd00::2160 to fd00::a379 going up, sender closer 0 (256 < 128), rank error 0, loop detected 0
1789972310.569735;m3-220;[INFO: RPL       ] packet sent to 0200.0000.0000.a379, status 0, tx 1, new link metric 128
1789972310.574147;m3-207;[INFO: RPL       ] ext hdr: packet from fd00::2160 to fd00::a379 going up, sender closer 0 (256 < 128), rank error 0, loop detected 0
1789972310.574185;m3-207;[INFO: App       ] Received request 'hello 44' from fd00::2160
1789972310.574209;m3-207;[INFO: App       ] Sending response.
1789972310.574229;m3-207;[INFO: RPL       ] SRH creating source routing header with destination fd00::2160 
1789972310.574250;m3-207;[INFO: RPL       ] SRH path len: 0, ComprI 15, ComprE 15, ext len 8 (padding 0)
1789972310.574269;m3-207;[INFO: RPL       ] packet sent to 0200.0000.0000.2160, status 0, tx 1, new link metric 128
1789972310.585660;m3-220;[INFO: App       ] Received response 'hello 44' from fd00::a379
1789972310.591512;m3-218;[INFO: App       ] Sending request 43 to fd00::a379
1789972310.607356;m3-218;[INFO: RPL       ] creating hop-by-hop option
1789972310.638140;m3-207;[INFO: RPL       ] ext hdr: packet from fd00::b582 to fd00::a379 going up, sender closer 0 (265 < 128), rank error 0, loop detected 0
1789972310.639229;m3-218;[INFO: RPL       ] packet sent to 0200.0000.0000.a379, status 0, tx 1, new link metric 136
1789972310.654082;m3-207;[INFO: RPL       ] ext hdr: packet from fd00::b582 to fd00::a379 going up, sender closer 0 (265 < 128), rank error 0, loop detected 0
1789972310.654118;m3-207;[INFO: App       ] Received request 'hello 43' from fd00::b582
1789972310.654141;m3-207;[INFO: App       ] Sending response.
1789972310.654160;m3-207;[INFO: RPL       ] SRH creating source routing header with destination fd00::b582 
1789972310.654180;m3-207;[INFO: RPL       ] SRH path len: 0, ComprI 15, ComprE 15, ext len 8 (padding 0)
1789972310.670003;m3-207;[INFO: RPL       ] packet sent to 0200.0000.0000.b582, status 0, tx 1, new link metric 128
1789972310.671084;m3-218;[INFO: App       ] Received response 'hello 43' from fd00::a379
1789972311.146421;m3-208;[INFO: App       ] Sending request 44 to fd00::a379
1789972311.146474;m3-208;[INFO: RPL       ] creating hop-by-hop option
1789972311.165375;m3-208;[INFO: RPL       ] packet sent to 0200.0000.0000.a379, status 0, tx 1, new link metric 137
1789972311.166100;m3-207;[INFO: RPL       ] ext hdr: packet from fd00::9076 to fd00::a379 going up, sender closer 0 (266 < 128), rank error 0, loop detected 0
1789972311.166136;m3-207;[INFO: RPL       ] ext hdr: packet from fd00::9076 to fd00::a379 going up, sender closer 0 (266 < 128), rank error 0, loop detected 0
1789972311.166161;m3-207;[INFO: App       ] Received request 'hello 44' from fd00::9076
1789972311.166183;m3-207;[INFO: App       ] Sending response.
1789972311.166202;m3-207;[INFO: RPL       ] SRH creating source routing header with destination fd00::9076 
1789972311.181990;m3-207;[INFO: RPL       ] SRH path len: 0, ComprI 15, ComprE 15, ext len 8 (padding 0)
1789972311.198040;m3-207;[INFO: RPL       ] packet sent to 0200.0000.0000.9076, status 0, tx 1, new link metric 128
1789972311.210236;m3-208;[INFO: App       ] Received response 'hello 44' from fd00::a379
1789972312.277249;m3-216;[INFO: RPL       ] sending a multicast-DIO with rank 256 to ff02::1a
1789972312.309092;m3-217;[INFO: RPL       ] received a multicast-DIO from fe80::b369, instance_id 0, DAG ID fd00::a379, version 240, dtsn 240, rank 256
1789972312.311085;m3-209;[INFO: RPL       ] received a multicast-DIO from fe80::b369, instance_id 0, DAG ID fd00::a379, version 240, dtsn 240, rank 256
1789972312.311281;m3-215;[INFO: RPL       ] received a multicast-DIO from fe80::b369, instance_id 0, DAG ID fd00::a379, version 240, dtsn 240, rank 256
1789972312.313608;m3-220;[INFO: RPL       ] received a multicast-DIO from fe80::b369, instance_id 0, DAG ID fd00::a379, version 240, dtsn 240, rank 256
1789972312.313844;m3-221;[INFO: RPL       ] received a multicast-DIO from fe80::b369, instance_id 0, DAG ID fd00::a379, version 240, dtsn 240, rank 256
1789972312.314120;m3-208;[INFO: RPL       ] received a multicast-DIO from fe80::b369, instance_id 0, DAG ID fd00::a379, version 240, dtsn 240, rank 256
1789972312.316091;m3-214;[INFO: RPL       ] received a multicast-DIO from fe80::b369, instance_id 0, DAG ID fd00::a379, version 240, dtsn 240, rank 256
1789972312.316586;m3-213;[INFO: RPL       ] received a multicast-DIO from fe80::b369, instance_id 0, DAG ID fd00::a379, version 240, dtsn 240, rank 256
1789972312.318070;m3-207;[INFO: RPL       ] received a multicast-DIO from fe80::b369, instance_id 0, DAG ID fd00::a379, version 240, dtsn 240, rank 256
1789972312.319108;m3-218;[INFO: RPL       ] received a multicast-DIO from fe80::b369, instance_id 0, DAG ID fd00::a379, version 240, dtsn 240, rank 256
1789972312.319448;m3-212;[INFO: RPL       ] received a multicast-DIO from fe80::b369, instance_id 0, DAG ID fd00::a379, version 240, dtsn 240, rank 256
1789972312.320189;m3-219;[INFO: RPL       ] received a multicast-DIO from fe80::b369, instance_id 0, DAG ID fd00::a379, version 240, dtsn 240, rank 256
1789972312.321500;m3-211;[INFO: RPL       ] received a multicast-DIO from fe80::b369, instance_id 0, DAG ID fd00::a379, version 240, dtsn 240, rank 256
1789972312.323422;m3-210;[INFO: RPL       ] received a multicast-DIO from fe80::b369, instance_id 0, DAG ID fd00::a379, version 240, dtsn 240, rank 256
1789972312.652023;m3-214;[INFO: App       ] Sending request 43 to fd00::a379
1789972312.652074;m3-214;[INFO: RPL       ] creating hop-by-hop option
1789972312.681604;m3-221;[INFO: RPL       ] sending a multicast-DIO with rank 256 to ff02::1a
1789972312.683221;m3-207;[INFO: RPL       ] ext hdr: packet from fd00::9567 to fd00::a379 going up, sender closer 0 (256 < 128), rank error 0, loop detected 0
1789972312.683260;m3-207;[INFO: RPL       ] ext hdr: packet from fd00::9567 to fd00::a379 going up, sender closer 0 (256 < 128), rank error 0, loop detected 0
1789972312.683286;m3-207;[INFO: App       ] Received request 'hello 43' from fd00::9567
1789972312.683307;m3-207;[INFO: App       ] Sending response.
1789972312.683326;m3-207;[INFO: RPL       ] SRH creating source routing header with destination fd00::9567 
1789972312.683345;m3-207;[INFO: RPL       ] SRH path len: 0, ComprI 15, ComprE 15, ext len 8 (padding 0)
1789972312.683783;m3-214;[INFO: RPL       ] packet sent to 0200.0000.0000.a379, status 0, tx 1, new link metric 128
1789972312.683814;m3-214;[INFO: RPL       ] received a multicast-DIO from fe80::9981, instance_id 0, DAG ID fd00::a379, version 240, dtsn 240, rank 256
1789972312.684468;m3-213;[INFO: RPL       ] received a multicast-DIO from fe80::9981, instance_id 0, DAG ID fd00::a379, version 240, dtsn 240, rank 256
1789972312.687107;m3-218;[INFO: RPL       ] received a multicast-DIO from fe80::9981, instance_id 0, DAG ID fd00::a379, version 240, dtsn 240, rank 256
1789972312.687310;m3-212;[INFO: RPL       ] received a multicast-DIO from fe80::9981, instance_id 0, DAG ID fd00::a379, version 240, dtsn 240, rank 256
1789972312.688095;m3-219;[INFO: RPL       ] received a multicast-DIO from fe80::9981, instance_id 0, DAG ID fd00::a379, version 240, dtsn 240, rank 256
1789972312.689595;m3-211;[INFO: RPL       ] received a multicast-DIO from fe80::9981, instance_id 0, DAG ID fd00::a379, version 240, dtsn 240, rank 256
1789972312.691385;m3-210;[INFO: RPL       ] received a multicast-DIO from fe80::9981, instance_id 0, DAG ID fd00::a379, version 240, dtsn 240, rank 256
1789972312.693032;m3-217;[INFO: RPL       ] received a multicast-DIO from fe80::9981, instance_id 0, DAG ID fd00::a379, version 240, dtsn 240, rank 256
1789972312.693069;m3-216;[INFO: RPL       ] received a multicast-DIO from fe80::9981, instance_id 0, DAG ID fd00::a379, version 240, dtsn 240, rank 256
1789972312.695004;m3-209;[INFO: RPL       ] received a multicast-DIO from fe80::9981, instance_id 0, DAG ID fd00::a379, version 240, dtsn 240, rank 256
1789972312.695220;m3-215;[INFO: RPL       ] received a multicast-DIO from fe80::9981, instance_id 0, DAG ID fd00::a379, version 240, dtsn 240, rank 256
1789972312.697372;m3-220;[INFO: RPL       ] received a multicast-DIO from fe80::9981, instance_id 0, DAG ID fd00::a379, version 240, dtsn 240, rank 256
1789972312.698025;m3-208;[INFO: RPL       ] received a multicast-DIO from fe80::9981, instance_id 0, DAG ID fd00::a379, version 240, dtsn 240, rank 256
1789972312.698683;m3-207;[INFO: RPL       ] received a multicast-DIO from fe80::9981, instance_id 0, DAG ID fd00::a379, version 240, dtsn 240, rank 256
1789972312.746797;m3-207;[INFO: RPL       ] packet sent to 0200.0000.0000.9567, status 0, tx 1, new link metric 128
1789972312.747706;m3-214;[INFO: App       ] Received response 'hello 43' from fd00::a379
1789972314.926919;m3-212;[INFO: App       ] Sending request 43 to fd00::a379
1789972314.926979;m3-212;[INFO: RPL       ] creating hop-by-hop option
1789972314.954882;m3-207;[INFO: RPL       ] ext hdr: packet from fd00::b280 to fd00::a379 going up, sender closer 0 (256 < 128), rank error 0, loop detected 0
1789972314.954923;m3-207;[INFO: RPL       ] ext hdr: packet from fd00::b280 to fd00::a379 going up, sender closer 0 (256 < 128), rank error 0, loop detected 0
1789972314.954949;m3-207;[INFO: App       ] Received request 'hello 43' from fd00::b280
1789972314.954969;m3-207;[INFO: App       ] Sending response.
1789972314.954988;m3-207;[INFO: RPL       ] SRH creating source routing header with destination fd00::b280 
1789972314.958884;m3-212;[INFO: RPL       ] packet sent to 0200.0000.0000.a379, status 0, tx 1, new link metric 128
1789972314.970642;m3-207;[INFO: RPL       ] SRH path len: 0, ComprI 15, ComprE 15, ext len 8 (padding 0)
1789972315.002742;m3-207;[INFO: RPL       ] packet sent to 0200.0000.0000.b280, status 0, tx 1, new link metric 128
1789972315.006862;m3-212;[INFO: App       ] Received response 'hello 43' from fd00::a379
1789972315.169413;m3-219;[INFO: App       ] Sending request 44 to fd00::a379
1789972315.169454;m3-219;[INFO: RPL       ] creating hop-by-hop option
1789972315.210697;m3-207;[INFO: RPL       ] ext hdr: packet from fd00::b481 to fd00::a379 going up, sender closer 0 (256 < 128), rank error 0, loop detected 0
1789972315.215710;m3-219;[INFO: RPL       ] packet sent to 0200.0000.0000.a379, status 0, tx 1, new link metric 128
1789972315.226682;m3-207;[INFO: RPL       ] ext hdr: packet from fd00::b481 to fd00::a379 going up, sender closer 0 (256 < 128), rank error 0, loop detected 0
1789972315.226718;m3-207;[INFO: App       ] Received request 'hello 44' from fd00::b481
1789972315.226741;m3-207;[INFO: App       ] Sending response.
1789972315.226760;m3-207;[INFO: RPL       ] SRH creating source routing header with destination fd00::b481 
1789972315.226780;m3-207;[INFO: RPL       ] SRH path len: 0, ComprI 15, ComprE 15, ext len 8 (padding 0)
1789972315.247658;m3-219;[INFO: App       ] Received response 'hello 44' from fd00::a379
1789972315.258579;m3-207;[INFO: RPL       ] packet sent to 0200.0000.0000.b481, status 0, tx 1, new link metric 128
